snapshot,Price (EUR/MWhe)
2023-01-01 00:00:00,33.3834153769994
2023-01-01 01:00:00,32.4838191987283
2023-01-01 02:00:00,32.4170340343493
2023-01-01 03:00:00,32.412987183501
2023-01-01 04:00:00,32.571990736431
2023-01-01 05:00:00,32.5725871353258
2023-01-01 06:00:00,33.3833669661444
2023-01-01 07:00:00,31.4420431650694
2023-01-01 08:00:00,30.8426737255191
2023-01-01 09:00:00,27.7789219384151
2023-01-01 10:00:00,27.7811290914207
2023-01-01 11:00:00,27.7811343401038
2023-01-01 12:00:00,27.7811467533079
2023-01-01 13:00:00,27.7815594383965
2023-01-01 14:00:00,30.2343205420195
2023-01-01 15:00:00,33.4133873819321
2023-01-01 16:00:00,50.2120861833363
2023-01-01 17:00:00,53.7117508176005
2023-01-01 18:00:00,52.431805868015
2023-01-01 19:00:00,56.489959105416
2023-01-01 20:00:00,56.4900013569034
2023-01-01 21:00:00,57.0987927384003
2023-01-01 22:00:00,57.1007440357908
2023-01-01 23:00:00,57.1007310118832
2023-01-02 00:00:00,57.0987298687542
2023-01-02 01:00:00,57.0979770376087
2023-01-02 02:00:00,57.090676588568
2023-01-02 03:00:00,53.7756596634391
2023-01-02 04:00:00,53.7118848526761
2023-01-02 05:00:00,54.1504400839117
2023-01-02 06:00:00,59.4200970463554
2023-01-02 07:00:00,59.3372820456924
2023-01-02 08:00:00,50.6164289316623
2023-01-02 09:00:00,50.6158695717319
2023-01-02 10:00:00,50.6158713484158
2023-01-02 11:00:00,50.6158719852792
2023-01-02 12:00:00,50.6158739331246
2023-01-02 13:00:00,50.6158844500787
2023-01-02 14:00:00,52.7004535698019
2023-01-02 15:00:00,62.3607532972864
2023-01-02 16:00:00,64.6131299974011
2023-01-02 17:00:00,64.6131527623392
2023-01-02 18:00:00,64.6131505293413
2023-01-02 19:00:00,64.6131416052172
2023-01-02 20:00:00,64.6131194753886
2023-01-02 21:00:00,64.613063206564
2023-01-02 22:00:00,64.3049317930337
2023-01-02 23:00:00,62.360751538677
2023-01-03 00:00:00,60.1092670958645
2023-01-03 01:00:00,60.0624562653578
2023-01-03 02:00:00,60.0622954467095
2023-01-03 03:00:00,60.0622686836948
2023-01-03 04:00:00,60.0622623961076
2023-01-03 05:00:00,60.0622907318096
2023-01-03 06:00:00,60.2240841831172
2023-01-03 07:00:00,41.2753368527959
2023-01-03 08:00:00,41.2706692734015
2023-01-03 09:00:00,33.413161141252
2023-01-03 10:00:00,33.4131598760111
2023-01-03 11:00:00,33.4131592424788
2023-01-03 12:00:00,33.4131605049396
2023-01-03 13:00:00,33.4131642064378
2023-01-03 14:00:00,33.4131731895994
2023-01-03 15:00:00,33.4141478440805
2023-01-03 16:00:00,43.2598350780175
2023-01-03 17:00:00,43.2598338761846
2023-01-03 18:00:00,43.2598220478958
2023-01-03 19:00:00,43.2598211283756
2023-01-03 20:00:00,43.2598114130853
2023-01-03 21:00:00,40.5218082372787
2023-01-03 22:00:00,40.5217664904908
2023-01-03 23:00:00,38.8816290888745
2023-01-04 00:00:00,37.7620941811913
2023-01-04 01:00:00,35.0210243058997
2023-01-04 02:00:00,35.0206194800939
2023-01-04 03:00:00,35.0206149792856
2023-01-04 04:00:00,35.0206124719496
2023-01-04 05:00:00,35.0206115669319
2023-01-04 06:00:00,35.020613579162
2023-01-04 07:00:00,32.2266789488004
2023-01-04 08:00:00,30.8440348054863
2023-01-04 09:00:00,22.8165406915257
2023-01-04 10:00:00,22.8163702375189
2023-01-04 11:00:00,22.8163680380774
2023-01-04 12:00:00,22.8163674231985
2023-01-04 13:00:00,22.8163728064422
2023-01-04 14:00:00,22.8163602576244
2023-01-04 15:00:00,30.8429608902711
2023-01-04 16:00:00,32.2266485661858
2023-01-04 17:00:00,32.226658050288
2023-01-04 18:00:00,32.2266493402953
2023-01-04 19:00:00,32.2266440693636
2023-01-04 20:00:00,32.22664189931
2023-01-04 21:00:00,32.2266447884305
2023-01-04 22:00:00,32.2266464034502
2023-01-04 23:00:00,32.2266438424355
2023-01-05 00:00:00,32.2266457450415
2023-01-05 01:00:00,32.2266496696031
2023-01-05 02:00:00,32.2266865557798
2023-01-05 03:00:00,32.2273709266047
2023-01-05 04:00:00,32.581395344258
2023-01-05 05:00:00,33.4131669672237
2023-01-05 06:00:00,33.4131911016124
2023-01-05 07:00:00,33.4132022145559
2023-01-05 08:00:00,32.2266549959768
2023-01-05 09:00:00,32.2266495684709
2023-01-05 10:00:00,32.226653496822
2023-01-05 11:00:00,32.2266535486422
2023-01-05 12:00:00,32.2266543267857
2023-01-05 13:00:00,32.226658381672
2023-01-05 14:00:00,33.6688365868047
2023-01-05 15:00:00,40.8458934018973
2023-01-05 16:00:00,50.4515091240411
2023-01-05 17:00:00,50.4515391309966
2023-01-05 18:00:00,50.4515378283232
2023-01-05 19:00:00,50.4515341888569
2023-01-05 20:00:00,50.4515290896333
2023-01-05 21:00:00,50.4515405825861
2023-01-05 22:00:00,50.4515404308214
2023-01-05 23:00:00,47.4422668823896
2023-01-06 00:00:00,42.9787887919214
2023-01-06 01:00:00,42.5560971735224
2023-01-06 02:00:00,40.8459067958989
2023-01-06 03:00:00,40.8459035178776
2023-01-06 04:00:00,40.8459028948319
2023-01-06 05:00:00,40.8459035998929
2023-01-06 06:00:00,40.8459070614473
2023-01-06 07:00:00,32.2266969947633
2023-01-06 08:00:00,32.2265562801883
2023-01-06 09:00:00,31.9789236500355
2023-01-06 10:00:00,31.9791070215469
2023-01-06 11:00:00,32.224930468044
2023-01-06 12:00:00,32.224954322808
2023-01-06 13:00:00,32.22498456969
2023-01-06 14:00:00,32.2266387928255
2023-01-06 15:00:00,32.9194046876472
2023-01-06 16:00:00,42.5060353800716
2023-01-06 17:00:00,42.9778388580631
2023-01-06 18:00:00,42.8255978468487
2023-01-06 19:00:00,42.6704857825642
2023-01-06 20:00:00,42.6703772742926
2023-01-06 21:00:00,42.6705418174169
2023-01-06 22:00:00,42.5236576423957
2023-01-06 23:00:00,39.8508460635551
2023-01-07 00:00:00,38.5633435321747
2023-01-07 01:00:00,37.2467776701949
2023-01-07 02:00:00,36.3880913306587
2023-01-07 03:00:00,36.388122256591
2023-01-07 04:00:00,38.4998639556775
2023-01-07 05:00:00,42.8262005972386
2023-01-07 06:00:00,42.9787543939833
2023-01-07 07:00:00,38.1061947559708
2023-01-07 08:00:00,33.4132085265639
2023-01-07 09:00:00,32.2265393214666
2023-01-07 10:00:00,32.2266265567382
2023-01-07 11:00:00,32.2258218503961
2023-01-07 12:00:00,32.224533557068
2023-01-07 13:00:00,32.2257819626
2023-01-07 14:00:00,32.2266428779876
2023-01-07 15:00:00,32.2268382300362
2023-01-07 16:00:00,39.7062520962726
2023-01-07 17:00:00,36.4934321934781
2023-01-07 18:00:00,32.9168517321961
2023-01-07 19:00:00,32.2286971782953
2023-01-07 20:00:00,32.2286624813256
2023-01-07 21:00:00,32.9166109536062
2023-01-07 22:00:00,33.0644751918756
2023-01-07 23:00:00,32.7243483236539
2023-01-08 00:00:00,32.7273949293005
2023-01-08 01:00:00,32.4689444145354
2023-01-08 02:00:00,32.2286933258293
2023-01-08 03:00:00,32.228633225528
2023-01-08 04:00:00,32.2286406850086
2023-01-08 05:00:00,34.5869056805198
2023-01-08 06:00:00,39.8126566349039
2023-01-08 07:00:00,38.5705783898124
2023-01-08 08:00:00,32.3619106315197
2023-01-08 09:00:00,32.2284022543972
2023-01-08 10:00:00,32.2284066710523
2023-01-08 11:00:00,32.2284089672602
2023-01-08 12:00:00,32.2284129591096
2023-01-08 13:00:00,32.2284244279766
2023-01-08 14:00:00,32.2287396474066
2023-01-08 15:00:00,33.4146927855243
2023-01-08 16:00:00,42.6538164174727
2023-01-08 17:00:00,42.6538266403344
2023-01-08 18:00:00,42.6538250542417
2023-01-08 19:00:00,42.14176940314
2023-01-08 20:00:00,36.8822276263379
2023-01-08 21:00:00,38.9076635966096
2023-01-08 22:00:00,40.0386269180296
2023-01-08 23:00:00,34.7695866614983
2023-01-09 00:00:00,34.7037660666666
2023-01-09 01:00:00,34.5297700333503
2023-01-09 02:00:00,34.5297579109447
2023-01-09 03:00:00,34.5297555442593
2023-01-09 04:00:00,34.5297551756321
2023-01-09 05:00:00,34.529759539224
2023-01-09 06:00:00,34.5298040495954
2023-01-09 07:00:00,38.1048455447606
2023-01-09 08:00:00,33.4149102873304
2023-01-09 09:00:00,32.2267249466493
2023-01-09 10:00:00,32.2267405796073
2023-01-09 11:00:00,32.2267386180355
2023-01-09 12:00:00,32.2267343867256
2023-01-09 13:00:00,32.2267298785323
2023-01-09 14:00:00,32.2267369778921
2023-01-09 15:00:00,32.2268078799733
2023-01-09 16:00:00,48.4506780749969
2023-01-09 17:00:00,49.0801375223972
2023-01-09 18:00:00,48.8602966979737
2023-01-09 19:00:00,48.4782316218509
2023-01-09 20:00:00,47.233533032182
2023-01-09 21:00:00,47.7291056448655
2023-01-09 22:00:00,49.0801857002859
2023-01-09 23:00:00,49.0800554380892
2023-01-10 00:00:00,48.8456128311899
2023-01-10 01:00:00,47.1470373623264
2023-01-10 02:00:00,47.1418450310315
2023-01-10 03:00:00,47.1394941372756
2023-01-10 04:00:00,47.1394373592201
2023-01-10 05:00:00,47.1473154503271
2023-01-10 06:00:00,49.0801456631577
2023-01-10 07:00:00,38.4387615539301
2023-01-10 08:00:00,33.4141210245775
2023-01-10 09:00:00,31.1091427901195
2023-01-10 10:00:00,31.1089156380407
2023-01-10 11:00:00,31.1088791082933
2023-01-10 12:00:00,31.1067386692484
2023-01-10 13:00:00,31.1067038361616
2023-01-10 14:00:00,31.1068016768692
2023-01-10 15:00:00,32.2266838588485
2023-01-10 16:00:00,38.4146390799313
2023-01-10 17:00:00,32.5953508747273
2023-01-10 18:00:00,32.2283896209612
2023-01-10 19:00:00,32.2283747831885
2023-01-10 20:00:00,32.228322422711
2023-01-10 21:00:00,32.2283785918264
2023-01-10 22:00:00,32.2266694763358
2023-01-10 23:00:00,32.2266349960152
2023-01-11 00:00:00,32.2266342806509
2023-01-11 01:00:00,32.2266338859367
2023-01-11 02:00:00,32.2266336488341
2023-01-11 03:00:00,32.22663352206
2023-01-11 04:00:00,32.226638859615
2023-01-11 05:00:00,32.2266679490261
2023-01-11 06:00:00,32.228379567916
2023-01-11 07:00:00,32.2283745087554
2023-01-11 08:00:00,31.0899161273609
2023-01-11 09:00:00,30.5877670470536
2023-01-11 10:00:00,30.842819457972
2023-01-11 11:00:00,30.8427581309354
2023-01-11 12:00:00,29.048208004934
2023-01-11 13:00:00,29.0481616127713
2023-01-11 14:00:00,30.8429875896911
2023-01-11 15:00:00,31.9577969880779
2023-01-11 16:00:00,32.2284256429079
2023-01-11 17:00:00,32.2283938441276
2023-01-11 18:00:00,32.2283133961216
2023-01-11 19:00:00,32.2266639509432
2023-01-11 20:00:00,32.2266413457504
2023-01-11 21:00:00,32.2266450489252
2023-01-11 22:00:00,32.2266345677224
2023-01-11 23:00:00,32.2266292965781
2023-01-12 00:00:00,32.2266253631148
2023-01-12 01:00:00,32.2266304360662
2023-01-12 02:00:00,32.2266245383173
2023-01-12 03:00:00,32.2266167511707
2023-01-12 04:00:00,32.2266307350809
2023-01-12 05:00:00,32.2266336743768
2023-01-12 06:00:00,32.2266348907527
2023-01-12 07:00:00,32.2266229071243
2023-01-12 08:00:00,26.6845641846917
2023-01-12 09:00:00,24.5311786888978
2023-01-12 10:00:00,25.1468797202036
2023-01-12 11:00:00,25.3508203064449
2023-01-12 12:00:00,25.351177502618
2023-01-12 13:00:00,25.3511738016007
2023-01-12 14:00:00,24.3122847249622
2023-01-12 15:00:00,30.842873734401
2023-01-12 16:00:00,32.2267406962001
2023-01-12 17:00:00,32.2283938398696
2023-01-12 18:00:00,32.2283875447686
2023-01-12 19:00:00,32.2283458913936
2023-01-12 20:00:00,32.2266381896118
2023-01-12 21:00:00,32.2266091109923
2023-01-12 22:00:00,29.3126169265151
2023-01-12 23:00:00,29.3126176151794
2023-01-13 00:00:00,29.1885480830612
2023-01-13 01:00:00,29.1890414275343
2023-01-13 02:00:00,29.0525332936787
2023-01-13 03:00:00,29.9850393042118
2023-01-13 04:00:00,30.9144180397177
2023-01-13 05:00:00,30.9153926715523
2023-01-13 06:00:00,31.4361186207337
2023-01-13 07:00:00,29.3217991883157
2023-01-13 08:00:00,26.6844082827738
2023-01-13 09:00:00,23.3254613845055
2023-01-13 10:00:00,23.325361366904
2023-01-13 11:00:00,23.3250631166012
2023-01-13 12:00:00,23.3249451925699
2023-01-13 13:00:00,23.3249356849822
2023-01-13 14:00:00,23.324951488436
2023-01-13 15:00:00,28.8038904321432
2023-01-13 16:00:00,32.2267173785791
2023-01-13 17:00:00,32.2283827391441
2023-01-13 18:00:00,33.4131896608804
2023-01-13 19:00:00,33.4132061407995
2023-01-13 20:00:00,33.4132003459992
2023-01-13 21:00:00,33.4133395403306
2023-01-13 22:00:00,33.4132317335989
2023-01-13 23:00:00,34.5363813392468
2023-01-14 00:00:00,34.6618808413627
2023-01-14 01:00:00,34.6619656568421
2023-01-14 02:00:00,33.3834505250033
2023-01-14 03:00:00,33.3833640042527
2023-01-14 04:00:00,32.6515198603069
2023-01-14 05:00:00,33.1313536407323
2023-01-14 06:00:00,33.3380091985289
2023-01-14 07:00:00,32.3646015365878
2023-01-14 08:00:00,30.6745639918018
2023-01-14 09:00:00,26.7188284085658
2023-01-14 10:00:00,26.684438583239
2023-01-14 11:00:00,25.7285940107369
2023-01-14 12:00:00,25.7285822269343
2023-01-14 13:00:00,25.7285750439168
2023-01-14 14:00:00,25.7285374526986
2023-01-14 15:00:00,29.6108729183293
2023-01-14 16:00:00,30.9702519836163
2023-01-14 17:00:00,30.9702147290028
2023-01-14 18:00:00,30.9929284511433
2023-01-14 19:00:00,29.8545292286606
2023-01-14 20:00:00,29.8543625187412
2023-01-14 21:00:00,29.8543296620179
2023-01-14 22:00:00,30.6270903473138
2023-01-14 23:00:00,30.6271379165287
2023-01-15 00:00:00,31.3633660665057
2023-01-15 01:00:00,32.2266279189817
2023-01-15 02:00:00,32.2266389396349
2023-01-15 03:00:00,32.2266434485009
2023-01-15 04:00:00,32.2266417059164
2023-01-15 05:00:00,32.2283771098235
2023-01-15 06:00:00,32.2268685422594
2023-01-15 07:00:00,32.227089488191
2023-01-15 08:00:00,31.1634588895182
2023-01-15 09:00:00,29.2249591601991
2023-01-15 10:00:00,30.8423256466009
2023-01-15 11:00:00,27.8310458148883
2023-01-15 12:00:00,26.6848680278661
2023-01-15 13:00:00,29.2198852323553
2023-01-15 14:00:00,30.8425743161538
2023-01-15 15:00:00,30.8436537575322
2023-01-15 16:00:00,47.7705435533222
2023-01-15 17:00:00,59.000435985624
2023-01-15 18:00:00,59.0004054352783
2023-01-15 19:00:00,59.0003969456825
2023-01-15 20:00:00,59.0003940610838
2023-01-15 21:00:00,59.000410308448
2023-01-15 22:00:00,59.0001914829197
2023-01-15 23:00:00,48.4506371782501
2023-01-16 00:00:00,47.7706828661135
2023-01-16 01:00:00,47.7706869374324
2023-01-16 02:00:00,47.770740677086
2023-01-16 03:00:00,47.7705648086533
2023-01-16 04:00:00,47.7707499958642
2023-01-16 05:00:00,48.4506593938176
2023-01-16 06:00:00,49.5109434276824
2023-01-16 07:00:00,50.1155321300594
2023-01-16 08:00:00,47.1277987141846
2023-01-16 09:00:00,44.6599592962675
2023-01-16 10:00:00,44.7565778229609
2023-01-16 11:00:00,44.756585795452
2023-01-16 12:00:00,44.756588368857
2023-01-16 13:00:00,44.7565965608611
2023-01-16 14:00:00,44.7572137440321
2023-01-16 15:00:00,50.6228383530198
2023-01-16 16:00:00,58.8914299831851
2023-01-16 17:00:00,67.1643782291852
2023-01-16 18:00:00,67.4971690112678
2023-01-16 19:00:00,69.1318675665622
2023-01-16 20:00:00,67.7543902769026
2023-01-16 21:00:00,67.2727313018411
2023-01-16 22:00:00,67.1643918535748
2023-01-16 23:00:00,63.8742398995217
2023-01-17 00:00:00,62.3608010304249
2023-01-17 01:00:00,62.3607677332991
2023-01-17 02:00:00,62.3607470221994
2023-01-17 03:00:00,62.3600912111012
2023-01-17 04:00:00,62.3607778501981
2023-01-17 05:00:00,65.7672953427513
2023-01-17 06:00:00,67.178056145754
2023-01-17 07:00:00,65.1708458542289
2023-01-17 08:00:00,62.8348624641417
2023-01-17 09:00:00,58.8914270798786
2023-01-17 10:00:00,58.8914239965549
2023-01-17 11:00:00,58.8914229632559
2023-01-17 12:00:00,58.891422446872
2023-01-17 13:00:00,58.8914215102841
2023-01-17 14:00:00,58.8914488261548
2023-01-17 15:00:00,60.4920349828769
2023-01-17 16:00:00,63.1937714332091
2023-01-17 17:00:00,66.1887550207587
2023-01-17 18:00:00,66.1883669056432
2023-01-17 19:00:00,66.1870796279718
2023-01-17 20:00:00,66.147541574322
2023-01-17 21:00:00,63.2490069994033
2023-01-17 22:00:00,62.3607914805181
2023-01-17 23:00:00,62.3607625460109
2023-01-18 00:00:00,62.3605039670186
2023-01-18 01:00:00,60.4921732433873
2023-01-18 02:00:00,60.492091429761
2023-01-18 03:00:00,60.4920714863239
2023-01-18 04:00:00,64.6130177782927
2023-01-18 05:00:00,65.9994806309052
2023-01-18 06:00:00,67.4971606171203
2023-01-18 07:00:00,65.1823595998573
2023-01-18 08:00:00,60.8379304583442
2023-01-18 09:00:00,52.8770471652495
2023-01-18 10:00:00,52.8770359478392
2023-01-18 11:00:00,52.8770363871353
2023-01-18 12:00:00,52.8770370352819
2023-01-18 13:00:00,52.8770399104794
2023-01-18 14:00:00,52.8770513449152
2023-01-18 15:00:00,53.7754325985775
2023-01-18 16:00:00,62.3608273566675
2023-01-18 17:00:00,64.2698474341594
2023-01-18 18:00:00,64.6131314010474
2023-01-18 19:00:00,63.7009028311153
2023-01-18 20:00:00,62.5149024317565
2023-01-18 21:00:00,62.514900835867
2023-01-18 22:00:00,62.5149316809602
2023-01-18 23:00:00,62.5149177165274
2023-01-19 00:00:00,62.5149211177558
2023-01-19 01:00:00,62.5149233308903
2023-01-19 02:00:00,62.5149189128852
2023-01-19 03:00:00,62.5149168627022
2023-01-19 04:00:00,64.6133472213645
2023-01-19 05:00:00,70.5105823017366
2023-01-19 06:00:00,72.0231934739028
2023-01-19 07:00:00,69.826291206364
2023-01-19 08:00:00,62.5149411139777
2023-01-19 09:00:00,60.5091251898967
2023-01-19 10:00:00,60.5091231828993
2023-01-19 11:00:00,60.5091263093582
2023-01-19 12:00:00,60.5091274225447
2023-01-19 13:00:00,60.5091312104933
2023-01-19 14:00:00,61.4340956616164
2023-01-19 15:00:00,72.4866387922787
2023-01-19 16:00:00,74.5045121219535
2023-01-19 17:00:00,75.6298086502606
2023-01-19 18:00:00,77.2514752802344
2023-01-19 19:00:00,74.399293395263
2023-01-19 20:00:00,74.3988624898512
2023-01-19 21:00:00,74.3988717474865
2023-01-19 22:00:00,74.3988875838842
2023-01-19 23:00:00,74.3988836522123
2023-01-20 00:00:00,74.3988900799854
2023-01-20 01:00:00,74.3988871793205
2023-01-20 02:00:00,74.3988790986162
2023-01-20 03:00:00,74.3988738708002
2023-01-20 04:00:00,90.3398974939318
2023-01-20 05:00:00,94.6285735980743
2023-01-20 06:00:00,95.6494503918946
2023-01-20 07:00:00,90.7384703899278
2023-01-20 08:00:00,77.6022664613134
2023-01-20 09:00:00,77.4562584853433
2023-01-20 10:00:00,77.4562377618404
2023-01-20 11:00:00,77.4562371089733
2023-01-20 12:00:00,77.4562378624642
2023-01-20 13:00:00,77.4562418409674
2023-01-20 14:00:00,79.0989359384762
2023-01-20 15:00:00,89.7656940168064
2023-01-20 16:00:00,101.66356249063
2023-01-20 17:00:00,103.962859191993
2023-01-20 18:00:00,103.965498205435
2023-01-20 19:00:00,103.965019287613
2023-01-20 20:00:00,92.6612679721077
2023-01-20 21:00:00,92.2792346239031
2023-01-20 22:00:00,92.2791964190275
2023-01-20 23:00:00,85.4279110497483
2023-01-21 00:00:00,84.1924040321978
2023-01-21 01:00:00,84.1922760017349
2023-01-21 02:00:00,84.1922660923757
2023-01-21 03:00:00,84.1922649591322
2023-01-21 04:00:00,96.4538350379349
2023-01-21 05:00:00,103.962839677725
2023-01-21 06:00:00,103.965577712954
2023-01-21 07:00:00,96.2772144393415
2023-01-21 08:00:00,80.7003717789919
2023-01-21 09:00:00,77.9647018472992
2023-01-21 10:00:00,77.9646967122927
2023-01-21 11:00:00,77.9646963959256
2023-01-21 12:00:00,77.9646971789712
2023-01-21 13:00:00,77.9646995834415
2023-01-21 14:00:00,77.9647753235887
2023-01-21 15:00:00,79.6386253787501
2023-01-21 16:00:00,89.8386549196585
2023-01-21 17:00:00,93.2805419038902
2023-01-21 18:00:00,95.2814594457934
2023-01-21 19:00:00,93.2799543566738
2023-01-21 20:00:00,80.0833778475163
2023-01-21 21:00:00,80.0833947039199
2023-01-21 22:00:00,82.0300811465743
2023-01-21 23:00:00,80.0968630444805
2023-01-22 00:00:00,80.0834479851268
2023-01-22 01:00:00,80.0833949412916
2023-01-22 02:00:00,80.0833914207606
2023-01-22 03:00:00,80.0834157808337
2023-01-22 04:00:00,84.5694537777471
2023-01-22 05:00:00,95.2212901211615
2023-01-22 06:00:00,97.261949487597
2023-01-22 07:00:00,96.4538368239051
2023-01-22 08:00:00,94.2333861724715
2023-01-22 09:00:00,94.2008960325307
2023-01-22 10:00:00,94.5709234609069
2023-01-22 11:00:00,94.8070937582926
2023-01-22 12:00:00,94.8482411643057
2023-01-22 13:00:00,94.8482512793437
2023-01-22 14:00:00,96.8837399642019
2023-01-22 15:00:00,118.609614257398
2023-01-22 16:00:00,143.380487053975
2023-01-22 17:00:00,146.3298141287
2023-01-22 18:00:00,146.330437549498
2023-01-22 19:00:00,146.327996016208
2023-01-22 20:00:00,142.936056345141
2023-01-22 21:00:00,118.609649289185
2023-01-22 22:00:00,118.609693433906
2023-01-22 23:00:00,118.609678523899
2023-01-23 00:00:00,118.609675400344
2023-01-23 01:00:00,118.609659676288
2023-01-23 02:00:00,118.609652454084
2023-01-23 03:00:00,118.609651287821
2023-01-23 04:00:00,141.40780551589
2023-01-23 05:00:00,146.112696699251
2023-01-23 06:00:00,146.45616760478
2023-01-23 07:00:00,141.413623545737
2023-01-23 08:00:00,114.525672573596
2023-01-23 09:00:00,114.525185222978
2023-01-23 10:00:00,114.525185448873
2023-01-23 11:00:00,114.525184972583
2023-01-23 12:00:00,114.525184987936
2023-01-23 13:00:00,114.525184947129
2023-01-23 14:00:00,114.52518523294
2023-01-23 15:00:00,116.982454903892
2023-01-23 16:00:00,131.306020773017
2023-01-23 17:00:00,135.990323765523
2023-01-23 18:00:00,138.90721754325
2023-01-23 19:00:00,131.305999521176
2023-01-23 20:00:00,114.525213037261
2023-01-23 21:00:00,114.525218668072
2023-01-23 22:00:00,114.52526219665
2023-01-23 23:00:00,114.525228177432
2023-01-24 00:00:00,114.525229787358
2023-01-24 01:00:00,114.525216437176
2023-01-24 02:00:00,114.525211884036
2023-01-24 03:00:00,114.525208387861
2023-01-24 04:00:00,117.635156886691
2023-01-24 05:00:00,121.66162558367
2023-01-24 06:00:00,124.271361926664
2023-01-24 07:00:00,114.644021289957
2023-01-24 08:00:00,98.4719527617169
2023-01-24 09:00:00,98.4719509359277
2023-01-24 10:00:00,98.4719514552403
2023-01-24 11:00:00,98.4719530439981
2023-01-24 12:00:00,98.4719565593213
2023-01-24 13:00:00,98.4719627004281
2023-01-24 14:00:00,98.4724120816735
2023-01-24 15:00:00,106.067997101238
2023-01-24 16:00:00,119.314367233427
2023-01-24 17:00:00,123.644454678091
2023-01-24 18:00:00,123.644436315625
2023-01-24 19:00:00,120.806875161463
2023-01-24 20:00:00,114.525013181783
2023-01-24 21:00:00,114.524463063298
2023-01-24 22:00:00,114.522353886392
2023-01-24 23:00:00,110.086797790835
2023-01-25 00:00:00,110.08604652948
2023-01-25 01:00:00,110.08597135584
2023-01-25 02:00:00,110.08593937128
2023-01-25 03:00:00,110.085917490504
2023-01-25 04:00:00,125.24778766278
2023-01-25 05:00:00,131.305644806051
2023-01-25 06:00:00,133.730197926407
2023-01-25 07:00:00,110.083822455208
2023-01-25 08:00:00,89.1481521842439
2023-01-25 09:00:00,89.1480551233358
2023-01-25 10:00:00,89.1480626794375
2023-01-25 11:00:00,89.1480600448756
2023-01-25 12:00:00,89.1480586118334
2023-01-25 13:00:00,89.1480560022964
2023-01-25 14:00:00,89.1480548074927
2023-01-25 15:00:00,89.1480585479283
2023-01-25 16:00:00,89.928956693113
2023-01-25 17:00:00,95.9065677556052
2023-01-25 18:00:00,95.9065573551996
2023-01-25 19:00:00,93.1420251194301
2023-01-25 20:00:00,91.7235814625343
2023-01-25 21:00:00,92.3964406345024
2023-01-25 22:00:00,91.5212890741773
2023-01-25 23:00:00,89.148072344014
2023-01-26 00:00:00,89.1480614154208
2023-01-26 01:00:00,89.1480577707137
2023-01-26 02:00:00,89.148055750578
2023-01-26 03:00:00,89.1480544482134
2023-01-26 04:00:00,89.1480564340431
2023-01-26 05:00:00,91.0603076876292
2023-01-26 06:00:00,89.1495351859652
2023-01-26 07:00:00,78.4461440400695
2023-01-26 08:00:00,64.6131449654159
2023-01-26 09:00:00,63.5215428652925
2023-01-26 10:00:00,63.5215397883993
2023-01-26 11:00:00,63.52154089579
2023-01-26 12:00:00,63.5215411341914
2023-01-26 13:00:00,63.5215421280378
2023-01-26 14:00:00,63.521546074527
2023-01-26 15:00:00,63.5215991028319
2023-01-26 16:00:00,64.5353785486709
2023-01-26 17:00:00,64.6131556859567
2023-01-26 18:00:00,64.6131488368562
2023-01-26 19:00:00,64.6131389829308
2023-01-26 20:00:00,64.6130854967412
2023-01-26 21:00:00,64.6131326789711
2023-01-26 22:00:00,64.6131419325199
2023-01-26 23:00:00,64.6131272855704
2023-01-27 00:00:00,64.6130760407586
2023-01-27 01:00:00,64.5361742913399
2023-01-27 02:00:00,64.535993679212
2023-01-27 03:00:00,64.5354562343518
2023-01-27 04:00:00,64.535391705009
2023-01-27 05:00:00,64.6131482621995
2023-01-27 06:00:00,64.6131372824417
2023-01-27 07:00:00,64.535500410562
2023-01-27 08:00:00,64.5353658974078
2023-01-27 09:00:00,64.5353592697742
2023-01-27 10:00:00,64.5353602959852
2023-01-27 11:00:00,64.5353615807997
2023-01-27 12:00:00,64.5353632475417
2023-01-27 13:00:00,64.5353674348773
2023-01-27 14:00:00,64.5353952670742
2023-01-27 15:00:00,71.7394550406177
2023-01-27 16:00:00,80.1725504788951
2023-01-27 17:00:00,86.1796084496188
2023-01-27 18:00:00,86.179966698073
2023-01-27 19:00:00,85.3562013775685
2023-01-27 20:00:00,84.5405252339001
2023-01-27 21:00:00,85.3796496700874
2023-01-27 22:00:00,86.1815139245255
2023-01-27 23:00:00,84.8402051587837
2023-01-28 00:00:00,81.575503379519
2023-01-28 01:00:00,81.5746993777206
2023-01-28 02:00:00,81.5745931868524
2023-01-28 03:00:00,81.5745821116276
2023-01-28 04:00:00,91.8352345812629
2023-01-28 05:00:00,93.8053455563696
2023-01-28 06:00:00,95.5419513364514
2023-01-28 07:00:00,89.7657127336064
2023-01-28 08:00:00,76.7520555272353
2023-01-28 09:00:00,76.7325641328384
2023-01-28 10:00:00,76.7325555991451
2023-01-28 11:00:00,76.7325480692813
2023-01-28 12:00:00,76.7325503321451
2023-01-28 13:00:00,76.7325503239381
2023-01-28 14:00:00,76.7325661331823
2023-01-28 15:00:00,86.181857213857
2023-01-28 16:00:00,89.7657227243421
2023-01-28 17:00:00,92.7398741154679
2023-01-28 18:00:00,92.7379698988702
2023-01-28 19:00:00,91.8375108678912
2023-01-28 20:00:00,90.3329474643557
2023-01-28 21:00:00,90.0723738546879
2023-01-28 22:00:00,85.3292223056116
2023-01-28 23:00:00,79.5687770461561
2023-01-29 00:00:00,79.5687627567938
2023-01-29 01:00:00,79.5687487597276
2023-01-29 02:00:00,79.5686805809523
2023-01-29 03:00:00,79.568611897141
2023-01-29 04:00:00,86.1816913322807
2023-01-29 05:00:00,88.4225775882924
2023-01-29 06:00:00,90.3186225973001
2023-01-29 07:00:00,48.5769564952157
2023-01-29 08:00:00,41.5934906085464
2023-01-29 09:00:00,33.6709054645002
2023-01-29 10:00:00,33.6708980914934
2023-01-29 11:00:00,33.6708977851998
2023-01-29 12:00:00,33.6708979327652
2023-01-29 13:00:00,33.6708982505567
2023-01-29 14:00:00,33.670901909572
2023-01-29 15:00:00,35.3362227917491
2023-01-29 16:00:00,47.1248212331187
2023-01-29 17:00:00,47.1248521796966
2023-01-29 18:00:00,47.1248596162575
2023-01-29 19:00:00,47.1248540964289
2023-01-29 20:00:00,38.1512922530565
2023-01-29 21:00:00,38.1515849450565
2023-01-29 22:00:00,38.1519255767173
2023-01-29 23:00:00,38.1519061819068
2023-01-30 00:00:00,38.151908729981
2023-01-30 01:00:00,38.1513167946746
2023-01-30 02:00:00,38.1512971910184
2023-01-30 03:00:00,38.1512955542538
2023-01-30 04:00:00,38.1513074331857
2023-01-30 05:00:00,38.9697564900413
2023-01-30 06:00:00,39.8056817744077
2023-01-30 07:00:00,32.2283879693869
2023-01-30 08:00:00,32.2266335512537
2023-01-30 09:00:00,31.0898899970211
2023-01-30 10:00:00,31.0899078270902
2023-01-30 11:00:00,32.2266130819524
2023-01-30 12:00:00,31.9330475565023
2023-01-30 13:00:00,31.0900265784961
2023-01-30 14:00:00,32.2266218384544
2023-01-30 15:00:00,32.2283918726686
2023-01-30 16:00:00,47.1247624700184
2023-01-30 17:00:00,52.0754182706372
2023-01-30 18:00:00,51.0790088703423
2023-01-30 19:00:00,47.3310951511958
2023-01-30 20:00:00,47.1248769641084
2023-01-30 21:00:00,54.2662042862824
2023-01-30 22:00:00,54.2663468809578
2023-01-30 23:00:00,54.2663380385157
2023-01-31 00:00:00,54.2663386537888
2023-01-31 01:00:00,51.7515014443637
2023-01-31 02:00:00,47.1247781144616
2023-01-31 03:00:00,43.9359311986321
2023-01-31 04:00:00,43.935905853818
2023-01-31 05:00:00,43.9359191653149
2023-01-31 06:00:00,47.124724396518
2023-01-31 07:00:00,36.7742089630133
2023-01-31 08:00:00,32.2264872787532
2023-01-31 09:00:00,29.5017480960429
2023-01-31 10:00:00,28.4746497025165
2023-01-31 11:00:00,27.9590733316287
2023-01-31 12:00:00,27.6636593798886
2023-01-31 13:00:00,27.5778116946876
2023-01-31 14:00:00,27.2137759023049
2023-01-31 15:00:00,32.22511679244
2023-01-31 16:00:00,32.2291228725487
2023-01-31 17:00:00,39.8125823311885
2023-01-31 18:00:00,37.99050088471
2023-01-31 19:00:00,37.9903853106797
2023-01-31 20:00:00,37.9903688679726
2023-01-31 21:00:00,39.8126327247543
2023-01-31 22:00:00,39.8126480793455
2023-01-31 23:00:00,36.4455956574382
2023-02-01 00:00:00,36.2686205684842
2023-02-01 01:00:00,36.2685601486898
2023-02-01 02:00:00,33.3834892587061
2023-02-01 03:00:00,32.2314353399052
2023-02-01 04:00:00,32.228425003629
2023-02-01 05:00:00,32.9198949385417
2023-02-01 06:00:00,36.9915795822581
2023-02-01 07:00:00,32.2283922627189
2023-02-01 08:00:00,32.0658021914605
2023-02-01 09:00:00,31.0897180918672
2023-02-01 10:00:00,27.1154537193111
2023-02-01 11:00:00,27.1154628253348
2023-02-01 12:00:00,27.1154440374075
2023-02-01 13:00:00,27.115439461229
2023-02-01 14:00:00,27.1154516323488
2023-02-01 15:00:00,32.2249757305611
2023-02-01 16:00:00,32.8951536113807
2023-02-01 17:00:00,34.7941254210969
2023-02-01 18:00:00,34.7934374443433
2023-02-01 19:00:00,32.8952052012856
2023-02-01 20:00:00,32.895182090739
2023-02-01 21:00:00,34.7936614353139
2023-02-01 22:00:00,40.6357464961069
2023-02-01 23:00:00,39.474729427789
2023-02-02 00:00:00,39.4756770236494
2023-02-02 01:00:00,39.4681171060235
2023-02-02 02:00:00,36.3530886757495
2023-02-02 03:00:00,33.8231620812669
2023-02-02 04:00:00,33.414988939574
2023-02-02 05:00:00,35.9097008457181
2023-02-02 06:00:00,40.6358228149729
2023-02-02 07:00:00,38.4102828057325
2023-02-02 08:00:00,33.4131858700533
2023-02-02 09:00:00,32.2266377635504
2023-02-02 10:00:00,32.2266351782119
2023-02-02 11:00:00,32.2266335006866
2023-02-02 12:00:00,32.2266314804037
2023-02-02 13:00:00,32.226633328849
2023-02-02 14:00:00,32.2266400418559
2023-02-02 15:00:00,32.2283908320245
2023-02-02 16:00:00,46.7064561099241
2023-02-02 17:00:00,50.0525652977815
2023-02-02 18:00:00,50.0525657333209
2023-02-02 19:00:00,50.0525628185349
2023-02-02 20:00:00,50.0525399217215
2023-02-02 21:00:00,50.0525649814762
2023-02-02 22:00:00,50.052559074411
2023-02-02 23:00:00,50.0524278050322
2023-02-03 00:00:00,50.0524207783609
2023-02-03 01:00:00,45.8418123959916
2023-02-03 02:00:00,40.5227538033863
2023-02-03 03:00:00,40.5227406387171
2023-02-03 04:00:00,40.5227372046962
2023-02-03 05:00:00,40.5227376719148
2023-02-03 06:00:00,40.522739509641
2023-02-03 07:00:00,32.2283710594179
2023-02-03 08:00:00,32.2266296264071
2023-02-03 09:00:00,29.374768154817
2023-02-03 10:00:00,29.3725158767417
2023-02-03 11:00:00,29.3725071714979
2023-02-03 12:00:00,29.3725031684883
2023-02-03 13:00:00,29.3725698483032
2023-02-03 14:00:00,29.3725883846934
2023-02-03 15:00:00,32.2283766011558
2023-02-03 16:00:00,50.6158099581834
2023-02-03 17:00:00,64.612684887978
2023-02-03 18:00:00,64.6126504825795
2023-02-03 19:00:00,64.6100420721104
2023-02-03 20:00:00,64.6086461748671
2023-02-03 21:00:00,64.6130099454292
2023-02-03 22:00:00,64.6130027206205
2023-02-03 23:00:00,64.6131396356033
2023-02-04 00:00:00,64.6740119457625
2023-02-04 01:00:00,65.171108375484
2023-02-04 02:00:00,65.5297064921575
2023-02-04 03:00:00,65.9719881365797
2023-02-04 04:00:00,67.6271898498851
2023-02-04 05:00:00,73.0076174648303
2023-02-04 06:00:00,73.3612319176282
2023-02-04 07:00:00,71.4012914384333
2023-02-04 08:00:00,61.2204313801683
2023-02-04 09:00:00,60.1265919691919
2023-02-04 10:00:00,60.1265838965772
2023-02-04 11:00:00,60.1265822833286
2023-02-04 12:00:00,60.126583273791
2023-02-04 13:00:00,60.1265855092122
2023-02-04 14:00:00,60.1266065187341
2023-02-04 15:00:00,64.5565592595286
2023-02-04 16:00:00,73.3613088193494
2023-02-04 17:00:00,75.212753737352
2023-02-04 18:00:00,75.2127491903285
2023-02-04 19:00:00,75.2027466368337
2023-02-04 20:00:00,73.3613500124755
2023-02-04 21:00:00,73.3612971657759
2023-02-04 22:00:00,70.785411030327
2023-02-04 23:00:00,70.4073417161932
2023-02-05 00:00:00,70.3411507590169
2023-02-05 01:00:00,67.4971152110677
2023-02-05 02:00:00,66.6223822443597
2023-02-05 03:00:00,64.6131462488969
2023-02-05 04:00:00,64.613128945978
2023-02-05 05:00:00,64.6131431361272
2023-02-05 06:00:00,67.4971598594759
2023-02-05 07:00:00,62.3606689922615
2023-02-05 08:00:00,52.5732928479392
2023-02-05 09:00:00,51.4300069069526
2023-02-05 10:00:00,51.4300105500397
2023-02-05 11:00:00,51.4300082410069
2023-02-05 12:00:00,51.4300090768245
2023-02-05 13:00:00,51.4300156810142
2023-02-05 14:00:00,51.4300478753092
2023-02-05 15:00:00,60.1261829199868
2023-02-05 16:00:00,77.8183946683918
2023-02-05 17:00:00,81.1897922862121
2023-02-05 18:00:00,81.0796745884496
2023-02-05 19:00:00,80.9940589241537
2023-02-05 20:00:00,78.6629870241479
2023-02-05 21:00:00,78.878653021199
2023-02-05 22:00:00,79.9362777138974
2023-02-05 23:00:00,79.2974086902371
2023-02-06 00:00:00,78.6630818623924
2023-02-06 01:00:00,78.6625605698648
2023-02-06 02:00:00,77.8196159760279
2023-02-06 03:00:00,77.8189641331854
2023-02-06 04:00:00,86.8465115550466
2023-02-06 05:00:00,95.4797106503687
2023-02-06 06:00:00,96.0966207434741
2023-02-06 07:00:00,89.7657871850868
2023-02-06 08:00:00,73.7626840266612
2023-02-06 09:00:00,73.7626371332974
2023-02-06 10:00:00,73.7626367417459
2023-02-06 11:00:00,73.7626373675572
2023-02-06 12:00:00,73.7626393377965
2023-02-06 13:00:00,73.7626431199258
2023-02-06 14:00:00,74.2486963095977
2023-02-06 15:00:00,89.7656764962134
2023-02-06 16:00:00,112.283393118523
2023-02-06 17:00:00,119.100599789256
2023-02-06 18:00:00,119.100601186693
2023-02-06 19:00:00,119.099691596271
2023-02-06 20:00:00,112.791723127638
2023-02-06 21:00:00,96.4538353905235
2023-02-06 22:00:00,96.453820400121
2023-02-06 23:00:00,96.45357048605
2023-02-07 00:00:00,96.452043043131
2023-02-07 01:00:00,96.4517130427883
2023-02-07 02:00:00,96.4516594038192
2023-02-07 03:00:00,96.4516564841994
2023-02-07 04:00:00,112.791778249454
2023-02-07 05:00:00,117.894321121884
2023-02-07 06:00:00,119.100629997026
2023-02-07 07:00:00,84.5864876447565
2023-02-07 08:00:00,69.0396170234728
2023-02-07 09:00:00,68.4951944155999
2023-02-07 10:00:00,68.4951934007736
2023-02-07 11:00:00,68.49519348788
2023-02-07 12:00:00,68.4951944757335
2023-02-07 13:00:00,68.4951959068586
2023-02-07 14:00:00,68.4952169995885
2023-02-07 15:00:00,84.5864024858391
2023-02-07 16:00:00,129.734303838992
2023-02-07 17:00:00,142.373605238892
2023-02-07 18:00:00,142.373600626305
2023-02-07 19:00:00,142.373573087041
2023-02-07 20:00:00,130.694517972841
2023-02-07 21:00:00,117.892720113184
2023-02-07 22:00:00,117.893720056295
2023-02-07 23:00:00,117.89303176051
2023-02-08 00:00:00,117.892730135036
2023-02-08 01:00:00,117.892686995585
2023-02-08 02:00:00,117.892684085714
2023-02-08 03:00:00,117.892686627445
2023-02-08 04:00:00,142.515161352215
2023-02-08 05:00:00,145.572098325401
2023-02-08 06:00:00,145.572097966549
2023-02-08 07:00:00,70.5105899507959
2023-02-08 08:00:00,63.5216383871113
2023-02-08 09:00:00,53.7765536360228
2023-02-08 10:00:00,53.7765530544025
2023-02-08 11:00:00,53.7765542063387
2023-02-08 12:00:00,53.7765555920002
2023-02-08 13:00:00,53.7765577101945
2023-02-08 14:00:00,53.7765742056198
2023-02-08 15:00:00,56.230917743507
2023-02-08 16:00:00,68.7331209509231
2023-02-08 17:00:00,71.7118791658369
2023-02-08 18:00:00,71.7119276784769
2023-02-08 19:00:00,67.4951522739723
2023-02-08 20:00:00,64.6131484887942
2023-02-08 21:00:00,64.6141768037422
2023-02-08 22:00:00,66.4502329866513
2023-02-08 23:00:00,64.6210946653469
2023-02-09 00:00:00,64.6134409956274
2023-02-09 01:00:00,64.6131514175484
2023-02-09 02:00:00,64.6131401521097
2023-02-09 03:00:00,64.6131283097226
2023-02-09 04:00:00,70.5058542259753
2023-02-09 05:00:00,72.0182850344056
2023-02-09 06:00:00,73.563006427155
2023-02-09 07:00:00,62.360793081977
2023-02-09 08:00:00,56.2827935235325
2023-02-09 09:00:00,50.4923929798505
2023-02-09 10:00:00,50.4923898546681
2023-02-09 11:00:00,50.492390190032
2023-02-09 12:00:00,50.4923907375938
2023-02-09 13:00:00,50.4923928637766
2023-02-09 14:00:00,50.4924458804244
2023-02-09 15:00:00,56.4861687112889
2023-02-09 16:00:00,67.4572396643063
2023-02-09 17:00:00,70.3823992244342
2023-02-09 18:00:00,70.3824140700084
2023-02-09 19:00:00,70.3824094448919
2023-02-09 20:00:00,70.3823672353521
2023-02-09 21:00:00,70.3820536440022
2023-02-09 22:00:00,68.722176095417
2023-02-09 23:00:00,67.4972437410945
2023-02-10 00:00:00,67.4968281895485
2023-02-10 01:00:00,66.4182860891195
2023-02-10 02:00:00,66.4171149956028
2023-02-10 03:00:00,64.6132893249436
2023-02-10 04:00:00,66.0794419291616
2023-02-10 05:00:00,67.4969561226061
2023-02-10 06:00:00,67.1119245919022
2023-02-10 07:00:00,44.6692041845131
2023-02-10 08:00:00,33.4131932190159
2023-02-10 09:00:00,32.5719061578147
2023-02-10 10:00:00,32.5719003283583
2023-02-10 11:00:00,32.5718996870908
2023-02-10 12:00:00,32.5718989843161
2023-02-10 13:00:00,32.5718996071417
2023-02-10 14:00:00,32.571901102801
2023-02-10 15:00:00,33.4148812369729
2023-02-10 16:00:00,52.7790201664492
2023-02-10 17:00:00,63.2558708607576
2023-02-10 18:00:00,64.6130779977154
2023-02-10 19:00:00,64.6131181678615
2023-02-10 20:00:00,63.9954430160659
2023-02-10 21:00:00,64.61308090289
2023-02-10 22:00:00,64.6131031589437
2023-02-10 23:00:00,64.610955448792
2023-02-11 00:00:00,64.2944098398819
2023-02-11 01:00:00,62.3607975671729
2023-02-11 02:00:00,61.8782675823073
2023-02-11 03:00:00,60.3472269318551
2023-02-11 04:00:00,62.3607965994991
2023-02-11 05:00:00,63.6622829651259
2023-02-11 06:00:00,64.61309836277
2023-02-11 07:00:00,48.4506539660128
2023-02-11 08:00:00,39.6890581744065
2023-02-11 09:00:00,39.2251807465457
2023-02-11 10:00:00,39.2251809437031
2023-02-11 11:00:00,39.2251819824508
2023-02-11 12:00:00,39.2251860585581
2023-02-11 13:00:00,39.2251958841271
2023-02-11 14:00:00,46.646989283695
2023-02-11 15:00:00,65.8067520396265
2023-02-11 16:00:00,83.4976476616936
2023-02-11 17:00:00,88.4304136334491
2023-02-11 18:00:00,88.4304207734736
2023-02-11 19:00:00,88.304740371434
2023-02-11 20:00:00,87.9916689345649
2023-02-11 21:00:00,87.9911731627573
2023-02-11 22:00:00,87.9912920411941
2023-02-11 23:00:00,87.3296317826859
2023-02-12 00:00:00,87.3296212589812
2023-02-12 01:00:00,85.1740059558777
2023-02-12 02:00:00,84.4527196506169
2023-02-12 03:00:00,84.4525914550903
2023-02-12 04:00:00,87.3295179894996
2023-02-12 05:00:00,87.9189599651079
2023-02-12 06:00:00,88.4303990675801
2023-02-12 07:00:00,74.7351032999235
2023-02-12 08:00:00,63.6195685465311
2023-02-12 09:00:00,62.3607798513575
2023-02-12 10:00:00,62.3607791786838
2023-02-12 11:00:00,62.360779285314
2023-02-12 12:00:00,62.3607806898665
2023-02-12 13:00:00,62.3607840467827
2023-02-12 14:00:00,62.3608110819667
2023-02-12 15:00:00,74.0297559003598
2023-02-12 16:00:00,88.8363596467603
2023-02-12 17:00:00,89.7656844347164
2023-02-12 18:00:00,88.8555049530537
2023-02-12 19:00:00,88.8367269942775
2023-02-12 20:00:00,87.32997216664
2023-02-12 21:00:00,87.3296330961726
2023-02-12 22:00:00,87.3296189763489
2023-02-12 23:00:00,82.6850590906394
2023-02-13 00:00:00,82.0664930019171
2023-02-13 01:00:00,82.0511801275928
2023-02-13 02:00:00,82.0510852193187
2023-02-13 03:00:00,82.0510978530114
2023-02-13 04:00:00,82.4949414275732
2023-02-13 05:00:00,85.4158275472586
2023-02-13 06:00:00,85.4901316475013
2023-02-13 07:00:00,70.5106385033636
2023-02-13 08:00:00,62.3607746082425
2023-02-13 09:00:00,59.5744347676409
2023-02-13 10:00:00,59.5744331504996
2023-02-13 11:00:00,59.5744328966512
2023-02-13 12:00:00,59.5744340117369
2023-02-13 13:00:00,59.5744362800219
2023-02-13 14:00:00,59.5744557979716
2023-02-13 15:00:00,68.8826400911564
2023-02-13 16:00:00,89.7656209502035
2023-02-13 17:00:00,91.4627062051143
2023-02-13 18:00:00,91.4625615374105
2023-02-13 19:00:00,91.3623170274097
2023-02-13 20:00:00,91.160868754712
2023-02-13 21:00:00,91.1608446822923
2023-02-13 22:00:00,91.1608040713218
2023-02-13 23:00:00,87.3296007250845
2023-02-14 00:00:00,87.3295390797295
2023-02-14 01:00:00,83.3085417754044
2023-02-14 02:00:00,82.0150635292474
2023-02-14 03:00:00,82.0147178313718
2023-02-14 04:00:00,82.0129333653457
2023-02-14 05:00:00,83.7716504443839
2023-02-14 06:00:00,87.3295159674206
2023-02-14 07:00:00,68.3790256340463
2023-02-14 08:00:00,62.4580192522672
2023-02-14 09:00:00,55.3671686334193
2023-02-14 10:00:00,55.3671667315151
2023-02-14 11:00:00,55.3671670400482
2023-02-14 12:00:00,55.3671688416976
2023-02-14 13:00:00,55.36717164493
2023-02-14 14:00:00,55.3672090996169
2023-02-14 15:00:00,63.5215345658512
2023-02-14 16:00:00,84.4589961167113
2023-02-14 17:00:00,87.7583919822697
2023-02-14 18:00:00,87.7584217416944
2023-02-14 19:00:00,86.1576835272167
2023-02-14 20:00:00,84.4590321399001
2023-02-14 21:00:00,84.4590391367516
2023-02-14 22:00:00,84.4590161387183
2023-02-14 23:00:00,84.4589468972064
2023-02-15 00:00:00,84.4583530962403
2023-02-15 01:00:00,83.6627926049828
2023-02-15 02:00:00,81.0684760246392
2023-02-15 03:00:00,74.7597617514142
2023-02-15 04:00:00,74.7591532164192
2023-02-15 05:00:00,77.2878209988786
2023-02-15 06:00:00,84.4587964122342
2023-02-15 07:00:00,57.0499637246753
2023-02-15 08:00:00,38.9692627430234
2023-02-15 09:00:00,33.6694595979868
2023-02-15 10:00:00,33.6694584552735
2023-02-15 11:00:00,33.6694586789772
2023-02-15 12:00:00,33.6694591184557
2023-02-15 13:00:00,33.669460365434
2023-02-15 14:00:00,33.6694704408467
2023-02-15 15:00:00,54.7975744476219
2023-02-15 16:00:00,70.5105471068006
2023-02-15 17:00:00,71.4450992938283
2023-02-15 18:00:00,71.4450412302984
2023-02-15 19:00:00,67.2994842557783
2023-02-15 20:00:00,64.6133583482081
2023-02-15 21:00:00,64.6132960370174
2023-02-15 22:00:00,64.6131681200848
2023-02-15 23:00:00,64.6131561233287
2023-02-16 00:00:00,64.6131553566389
2023-02-16 01:00:00,64.6131501169226
2023-02-16 02:00:00,64.6131479646237
2023-02-16 03:00:00,64.6131335907562
2023-02-16 04:00:00,64.6129840010632
2023-02-16 05:00:00,64.1924632962462
2023-02-16 06:00:00,64.6131147356771
2023-02-16 07:00:00,41.5369320987549
2023-02-16 08:00:00,33.4034159319425
2023-02-16 09:00:00,32.228391835777
2023-02-16 10:00:00,32.2283850056066
2023-02-16 11:00:00,32.2283834844978
2023-02-16 12:00:00,32.2283823427352
2023-02-16 13:00:00,32.2283818139598
2023-02-16 14:00:00,32.2283848859781
2023-02-16 15:00:00,33.6694556073519
2023-02-16 16:00:00,41.5375137336322
2023-02-16 17:00:00,51.9539333424964
2023-02-16 18:00:00,51.7855325079652
2023-02-16 19:00:00,51.785151850782
2023-02-16 20:00:00,52.8958800902711
2023-02-16 21:00:00,55.3924059497625
2023-02-16 22:00:00,55.3924223515026
2023-02-16 23:00:00,55.392417651687
2023-02-17 00:00:00,55.392422637662
2023-02-17 01:00:00,55.3924037554172
2023-02-17 02:00:00,48.0862274769094
2023-02-17 03:00:00,44.848229958699
2023-02-17 04:00:00,44.8480253109178
2023-02-17 05:00:00,44.848035662858
2023-02-17 06:00:00,44.848023306023
2023-02-17 07:00:00,31.8615689237648
2023-02-17 08:00:00,29.6254377526466
2023-02-17 09:00:00,26.176205728975
2023-02-17 10:00:00,26.1761924962646
2023-02-17 11:00:00,26.1761862204875
2023-02-17 12:00:00,26.1761804540567
2023-02-17 13:00:00,26.1760784031006
2023-02-17 14:00:00,26.1761732583705
2023-02-17 15:00:00,25.5885580079889
2023-02-17 16:00:00,33.4150339189415
2023-02-17 17:00:00,55.3924505898484
2023-02-17 18:00:00,55.3924631373594
2023-02-17 19:00:00,55.3923834638175
2023-02-17 20:00:00,53.5072896290183
2023-02-17 21:00:00,55.3924901759682
2023-02-17 22:00:00,55.3926617445723
2023-02-17 23:00:00,55.392496754505
2023-02-18 00:00:00,55.3924938222867
2023-02-18 01:00:00,55.3924350691084
2023-02-18 02:00:00,53.2204579973765
2023-02-18 03:00:00,55.3924677366637
2023-02-18 04:00:00,55.3925139870422
2023-02-18 05:00:00,55.3969396301966
2023-02-18 06:00:00,55.3969499628385
2023-02-18 07:00:00,39.6595515506899
2023-02-18 08:00:00,32.2266761410215
2023-02-18 09:00:00,32.2252321722183
2023-02-18 10:00:00,32.2253001343432
2023-02-18 11:00:00,32.225317281382
2023-02-18 12:00:00,32.2252951515615
2023-02-18 13:00:00,32.225316846787
2023-02-18 14:00:00,32.2250144343107
2023-02-18 15:00:00,33.4131912979982
2023-02-18 16:00:00,50.6158814164054
2023-02-18 17:00:00,64.6128720415593
2023-02-18 18:00:00,64.6128818840017
2023-02-18 19:00:00,64.6128742210619
2023-02-18 20:00:00,64.6128557449318
2023-02-18 21:00:00,64.6129001529206
2023-02-18 22:00:00,64.6129208272532
2023-02-18 23:00:00,64.612897962294
2023-02-19 00:00:00,64.6128992903161
2023-02-19 01:00:00,64.6128827539462
2023-02-19 02:00:00,63.7694026763621
2023-02-19 03:00:00,62.36080440404
2023-02-19 04:00:00,62.3608081077695
2023-02-19 05:00:00,64.6128874191413
2023-02-19 06:00:00,64.6129290544369
2023-02-19 07:00:00,57.2067479107547
2023-02-19 08:00:00,47.9857706000688
2023-02-19 09:00:00,46.317636715482
2023-02-19 10:00:00,46.3176232107282
2023-02-19 11:00:00,46.3176173746488
2023-02-19 12:00:00,46.3176159941416
2023-02-19 13:00:00,46.3176151912854
2023-02-19 14:00:00,46.317617978701
2023-02-19 15:00:00,52.3175583335865
2023-02-19 16:00:00,62.3607814114645
2023-02-19 17:00:00,64.6140007938595
2023-02-19 18:00:00,64.6136013843491
2023-02-19 19:00:00,64.6131910998822
2023-02-19 20:00:00,64.6131641017071
2023-02-19 21:00:00,64.6131616071208
2023-02-19 22:00:00,62.8437895587685
2023-02-19 23:00:00,64.6126995403305
2023-02-20 00:00:00,63.0285958028417
2023-02-20 01:00:00,62.360824557921
2023-02-20 02:00:00,62.3608078780356
2023-02-20 03:00:00,62.360793539595
2023-02-20 04:00:00,62.360787676179
2023-02-20 05:00:00,62.3608335567372
2023-02-20 06:00:00,64.6128935511193
2023-02-20 07:00:00,39.810429321235
2023-02-20 08:00:00,32.2270881098553
2023-02-20 09:00:00,31.0897533718387
2023-02-20 10:00:00,31.0895790794077
2023-02-20 11:00:00,31.0895996305935
2023-02-20 12:00:00,31.0895954023448
2023-02-20 13:00:00,31.0895990727302
2023-02-20 14:00:00,31.0896388606365
2023-02-20 15:00:00,32.226633690459
2023-02-20 16:00:00,53.2941355236838
2023-02-20 17:00:00,64.6132016317573
2023-02-20 18:00:00,64.6135044823894
2023-02-20 19:00:00,64.6131962802007
2023-02-20 20:00:00,64.6131774652492
2023-02-20 21:00:00,64.6131706547996
2023-02-20 22:00:00,65.8197495403733
2023-02-20 23:00:00,64.6132754656484
2023-02-21 00:00:00,64.6133153554013
2023-02-21 01:00:00,64.6133070775031
2023-02-21 02:00:00,64.6132018507546
2023-02-21 03:00:00,64.6131640570649
2023-02-21 04:00:00,64.6131510938267
2023-02-21 05:00:00,65.8197436997827
2023-02-21 06:00:00,65.8197878499537
2023-02-21 07:00:00,65.3053238600549
2023-02-21 08:00:00,59.5548771456917
2023-02-21 09:00:00,52.8774857923489
2023-02-21 10:00:00,52.8774818995818
2023-02-21 11:00:00,52.8774814322626
2023-02-21 12:00:00,52.8774815886273
2023-02-21 13:00:00,52.8774836823202
2023-02-21 14:00:00,53.1462858679893
2023-02-21 15:00:00,75.8131003312257
2023-02-21 16:00:00,96.4538461596702
2023-02-21 17:00:00,111.847646777464
2023-02-21 18:00:00,111.84765893506
2023-02-21 19:00:00,111.847637801961
2023-02-21 20:00:00,111.84760755179
2023-02-21 21:00:00,111.847600522296
2023-02-21 22:00:00,111.847551520219
2023-02-21 23:00:00,111.846773566279
2023-02-22 00:00:00,108.185208450411
2023-02-22 01:00:00,96.4539282207302
2023-02-22 02:00:00,96.4538378874141
2023-02-22 03:00:00,96.4538263418111
2023-02-22 04:00:00,96.453820779549
2023-02-22 05:00:00,98.0300543983176
2023-02-22 06:00:00,96.4543314646442
2023-02-22 07:00:00,82.5966826858041
2023-02-22 08:00:00,67.1468592091541
2023-02-22 09:00:00,66.8835713319899
2023-02-22 10:00:00,66.883560102971
2023-02-22 11:00:00,66.8835373562214
2023-02-22 12:00:00,66.8835199103932
2023-02-22 13:00:00,66.8835038523739
2023-02-22 14:00:00,66.8835811567422
2023-02-22 15:00:00,72.1547330599115
2023-02-22 16:00:00,79.3785847284724
2023-02-22 17:00:00,89.1875233634401
2023-02-22 18:00:00,89.1879086375301
2023-02-22 19:00:00,89.1879099651619
2023-02-22 20:00:00,89.1878918574008
2023-02-22 21:00:00,89.1879238172508
2023-02-22 22:00:00,89.1881724176191
2023-02-22 23:00:00,88.8659403766171
2023-02-23 00:00:00,84.1333553177783
2023-02-23 01:00:00,76.5536844410165
2023-02-23 02:00:00,75.4453419361735
2023-02-23 03:00:00,75.445286216372
2023-02-23 04:00:00,75.4444730723887
2023-02-23 05:00:00,75.4452919880547
2023-02-23 06:00:00,75.4452644954307
2023-02-23 07:00:00,66.5793707510152
2023-02-23 08:00:00,58.0342922699363
2023-02-23 09:00:00,58.0020041249066
2023-02-23 10:00:00,58.0019987450319
2023-02-23 11:00:00,58.0019967827339
2023-02-23 12:00:00,58.0019891699012
2023-02-23 13:00:00,58.0019826057503
2023-02-23 14:00:00,58.0019954978334
2023-02-23 15:00:00,58.002017543767
2023-02-23 16:00:00,61.203064381735
2023-02-23 17:00:00,65.1829424225942
2023-02-23 18:00:00,65.1829274967512
2023-02-23 19:00:00,64.6141596039374
2023-02-23 20:00:00,64.6131659726115
2023-02-23 21:00:00,64.6135478842403
2023-02-23 22:00:00,65.1828603238864
2023-02-23 23:00:00,64.6131578740535
2023-02-24 00:00:00,64.6131430139823
2023-02-24 01:00:00,64.6131211403596
2023-02-24 02:00:00,64.5193154693083
2023-02-24 03:00:00,62.3608058894865
2023-02-24 04:00:00,62.3607786629849
2023-02-24 05:00:00,62.3607240375561
2023-02-24 06:00:00,62.3606342126449
2023-02-24 07:00:00,40.4702141701331
2023-02-24 08:00:00,32.7611899403839
2023-02-24 09:00:00,32.7611367446014
2023-02-24 10:00:00,32.7611372468623
2023-02-24 11:00:00,32.7611377396353
2023-02-24 12:00:00,32.7611393795593
2023-02-24 13:00:00,32.7611421728921
2023-02-24 14:00:00,32.7611953952917
2023-02-24 15:00:00,33.9278321492624
2023-02-24 16:00:00,50.4915488080718
2023-02-24 17:00:00,62.3607672451397
2023-02-24 18:00:00,62.3607645649059
2023-02-24 19:00:00,62.360077981556
2023-02-24 20:00:00,56.3294692174175
2023-02-24 21:00:00,62.3583787640949
2023-02-24 22:00:00,54.8631761413304
2023-02-24 23:00:00,53.3966719237344
2023-02-25 00:00:00,53.3964485106949
2023-02-25 01:00:00,53.3951156531393
2023-02-25 02:00:00,50.4924733211569
2023-02-25 03:00:00,50.4924406072785
2023-02-25 04:00:00,50.4924356508368
2023-02-25 05:00:00,50.4928562821182
2023-02-25 06:00:00,51.6238006762314
2023-02-25 07:00:00,53.2083757326696
2023-02-25 08:00:00,48.4517388921029
2023-02-25 09:00:00,48.4516854754658
2023-02-25 10:00:00,48.4516843483197
2023-02-25 11:00:00,48.4516853033826
2023-02-25 12:00:00,48.4516882657428
2023-02-25 13:00:00,48.4516896832791
2023-02-25 14:00:00,48.4516960682754
2023-02-25 15:00:00,48.4517058616704
2023-02-25 16:00:00,52.8894698075517
2023-02-25 17:00:00,64.6122770793794
2023-02-25 18:00:00,64.612272221633
2023-02-25 19:00:00,64.6122527499521
2023-02-25 20:00:00,64.6122403253046
2023-02-25 21:00:00,64.6122640003947
2023-02-25 22:00:00,64.6122669072204
2023-02-25 23:00:00,64.6122410150528
2023-02-26 00:00:00,64.4552275549667
2023-02-26 01:00:00,62.3607968098363
2023-02-26 02:00:00,61.49616896861
2023-02-26 03:00:00,53.7756252227847
2023-02-26 04:00:00,61.9239488410629
2023-02-26 05:00:00,63.2522849782778
2023-02-26 06:00:00,64.6090833505023
2023-02-26 07:00:00,48.4506487458508
2023-02-26 08:00:00,41.5907469196512
2023-02-26 09:00:00,33.6687292755793
2023-02-26 10:00:00,33.6687292881571
2023-02-26 11:00:00,33.6687293734419
2023-02-26 12:00:00,33.6687298201207
2023-02-26 13:00:00,33.6687298533637
2023-02-26 14:00:00,33.6687317893993
2023-02-26 15:00:00,33.6687522916088
2023-02-26 16:00:00,52.8782767893536
2023-02-26 17:00:00,64.6130834132476
2023-02-26 18:00:00,64.6131456389481
2023-02-26 19:00:00,64.6131177211896
2023-02-26 20:00:00,64.6130761263739
2023-02-26 21:00:00,64.6131180531443
2023-02-26 22:00:00,64.6131189861968
2023-02-26 23:00:00,64.6130817814287
2023-02-27 00:00:00,64.613090152636
2023-02-27 01:00:00,64.613100826094
2023-02-27 02:00:00,64.6131109300449
2023-02-27 03:00:00,64.6131147749471
2023-02-27 04:00:00,69.2242430617662
2023-02-27 05:00:00,70.712712999404
2023-02-27 06:00:00,72.2295444360581
2023-02-27 07:00:00,64.6128652293753
2023-02-27 08:00:00,52.8784145198181
2023-02-27 09:00:00,48.0316151842612
2023-02-27 10:00:00,48.0316148552616
2023-02-27 11:00:00,48.0316150521709
2023-02-27 12:00:00,48.0316159178584
2023-02-27 13:00:00,48.0316163612308
2023-02-27 14:00:00,48.0316183554814
2023-02-27 15:00:00,48.031629511827
2023-02-27 16:00:00,66.6622186899106
2023-02-27 17:00:00,77.9140632292715
2023-02-27 18:00:00,77.9143298348763
2023-02-27 19:00:00,77.9141170006505
2023-02-27 20:00:00,77.9140846118219
2023-02-27 21:00:00,77.9142079762922
2023-02-27 22:00:00,78.0738143332442
2023-02-27 23:00:00,77.9141103782899
2023-02-28 00:00:00,77.9140628635484
2023-02-28 01:00:00,77.8260430520805
2023-02-28 02:00:00,77.3717010682743
2023-02-28 03:00:00,75.4453360033313
2023-02-28 04:00:00,80.2546487308314
2023-02-28 05:00:00,81.9761838063854
2023-02-28 06:00:00,82.3235165965626
2023-02-28 07:00:00,72.157991362699
2023-02-28 08:00:00,61.3514407067284
2023-02-28 09:00:00,58.4281544937535
2023-02-28 10:00:00,58.4281547360763
2023-02-28 11:00:00,58.4281556462218
2023-02-28 12:00:00,58.4281577276068
2023-02-28 13:00:00,58.4281599633875
2023-02-28 14:00:00,58.4281669465721
2023-02-28 15:00:00,58.7283594613345
2023-02-28 16:00:00,70.510524829685
2023-02-28 17:00:00,77.3912875547829
2023-02-28 18:00:00,79.0511838538791
2023-02-28 19:00:00,77.9140297758198
2023-02-28 20:00:00,76.5445541256763
2023-02-28 21:00:00,77.9139094877228
2023-02-28 22:00:00,77.9139393049571
2023-02-28 23:00:00,75.4454999318062
2023-03-01 00:00:00,75.4454962578737
2023-03-01 01:00:00,75.4454390112587
2023-03-01 02:00:00,75.4453388625487
2023-03-01 03:00:00,75.4452586684618
2023-03-01 04:00:00,77.9140148783244
2023-03-01 05:00:00,79.5853627223614
2023-03-01 06:00:00,79.8201513147053
2023-03-01 07:00:00,65.4873112070862
2023-03-01 08:00:00,57.2853666175638
2023-03-01 09:00:00,53.0248749207436
2023-03-01 10:00:00,53.0248736446947
2023-03-01 11:00:00,53.0248738426237
2023-03-01 12:00:00,53.0248747014169
2023-03-01 13:00:00,53.024875241832
2023-03-01 14:00:00,53.0248793957949
2023-03-01 15:00:00,54.0130859921548
2023-03-01 16:00:00,68.1989538540115
2023-03-01 17:00:00,76.0971792062427
2023-03-01 18:00:00,76.3902161217048
2023-03-01 19:00:00,75.4453370044267
2023-03-01 20:00:00,75.4453697239637
2023-03-01 21:00:00,76.3902546860798
2023-03-01 22:00:00,76.3587700066165
2023-03-01 23:00:00,76.3582351331602
2023-03-02 00:00:00,76.362273648192
2023-03-02 01:00:00,76.3621335845295
2023-03-02 02:00:00,75.4453917204268
2023-03-02 03:00:00,75.4453206791154
2023-03-02 04:00:00,75.4452336915424
2023-03-02 05:00:00,76.390036148315
2023-03-02 06:00:00,76.390082405484
2023-03-02 07:00:00,64.2656008744854
2023-03-02 08:00:00,61.0895784977474
2023-03-02 09:00:00,61.0895580042422
2023-03-02 10:00:00,61.0895578693518
2023-03-02 11:00:00,61.0895581589313
2023-03-02 12:00:00,61.0895583659065
2023-03-02 13:00:00,61.0895591739353
2023-03-02 14:00:00,61.0895627615707
2023-03-02 15:00:00,61.089645887761
2023-03-02 16:00:00,70.5105307770795
2023-03-02 17:00:00,76.390263979125
2023-03-02 18:00:00,76.5713855104223
2023-03-02 19:00:00,76.3640010430184
2023-03-02 20:00:00,76.3902300364137
2023-03-02 21:00:00,76.3912937011771
2023-03-02 22:00:00,76.3915796720787
2023-03-02 23:00:00,76.3902164146284
2023-03-03 00:00:00,76.3900716748444
2023-03-03 01:00:00,76.3897964935788
2023-03-03 02:00:00,75.4452769473059
2023-03-03 03:00:00,70.5099742553362
2023-03-03 04:00:00,65.8847082387648
2023-03-03 05:00:00,65.8840810328986
2023-03-03 06:00:00,64.6134937497255
2023-03-03 07:00:00,61.6435151911793
2023-03-03 08:00:00,49.9114692582009
2023-03-03 09:00:00,49.9114058346322
2023-03-03 10:00:00,49.9114048685577
2023-03-03 11:00:00,49.9114049446156
2023-03-03 12:00:00,49.9114048295219
2023-03-03 13:00:00,49.911404945701
2023-03-03 14:00:00,49.9114070769769
2023-03-03 15:00:00,49.9123383179944
2023-03-03 16:00:00,61.7494138996142
2023-03-03 17:00:00,65.9611661502689
2023-03-03 18:00:00,65.951030878173
2023-03-03 19:00:00,65.5774376029071
2023-03-03 20:00:00,65.5766923138609
2023-03-03 21:00:00,65.5766942811877
2023-03-03 22:00:00,65.8224454550732
2023-03-03 23:00:00,65.5659972958216
2023-03-04 00:00:00,65.1708877354746
2023-03-04 01:00:00,64.7830614364001
2023-03-04 02:00:00,64.7820714755386
2023-03-04 03:00:00,64.7816295135667
2023-03-04 04:00:00,64.7816637445624
2023-03-04 05:00:00,65.1708782906905
2023-03-04 06:00:00,65.1821770536566
2023-03-04 07:00:00,55.6082912835968
2023-03-04 08:00:00,46.3816773714973
2023-03-04 09:00:00,45.0228675894558
2023-03-04 10:00:00,45.0228668908349
2023-03-04 11:00:00,45.0228672396041
2023-03-04 12:00:00,45.0228682865529
2023-03-04 13:00:00,45.0228706666503
2023-03-04 14:00:00,45.0228959090974
2023-03-04 15:00:00,56.8199297472727
2023-03-04 16:00:00,65.5956520402142
2023-03-04 17:00:00,76.1338869319522
2023-03-04 18:00:00,76.1344224667621
2023-03-04 19:00:00,76.1344084080308
2023-03-04 20:00:00,76.1343755580944
2023-03-04 21:00:00,76.134403762546
2023-03-04 22:00:00,76.1344075867307
2023-03-04 23:00:00,75.1930282770692
2023-03-05 00:00:00,75.1929600065164
2023-03-05 01:00:00,75.1928847899446
2023-03-05 02:00:00,74.3347175667048
2023-03-05 03:00:00,71.1942279229575
2023-03-05 04:00:00,72.6559459481918
2023-03-05 05:00:00,75.1934728432772
2023-03-05 06:00:00,75.8055092456109
2023-03-05 07:00:00,65.4612751498678
2023-03-05 08:00:00,62.3601864113763
2023-03-05 09:00:00,57.0934079789763
2023-03-05 10:00:00,57.0934057465656
2023-03-05 11:00:00,57.0934062701581
2023-03-05 12:00:00,57.0934086673943
2023-03-05 13:00:00,57.093412794117
2023-03-05 14:00:00,57.0937309864686
2023-03-05 15:00:00,68.4654297398898
2023-03-05 16:00:00,79.3498163417126
2023-03-05 17:00:00,92.8557970967037
2023-03-05 18:00:00,92.8558838784211
2023-03-05 19:00:00,92.8557695169049
2023-03-05 20:00:00,92.8557184327474
2023-03-05 21:00:00,92.8557104424272
2023-03-05 22:00:00,92.8556899660863
2023-03-05 23:00:00,92.7717864712022
2023-03-06 00:00:00,88.4080634475353
2023-03-06 01:00:00,77.3602375259113
2023-03-06 02:00:00,76.1345356462121
2023-03-06 03:00:00,76.1344600051403
2023-03-06 04:00:00,75.5379704380382
2023-03-06 05:00:00,78.5483022078025
2023-03-06 06:00:00,78.4328693597835
2023-03-06 07:00:00,67.4973899580038
2023-03-06 08:00:00,58.9143451426241
2023-03-06 09:00:00,57.9392209620817
2023-03-06 10:00:00,57.9386119331028
2023-03-06 11:00:00,57.9386003253226
2023-03-06 12:00:00,57.9386009627697
2023-03-06 13:00:00,57.9386028008044
2023-03-06 14:00:00,57.9386061192063
2023-03-06 15:00:00,57.9386943535292
2023-03-06 16:00:00,64.9346399123427
2023-03-06 17:00:00,67.4975442832536
2023-03-06 18:00:00,67.497589672036
2023-03-06 19:00:00,65.4386495047286
2023-03-06 20:00:00,64.6130017142307
2023-03-06 21:00:00,64.6130936258757
2023-03-06 22:00:00,64.1286930742621
2023-03-06 23:00:00,62.8365900970822
2023-03-07 00:00:00,62.6399664270013
2023-03-07 01:00:00,62.6374625039411
2023-03-07 02:00:00,62.4966380880532
2023-03-07 03:00:00,62.4585478953691
2023-03-07 04:00:00,62.3608047889362
2023-03-07 05:00:00,62.7485620188451
2023-03-07 06:00:00,64.6123802826739
2023-03-07 07:00:00,40.0265745491955
2023-03-07 08:00:00,32.5111561985976
2023-03-07 09:00:00,32.5110235431529
2023-03-07 10:00:00,32.51102218799
2023-03-07 11:00:00,32.5110212454689
2023-03-07 12:00:00,32.5110221783365
2023-03-07 13:00:00,32.5110242099399
2023-03-07 14:00:00,32.5110300930732
2023-03-07 15:00:00,48.9254265834781
2023-03-07 16:00:00,62.3608277658708
2023-03-07 17:00:00,65.607107097147
2023-03-07 18:00:00,65.8370868682416
2023-03-07 19:00:00,65.7946012378892
2023-03-07 20:00:00,65.5597822870032
2023-03-07 21:00:00,65.5596895988139
2023-03-07 22:00:00,65.3903717057088
2023-03-07 23:00:00,64.6126356068878
2023-03-08 00:00:00,64.6122401771046
2023-03-08 01:00:00,63.0142818372955
2023-03-08 02:00:00,63.0141247518359
2023-03-08 03:00:00,63.0141204084479
2023-03-08 04:00:00,63.0141356087998
2023-03-08 05:00:00,65.2583269271289
2023-03-08 06:00:00,65.3903062440315
2023-03-08 07:00:00,62.206722929666
2023-03-08 08:00:00,52.6174214638467
2023-03-08 09:00:00,52.617415294889
2023-03-08 10:00:00,52.617414299754
2023-03-08 11:00:00,52.6174145409162
2023-03-08 12:00:00,52.6174156923731
2023-03-08 13:00:00,52.6174180769525
2023-03-08 14:00:00,52.6174284788448
2023-03-08 15:00:00,54.2972468860978
2023-03-08 16:00:00,59.0584553348407
2023-03-08 17:00:00,65.2583350921554
2023-03-08 18:00:00,65.3903077477756
2023-03-08 19:00:00,65.2582806245985
2023-03-08 20:00:00,64.4351725526576
2023-03-08 21:00:00,64.2943158552851
2023-03-08 22:00:00,64.2941846948655
2023-03-08 23:00:00,62.8092609670281
2023-03-09 00:00:00,62.8092470075994
2023-03-09 01:00:00,62.8092193306683
2023-03-09 02:00:00,62.8092121438265
2023-03-09 03:00:00,62.8092108154611
2023-03-09 04:00:00,62.80921197103
2023-03-09 05:00:00,62.8095178612988
2023-03-09 06:00:00,63.058516645679
2023-03-09 07:00:00,39.8104587640081
2023-03-09 08:00:00,32.228401864932
2023-03-09 09:00:00,32.2266279600695
2023-03-09 10:00:00,32.2266238119785
2023-03-09 11:00:00,32.2266175152175
2023-03-09 12:00:00,32.2266160450106
2023-03-09 13:00:00,32.2266143924126
2023-03-09 14:00:00,32.2266195698503
2023-03-09 15:00:00,32.2266383737894
2023-03-09 16:00:00,32.3513767989781
2023-03-09 17:00:00,35.332753789063
2023-03-09 18:00:00,41.908759303882
2023-03-09 19:00:00,41.9087598312909
2023-03-09 20:00:00,41.9087591562582
2023-03-09 21:00:00,41.9087613082192
2023-03-09 22:00:00,41.9087241692501
2023-03-09 23:00:00,33.9291954968654
2023-03-10 00:00:00,33.9263555767972
2023-03-10 01:00:00,33.9262744846729
2023-03-10 02:00:00,33.9262587741025
2023-03-10 03:00:00,33.9262555918111
2023-03-10 04:00:00,33.926253969259
2023-03-10 05:00:00,33.9262584853222
2023-03-10 06:00:00,34.1409972930494
2023-03-10 07:00:00,32.2266736910615
2023-03-10 08:00:00,31.089884316944
2023-03-10 09:00:00,31.0898891093629
2023-03-10 10:00:00,31.089900221498
2023-03-10 11:00:00,31.0899202488042
2023-03-10 12:00:00,31.5614649482694
2023-03-10 13:00:00,32.2266285071166
2023-03-10 14:00:00,32.2266491673752
2023-03-10 15:00:00,33.926031368364
2023-03-10 16:00:00,48.4050710114035
2023-03-10 17:00:00,62.3317157221528
2023-03-10 18:00:00,63.9163248262423
2023-03-10 19:00:00,63.9163575012711
2023-03-10 20:00:00,63.9163218903161
2023-03-10 21:00:00,63.3986370806323
2023-03-10 22:00:00,62.3607559798603
2023-03-10 23:00:00,61.5783163102597
2023-03-11 00:00:00,61.2503956294963
2023-03-11 01:00:00,59.7314533475253
2023-03-11 02:00:00,58.8511778838083
2023-03-11 03:00:00,58.8516263689998
2023-03-11 04:00:00,62.2395867617654
2023-03-11 05:00:00,62.7821279035989
2023-03-11 06:00:00,63.0339380344636
2023-03-11 07:00:00,50.4841256796092
2023-03-11 08:00:00,46.7413649026554
2023-03-11 09:00:00,44.0554541975738
2023-03-11 10:00:00,44.0554522068944
2023-03-11 11:00:00,44.0554522869431
2023-03-11 12:00:00,44.0554539445286
2023-03-11 13:00:00,44.0554569543603
2023-03-11 14:00:00,44.0554755824191
2023-03-11 15:00:00,44.2294792094404
2023-03-11 16:00:00,52.6173214089279
2023-03-11 17:00:00,62.331785213804
2023-03-11 18:00:00,62.360811232139
2023-03-11 19:00:00,62.3608022619924
2023-03-11 20:00:00,62.3607967328162
2023-03-11 21:00:00,62.3608115589714
2023-03-11 22:00:00,62.3608131524889
2023-03-11 23:00:00,62.3607947240764
2023-03-12 00:00:00,62.3608037982614
2023-03-12 01:00:00,62.3318674056811
2023-03-12 02:00:00,62.3317980997411
2023-03-12 03:00:00,62.3317974315295
2023-03-12 04:00:00,62.3318023235586
2023-03-12 05:00:00,62.3608032919592
2023-03-12 06:00:00,62.360775873813
2023-03-12 07:00:00,39.6199788684756
2023-03-12 08:00:00,31.6012195163827
2023-03-12 09:00:00,31.2858529861973
2023-03-12 10:00:00,30.7044695919308
2023-03-12 11:00:00,30.3039950351236
2023-03-12 12:00:00,27.7681369094397
2023-03-12 13:00:00,27.4527321890779
2023-03-12 14:00:00,27.9357678566213
2023-03-12 15:00:00,27.9815018318131
2023-03-12 16:00:00,33.3410917973524
2023-03-12 17:00:00,40.665823417317
2023-03-12 18:00:00,40.6658231066206
2023-03-12 19:00:00,40.4146033323805
2023-03-12 20:00:00,40.4147581649684
2023-03-12 21:00:00,40.4151626560054
2023-03-12 22:00:00,40.415218020972
2023-03-12 23:00:00,38.4986414502466
2023-03-13 00:00:00,35.5723392259637
2023-03-13 01:00:00,33.3858954227925
2023-03-13 02:00:00,33.3858689488817
2023-03-13 03:00:00,33.3858575803228
2023-03-13 04:00:00,33.3858349910505
2023-03-13 05:00:00,33.3858687429837
2023-03-13 06:00:00,32.9195183431809
2023-03-13 07:00:00,14.0223011412076
2023-03-13 08:00:00,4.59517074409069
2023-03-13 09:00:00,3.63589408928894
2023-03-13 10:00:00,3.11863018663923
2023-03-13 11:00:00,3.11860797056331
2023-03-13 12:00:00,3.11860070547491
2023-03-13 13:00:00,3.11861298876384
2023-03-13 14:00:00,3.95283160710752
2023-03-13 15:00:00,14.0222951362729
2023-03-13 16:00:00,14.0223053619783
2023-03-13 17:00:00,24.1639197965537
2023-03-13 18:00:00,31.3628846062112
2023-03-13 19:00:00,31.3628981667992
2023-03-13 20:00:00,31.3628834087038
2023-03-13 21:00:00,31.3628584818776
2023-03-13 22:00:00,31.3628678934369
2023-03-13 23:00:00,31.3628619994677
2023-03-14 00:00:00,31.3628051539654
2023-03-14 01:00:00,28.6965191917497
2023-03-14 02:00:00,29.0284327799496
2023-03-14 03:00:00,30.9056379855429
2023-03-14 04:00:00,32.2266545508151
2023-03-14 05:00:00,32.2283748243418
2023-03-14 06:00:00,32.2283691138113
2023-03-14 07:00:00,30.8428198903181
2023-03-14 08:00:00,16.5874404823777
2023-03-14 09:00:00,14.0223475509502
2023-03-14 10:00:00,14.0223077424528
2023-03-14 11:00:00,14.0223025823835
2023-03-14 12:00:00,14.0223020365865
2023-03-14 13:00:00,14.0223030190233
2023-03-14 14:00:00,14.0223268722287
2023-03-14 15:00:00,17.8689904141022
2023-03-14 16:00:00,32.2283937331735
2023-03-14 17:00:00,57.7993888456306
2023-03-14 18:00:00,62.3608133321737
2023-03-14 19:00:00,63.5103990767113
2023-03-14 20:00:00,63.5104432875326
2023-03-14 21:00:00,63.5214754331154
2023-03-14 22:00:00,63.5223200151211
2023-03-14 23:00:00,63.5216350752916
2023-03-15 00:00:00,63.5216363362856
2023-03-15 01:00:00,63.5216294656549
2023-03-15 02:00:00,63.5216150781359
2023-03-15 03:00:00,63.5216097957185
2023-03-15 04:00:00,63.5216429515811
2023-03-15 05:00:00,64.2941851253144
2023-03-15 06:00:00,64.2946709060662
2023-03-15 07:00:00,46.5078656408419
2023-03-15 08:00:00,35.5386414681752
2023-03-15 09:00:00,35.0859617609436
2023-03-15 10:00:00,35.0859502823889
2023-03-15 11:00:00,35.0859494094219
2023-03-15 12:00:00,35.085948735949
2023-03-15 13:00:00,35.0859490907022
2023-03-15 14:00:00,35.0859512006523
2023-03-15 15:00:00,35.0859967033702
2023-03-15 16:00:00,50.365990961147
2023-03-15 17:00:00,62.7823796246445
2023-03-15 18:00:00,62.7824004499785
2023-03-15 19:00:00,62.7823954724556
2023-03-15 20:00:00,62.7823331997457
2023-03-15 21:00:00,62.7823696513834
2023-03-15 22:00:00,62.36079688491
2023-03-15 23:00:00,62.2936993089099
2023-03-16 00:00:00,62.2937025751987
2023-03-16 01:00:00,62.2936153931545
2023-03-16 02:00:00,58.0377140225097
2023-03-16 03:00:00,54.014821757349
2023-03-16 04:00:00,50.8339390514126
2023-03-16 05:00:00,50.8781400953345
2023-03-16 06:00:00,50.8339038511301
2023-03-16 07:00:00,32.1912845028801
2023-03-16 08:00:00,17.3352559776416
2023-03-16 09:00:00,14.6577357704923
2023-03-16 10:00:00,14.5391966022699
2023-03-16 11:00:00,14.0223729248066
2023-03-16 12:00:00,14.0223033246004
2023-03-16 13:00:00,14.0223026952881
2023-03-16 14:00:00,14.0223882342304
2023-03-16 15:00:00,25.3085493775539
2023-03-16 16:00:00,32.2266318948972
2023-03-16 17:00:00,39.6804270435702
2023-03-16 18:00:00,38.3144955830547
2023-03-16 19:00:00,33.9258171144456
2023-03-16 20:00:00,33.9253254794287
2023-03-16 21:00:00,33.9253635026922
2023-03-16 22:00:00,34.9517001158863
2023-03-16 23:00:00,34.9502986952264
2023-03-17 00:00:00,35.0398727300105
2023-03-17 01:00:00,35.4617376220912
2023-03-17 02:00:00,35.7819531756994
2023-03-17 03:00:00,35.9904706591781
2023-03-17 04:00:00,35.9658200779881
2023-03-17 05:00:00,35.9657131005572
2023-03-17 06:00:00,36.7875407029035
2023-03-17 07:00:00,32.226630783179
2023-03-17 08:00:00,32.1223401821419
2023-03-17 09:00:00,32.1173308064388
2023-03-17 10:00:00,32.1135562743024
2023-03-17 11:00:00,32.1134756960071
2023-03-17 12:00:00,32.1135860743557
2023-03-17 13:00:00,32.1165711956173
2023-03-17 14:00:00,32.1213252444176
2023-03-17 15:00:00,32.2266463556996
2023-03-17 16:00:00,52.6174063154388
2023-03-17 17:00:00,63.8581303022287
2023-03-17 18:00:00,64.2946354372214
2023-03-17 19:00:00,64.294655095574
2023-03-17 20:00:00,64.2945573336421
2023-03-17 21:00:00,64.2945581312504
2023-03-17 22:00:00,64.2945382444341
2023-03-17 23:00:00,64.2942324369343
2023-03-18 00:00:00,64.2941978042656
2023-03-18 01:00:00,64.2941905910361
2023-03-18 02:00:00,64.2941898655394
2023-03-18 03:00:00,64.2941936947074
2023-03-18 04:00:00,64.2942444246454
2023-03-18 05:00:00,64.2947074701402
2023-03-18 06:00:00,64.9608598355477
2023-03-18 07:00:00,50.0422299134561
2023-03-18 08:00:00,44.218117494162
2023-03-18 09:00:00,44.2176498036298
2023-03-18 10:00:00,44.2176494069055
2023-03-18 11:00:00,44.2176507976314
2023-03-18 12:00:00,44.2176537786051
2023-03-18 13:00:00,44.2176627492108
2023-03-18 14:00:00,44.2624100803294
2023-03-18 15:00:00,60.0626295270933
2023-03-18 16:00:00,68.6711717627455
2023-03-18 17:00:00,75.575767068418
2023-03-18 18:00:00,75.5761599052578
2023-03-18 19:00:00,75.576129552607
2023-03-18 20:00:00,74.8063440304526
2023-03-18 21:00:00,73.155217727658
2023-03-18 22:00:00,70.744118365838
2023-03-18 23:00:00,66.4144064842868
2023-03-19 00:00:00,66.4116568471121
2023-03-19 01:00:00,66.4086931961789
2023-03-19 02:00:00,66.4067494034023
2023-03-19 03:00:00,66.408698264513
2023-03-19 04:00:00,66.408784056051
2023-03-19 05:00:00,67.8218229495479
2023-03-19 06:00:00,67.4972296192295
2023-03-19 07:00:00,63.9954847372748
2023-03-19 08:00:00,58.6994170646071
2023-03-19 09:00:00,58.6994186849175
2023-03-19 10:00:00,58.6994285471781
2023-03-19 11:00:00,58.6994280716754
2023-03-19 12:00:00,58.6994283230377
2023-03-19 13:00:00,58.6994313711272
2023-03-19 14:00:00,62.3608046120371
2023-03-19 15:00:00,67.0140511061391
2023-03-19 16:00:00,89.4104287238605
2023-03-19 17:00:00,91.4931876138955
2023-03-19 18:00:00,92.6383885657429
2023-03-19 19:00:00,92.6383732597493
2023-03-19 20:00:00,92.6383646696052
2023-03-19 21:00:00,92.6383591335489
2023-03-19 22:00:00,92.6382890516273
2023-03-19 23:00:00,91.4931516347161
2023-03-20 00:00:00,75.1787862418732
2023-03-20 01:00:00,75.0312409266988
2023-03-20 02:00:00,75.0301805061713
2023-03-20 03:00:00,75.0299090714698
2023-03-20 04:00:00,75.0296146658592
2023-03-20 05:00:00,75.0299367618322
2023-03-20 06:00:00,75.0208723730255
2023-03-20 07:00:00,59.839465599444
2023-03-20 08:00:00,48.4509412356006
2023-03-20 09:00:00,48.4501231830159
2023-03-20 10:00:00,48.4501216664781
2023-03-20 11:00:00,48.4501198058709
2023-03-20 12:00:00,48.4501197176196
2023-03-20 13:00:00,48.4501210922169
2023-03-20 14:00:00,48.4501260809672
2023-03-20 15:00:00,49.5559623580909
2023-03-20 16:00:00,62.3607357395992
2023-03-20 17:00:00,66.8838583352987
2023-03-20 18:00:00,66.890669384993
2023-03-20 19:00:00,66.8906580927428
2023-03-20 20:00:00,66.8890914391393
2023-03-20 21:00:00,66.7872295417704
2023-03-20 22:00:00,66.0845214677433
2023-03-20 23:00:00,64.6280130433554
2023-03-21 00:00:00,64.6132432170264
2023-03-21 01:00:00,64.613152001966
2023-03-21 02:00:00,64.6081710074269
2023-03-21 03:00:00,64.448275552884
2023-03-21 04:00:00,64.4708436167015
2023-03-21 05:00:00,64.6130056625363
2023-03-21 06:00:00,63.8455143554791
2023-03-21 07:00:00,39.8293041634054
2023-03-21 08:00:00,32.2266415320164
2023-03-21 09:00:00,32.2266295660322
2023-03-21 10:00:00,32.226631780667
2023-03-21 11:00:00,32.2266310714977
2023-03-21 12:00:00,32.2266257691863
2023-03-21 13:00:00,31.0900017589136
2023-03-21 14:00:00,31.0898937038791
2023-03-21 15:00:00,32.2266476709948
2023-03-21 16:00:00,38.9636420217286
2023-03-21 17:00:00,58.7009815939759
2023-03-21 18:00:00,59.3315804853816
2023-03-21 19:00:00,59.3315957171541
2023-03-21 20:00:00,59.3315488981138
2023-03-21 21:00:00,59.2082252760573
2023-03-21 22:00:00,51.2100860157216
2023-03-21 23:00:00,51.2090775968659
2023-03-22 00:00:00,50.9935825112413
2023-03-22 01:00:00,49.7983088621001
2023-03-22 02:00:00,49.7355939715317
2023-03-22 03:00:00,48.0843933194278
2023-03-22 04:00:00,50.0610916789656
2023-03-22 05:00:00,49.4037929234341
2023-03-22 06:00:00,50.8381504717988
2023-03-22 07:00:00,14.0223075553493
2023-03-22 08:00:00,2.00109578285372
2023-03-22 09:00:00,1.67703634019524
2023-03-22 10:00:00,1.67671381929194
2023-03-22 11:00:00,1.67693192605095
2023-03-22 12:00:00,1.69427100134763
2023-03-22 13:00:00,1.70888988970562
2023-03-22 14:00:00,1.84368856268572
2023-03-22 15:00:00,14.6577935765027
2023-03-22 16:00:00,31.4379063208763
2023-03-22 17:00:00,33.383401681211
2023-03-22 18:00:00,33.3858486652886
2023-03-22 19:00:00,33.3834656192981
2023-03-22 20:00:00,33.3834373587103
2023-03-22 21:00:00,33.3834577447439
2023-03-22 22:00:00,33.3834676299996
2023-03-22 23:00:00,33.3833875718063
2023-03-23 00:00:00,33.3833798790965
2023-03-23 01:00:00,33.3833375207356
2023-03-23 02:00:00,33.3830189404931
2023-03-23 03:00:00,32.2266802951531
2023-03-23 04:00:00,32.2269133817813
2023-03-23 05:00:00,33.3828835296615
2023-03-23 06:00:00,33.3829619117642
2023-03-23 07:00:00,1.53826297036763
2023-03-23 08:00:00,1.28466116346835
2023-03-23 09:00:00,1.22612624957526
2023-03-23 10:00:00,1.22612543656378
2023-03-23 11:00:00,1.22611404710433
2023-03-23 12:00:00,1.22606992780812
2023-03-23 13:00:00,1.22605769044249
2023-03-23 14:00:00,1.22613716747312
2023-03-23 15:00:00,14.0223035972029
2023-03-23 16:00:00,27.3374684781073
2023-03-23 17:00:00,33.3834503859405
2023-03-23 18:00:00,33.4126408154999
2023-03-23 19:00:00,33.3834654101561
2023-03-23 20:00:00,32.2270046148998
2023-03-23 21:00:00,32.2269800230116
2023-03-23 22:00:00,32.2269602562786
2023-03-23 23:00:00,32.2269417553237
2023-03-24 00:00:00,32.2267141174228
2023-03-24 01:00:00,32.2266368381985
2023-03-24 02:00:00,32.2266321572907
2023-03-24 03:00:00,32.2266322070141
2023-03-24 04:00:00,32.2266339806566
2023-03-24 05:00:00,32.2266420348108
2023-03-24 06:00:00,32.2266264780086
2023-03-24 07:00:00,14.0222990822417
2023-03-24 08:00:00,2.35285663721501
2023-03-24 09:00:00,1.97743312005738
2023-03-24 10:00:00,1.97934925704766
2023-03-24 11:00:00,1.97861033274883
2023-03-24 12:00:00,1.97741354531041
2023-03-24 13:00:00,1.97848109120394
2023-03-24 14:00:00,1.97894504550166
2023-03-24 15:00:00,14.0223008356253
2023-03-24 16:00:00,24.162711566338
2023-03-24 17:00:00,31.5498552332687
2023-03-24 18:00:00,32.2266188236385
2023-03-24 19:00:00,32.2266178282859
2023-03-24 20:00:00,32.2265988527336
2023-03-24 21:00:00,32.2265200030109
2023-03-24 22:00:00,31.5498889785026
2023-03-24 23:00:00,31.5498865232533
2023-03-25 00:00:00,31.5503555409839
2023-03-25 01:00:00,32.2266235325919
2023-03-25 02:00:00,32.2266195841375
2023-03-25 03:00:00,32.2266267956627
2023-03-25 04:00:00,32.2266300764136
2023-03-25 05:00:00,32.226643928046
2023-03-25 06:00:00,32.2266272972904
2023-03-25 07:00:00,15.7613473738557
2023-03-25 08:00:00,14.0222984223074
2023-03-25 09:00:00,13.6418128149377
2023-03-25 10:00:00,14.0222999225298
2023-03-25 11:00:00,14.0222833869598
2023-03-25 12:00:00,14.0222866419818
2023-03-25 13:00:00,14.0222918356335
2023-03-25 14:00:00,14.0223021471378
2023-03-25 15:00:00,29.6432471057026
2023-03-25 16:00:00,40.4795978008687
2023-03-25 17:00:00,61.8389393819054
2023-03-25 18:00:00,61.8535037643712
2023-03-25 19:00:00,61.8535027559145
2023-03-25 20:00:00,61.8534930922767
2023-03-25 21:00:00,61.8532242752813
2023-03-25 22:00:00,61.8534851105002
2023-03-25 23:00:00,61.8424575990845
2023-03-26 00:00:00,61.8388825779224
2023-03-26 01:00:00,61.8388640415037
2023-03-26 02:00:00,60.8615002564161
2023-03-26 03:00:00,60.7277166910475
2023-03-26 04:00:00,60.8706795507914
2023-03-26 05:00:00,60.8706863873732
2023-03-26 06:00:00,47.5954819485108
2023-03-26 07:00:00,42.5957411583174
2023-03-26 08:00:00,38.5324931404943
2023-03-26 09:00:00,38.5324937310623
2023-03-26 10:00:00,38.532495746137
2023-03-26 11:00:00,38.5324970046722
2023-03-26 12:00:00,38.5324979244445
2023-03-26 13:00:00,38.532500215916
2023-03-26 14:00:00,38.532509857746
2023-03-26 15:00:00,42.5957778548783
2023-03-26 16:00:00,47.484595975664
2023-03-26 17:00:00,55.8276690489066
2023-03-26 18:00:00,63.521598549195
2023-03-26 19:00:00,63.5215996459092
2023-03-26 20:00:00,63.5695398522807
2023-03-26 21:00:00,64.261961693714
2023-03-26 22:00:00,64.294135011496
2023-03-26 23:00:00,64.2941395324237
2023-03-27 00:00:00,64.2941418838496
2023-03-27 01:00:00,64.2941430220356
2023-03-27 02:00:00,64.2858455371722
2023-03-27 03:00:00,63.5212591928863
2023-03-27 04:00:00,63.8854540384063
2023-03-27 05:00:00,63.9343932134823
2023-03-27 06:00:00,46.920369294316
2023-03-27 07:00:00,45.542743214536
2023-03-27 08:00:00,36.8697708650383
2023-03-27 09:00:00,36.8697709180231
2023-03-27 10:00:00,36.869771423323
2023-03-27 11:00:00,36.8697717826777
2023-03-27 12:00:00,36.8697721160659
2023-03-27 13:00:00,36.8697728883794
2023-03-27 14:00:00,36.8697900629633
2023-03-27 15:00:00,37.7792753235899
2023-03-27 16:00:00,52.617029880781
2023-03-27 17:00:00,63.5218525238395
2023-03-27 18:00:00,64.2971827882733
2023-03-27 19:00:00,64.297175830606
2023-03-27 20:00:00,64.294679891232
2023-03-27 21:00:00,63.5216134138348
2023-03-27 22:00:00,63.2897718494092
2023-03-27 23:00:00,62.360823284794
2023-03-28 00:00:00,62.3607940995773
2023-03-28 01:00:00,60.0516405492041
2023-03-28 02:00:00,59.9949261149836
2023-03-28 03:00:00,59.9949203989199
2023-03-28 04:00:00,59.9949746674441
2023-03-28 05:00:00,59.996115607445
2023-03-28 06:00:00,39.8134044613642
2023-03-28 07:00:00,32.2284121281879
2023-03-28 08:00:00,32.2266238164265
2023-03-28 09:00:00,32.2266129826234
2023-03-28 10:00:00,32.2266131672469
2023-03-28 11:00:00,32.2265951785659
2023-03-28 12:00:00,32.2258967625613
2023-03-28 13:00:00,32.2259722190522
2023-03-28 14:00:00,32.2266015051381
2023-03-28 15:00:00,32.2266304346915
2023-03-28 16:00:00,49.1329932097135
2023-03-28 17:00:00,62.3607499626599
2023-03-28 18:00:00,62.3608431866745
2023-03-28 19:00:00,62.3608425499153
2023-03-28 20:00:00,62.3608410146257
2023-03-28 21:00:00,62.3608484173682
2023-03-28 22:00:00,62.3607479465445
2023-03-28 23:00:00,62.1173303332259
2023-03-29 00:00:00,62.3607788250846
2023-03-29 01:00:00,62.3607942983964
2023-03-29 02:00:00,62.3608000548311
2023-03-29 03:00:00,62.3607851437769
2023-03-29 04:00:00,62.3607804304535
2023-03-29 05:00:00,59.3388663739105
2023-03-29 06:00:00,39.3105082379261
2023-03-29 07:00:00,33.4032538606211
2023-03-29 08:00:00,30.6581635500456
2023-03-29 09:00:00,29.234908463195
2023-03-29 10:00:00,29.2349032007819
2023-03-29 11:00:00,29.2348997486463
2023-03-29 12:00:00,29.2348971214872
2023-03-29 13:00:00,29.2348931552736
2023-03-29 14:00:00,29.2348993032805
2023-03-29 15:00:00,29.2349277160882
2023-03-29 16:00:00,33.414615192846
2023-03-29 17:00:00,48.0970943246396
2023-03-29 18:00:00,48.2113244577389
2023-03-29 19:00:00,48.2113199587608
2023-03-29 20:00:00,48.2103526795242
2023-03-29 21:00:00,48.2112595466817
2023-03-29 22:00:00,48.21131666533
2023-03-29 23:00:00,48.0971365477785
2023-03-30 00:00:00,48.0973210104031
2023-03-30 01:00:00,46.6480004997033
2023-03-30 02:00:00,45.249077131744
2023-03-30 03:00:00,43.0555948393373
2023-03-30 04:00:00,43.0554766808991
2023-03-30 05:00:00,40.1244310189751
2023-03-30 06:00:00,27.3374655545101
2023-03-30 07:00:00,17.3360066770636
2023-03-30 08:00:00,14.0223153779343
2023-03-30 09:00:00,14.022309059554
2023-03-30 10:00:00,14.0223148237619
2023-03-30 11:00:00,14.0223130893734
2023-03-30 12:00:00,14.022303823759
2023-03-30 13:00:00,14.0223038271442
2023-03-30 14:00:00,14.0223101057203
2023-03-30 15:00:00,14.0223393892939
2023-03-30 16:00:00,28.1675136027994
2023-03-30 17:00:00,33.8400659767684
2023-03-30 18:00:00,37.3232843241078
2023-03-30 19:00:00,37.3232868302047
2023-03-30 20:00:00,37.3232076805984
2023-03-30 21:00:00,37.3231793726638
2023-03-30 22:00:00,37.176080493598
2023-03-30 23:00:00,35.0455426259809
2023-03-31 00:00:00,33.9312998448569
2023-03-31 01:00:00,33.9250869719456
2023-03-31 02:00:00,33.413559710479
2023-03-31 03:00:00,33.7430366842731
2023-03-31 04:00:00,34.5940026068066
2023-03-31 05:00:00,34.9638513518651
2023-03-31 06:00:00,32.2266191913896
2023-03-31 07:00:00,31.0839170786176
2023-03-31 08:00:00,28.173654512365
2023-03-31 09:00:00,28.1676112234997
2023-03-31 10:00:00,28.1676080947887
2023-03-31 11:00:00,28.1676036407237
2023-03-31 12:00:00,28.1675719047088
2023-03-31 13:00:00,28.1675133910262
2023-03-31 14:00:00,28.167754956957
2023-03-31 15:00:00,28.7729319112075
2023-03-31 16:00:00,31.0839076218886
2023-03-31 17:00:00,32.226644469239
2023-03-31 18:00:00,33.9235096931766
2023-03-31 19:00:00,33.7223764523888
2023-03-31 20:00:00,33.722434965187
2023-03-31 21:00:00,33.5723675914327
2023-03-31 22:00:00,33.4133865207076
2023-03-31 23:00:00,33.4132047255691
2023-04-01 00:00:00,33.4131848312417
2023-04-01 01:00:00,33.3861699588329
2023-04-01 02:00:00,33.3858711722908
2023-04-01 03:00:00,33.3858621498177
2023-04-01 04:00:00,33.3858766782788
2023-04-01 05:00:00,33.3858829225912
2023-04-01 06:00:00,32.2266190863936
2023-04-01 07:00:00,31.083916160203
2023-04-01 08:00:00,26.7517106121293
2023-04-01 09:00:00,26.1767396283062
2023-04-01 10:00:00,26.7515893386002
2023-04-01 11:00:00,26.7516101781708
2023-04-01 12:00:00,26.7516002457285
2023-04-01 13:00:00,26.7516244253746
2023-04-01 14:00:00,28.1672802606242
2023-04-01 15:00:00,31.083889322129
2023-04-01 16:00:00,32.226620698792
2023-04-01 17:00:00,37.1658913381802
2023-04-01 18:00:00,47.0346535190053
2023-04-01 19:00:00,47.743345122146
2023-04-01 20:00:00,47.8640406990591
2023-04-01 21:00:00,47.566965874031
2023-04-01 22:00:00,48.2114206512468
2023-04-01 23:00:00,48.2113819433149
2023-04-02 00:00:00,48.2114221603892
2023-04-02 01:00:00,48.2113990928138
2023-04-02 02:00:00,48.211379991236
2023-04-02 03:00:00,48.2113864969318
2023-04-02 04:00:00,48.2114357695546
2023-04-02 05:00:00,48.2114501825571
2023-04-02 06:00:00,43.9878664824664
2023-04-02 07:00:00,36.1511142834277
2023-04-02 08:00:00,35.6104459180245
2023-04-02 09:00:00,35.6104469469433
2023-04-02 10:00:00,35.6104521461537
2023-04-02 11:00:00,35.6104513275966
2023-04-02 12:00:00,35.6104528150353
2023-04-02 13:00:00,35.6104586234164
2023-04-02 14:00:00,35.6105443631067
2023-04-02 15:00:00,44.6626700911477
2023-04-02 16:00:00,52.6171832233925
2023-04-02 17:00:00,64.3488969259975
2023-04-02 18:00:00,64.3506579389045
2023-04-02 19:00:00,64.3506603680282
2023-04-02 20:00:00,64.3506623587367
2023-04-02 21:00:00,64.3506551973518
2023-04-02 22:00:00,64.3506564390535
2023-04-02 23:00:00,64.3506374815549
2023-04-03 00:00:00,64.3506005551709
2023-04-03 01:00:00,64.3505608116143
2023-04-03 02:00:00,64.3497949237977
2023-04-03 03:00:00,64.3498860304427
2023-04-03 04:00:00,64.3506668251358
2023-04-03 05:00:00,64.3503345634077
2023-04-03 06:00:00,54.8634734330515
2023-04-03 07:00:00,48.4537380015591
2023-04-03 08:00:00,44.4195727074911
2023-04-03 09:00:00,44.4195627622878
2023-04-03 10:00:00,44.4195627128761
2023-04-03 11:00:00,44.4195621180826
2023-04-03 12:00:00,44.4195621670951
2023-04-03 13:00:00,44.4195627441606
2023-04-03 14:00:00,44.4195651945194
2023-04-03 15:00:00,44.4198511761115
2023-04-03 16:00:00,56.9346586627949
2023-04-03 17:00:00,65.0079183997242
2023-04-03 18:00:00,65.008299997246
2023-04-03 19:00:00,65.0080571917257
2023-04-03 20:00:00,65.0080493312541
2023-04-03 21:00:00,65.0080596291963
2023-04-03 22:00:00,64.6132785849803
2023-04-03 23:00:00,65.0075639123286
2023-04-04 00:00:00,65.0080769143328
2023-04-04 01:00:00,65.0080796418767
2023-04-04 02:00:00,65.0080878231215
2023-04-04 03:00:00,65.0080847769865
2023-04-04 04:00:00,65.1704449944645
2023-04-04 05:00:00,65.1704598512611
2023-04-04 06:00:00,52.6359809207196
2023-04-04 07:00:00,42.3456086175654
2023-04-04 08:00:00,34.2800440098411
2023-04-04 09:00:00,34.2800416466161
2023-04-04 10:00:00,34.2800410975503
2023-04-04 11:00:00,34.2800409318355
2023-04-04 12:00:00,34.2800411965933
2023-04-04 13:00:00,34.2800421734715
2023-04-04 14:00:00,34.2800458946741
2023-04-04 15:00:00,48.7486302144599
2023-04-04 16:00:00,62.3625484288926
2023-04-04 17:00:00,77.017262834864
2023-04-04 18:00:00,77.7998106340921
2023-04-04 19:00:00,77.7997761224877
2023-04-04 20:00:00,77.7528645413799
2023-04-04 21:00:00,77.7167618559931
2023-04-04 22:00:00,77.0098515544788
2023-04-04 23:00:00,76.5340063287672
2023-04-05 00:00:00,77.010169864235
2023-04-05 01:00:00,77.7797155237728
2023-04-05 02:00:00,76.5341974248052
2023-04-05 03:00:00,76.5339841333068
2023-04-05 04:00:00,77.7998292991355
2023-04-05 05:00:00,77.7998127146588
2023-04-05 06:00:00,62.360826824508
2023-04-05 07:00:00,52.9231297591228
2023-04-05 08:00:00,49.1656799340462
2023-04-05 09:00:00,49.1656730463943
2023-04-05 10:00:00,49.1656721918088
2023-04-05 11:00:00,49.1656718639187
2023-04-05 12:00:00,49.1656722746781
2023-04-05 13:00:00,49.1656748091222
2023-04-05 14:00:00,49.1656959584312
2023-04-05 15:00:00,59.5087874089529
2023-04-05 16:00:00,66.8508937521899
2023-04-05 17:00:00,81.3276392395381
2023-04-05 18:00:00,82.2627689433936
2023-04-05 19:00:00,82.2627722050306
2023-04-05 20:00:00,82.2627785806594
2023-04-05 21:00:00,82.2627776147765
2023-04-05 22:00:00,82.262718673889
2023-04-05 23:00:00,80.9349645336921
2023-04-06 00:00:00,74.8661686488962
2023-04-06 01:00:00,67.4972622537662
2023-04-06 02:00:00,66.852614248719
2023-04-06 03:00:00,66.7450158932874
2023-04-06 04:00:00,66.7450124634144
2023-04-06 05:00:00,66.6586036223997
2023-04-06 06:00:00,43.829386312621
2023-04-06 07:00:00,33.5967932317626
2023-04-06 08:00:00,32.2283860225528
2023-04-06 09:00:00,32.2283824814482
2023-04-06 10:00:00,32.2283841858803
2023-04-06 11:00:00,32.228381541858
2023-04-06 12:00:00,32.2283810823748
2023-04-06 13:00:00,32.2283813244973
2023-04-06 14:00:00,32.2283823057133
2023-04-06 15:00:00,32.228385557796
2023-04-06 16:00:00,48.2526387809703
2023-04-06 17:00:00,62.0837750950911
2023-04-06 18:00:00,64.2941970251534
2023-04-06 19:00:00,64.3460126231419
2023-04-06 20:00:00,64.3460614963727
2023-04-06 21:00:00,64.3460753434758
2023-04-06 22:00:00,64.3460761360423
2023-04-06 23:00:00,64.3460750490329
2023-04-07 00:00:00,64.3460803244574
2023-04-07 01:00:00,64.3460739573268
2023-04-07 02:00:00,64.3460565530545
2023-04-07 03:00:00,64.3460336687397
2023-04-07 04:00:00,64.3459824336064
2023-04-07 05:00:00,64.2941578854428
2023-04-07 06:00:00,50.2515404782239
2023-04-07 07:00:00,48.2524172837502
2023-04-07 08:00:00,40.6839110566791
2023-04-07 09:00:00,40.6838985628001
2023-04-07 10:00:00,40.6838998302619
2023-04-07 11:00:00,40.6838997770781
2023-04-07 12:00:00,40.6839003359998
2023-04-07 13:00:00,40.6839021915067
2023-04-07 14:00:00,40.6839079415628
2023-04-07 15:00:00,48.25273463681
2023-04-07 16:00:00,62.0648872419794
2023-04-07 17:00:00,66.2920891374192
2023-04-07 18:00:00,67.4972825358352
2023-04-07 19:00:00,67.4972877052682
2023-04-07 20:00:00,67.497243352726
2023-04-07 21:00:00,66.2923671412627
2023-04-07 22:00:00,65.3221630105782
2023-04-07 23:00:00,65.3196762157994
2023-04-08 00:00:00,65.4824361831902
2023-04-08 01:00:00,66.2920375773947
2023-04-08 02:00:00,66.2921129864937
2023-04-08 03:00:00,66.3917050472301
2023-04-08 04:00:00,67.79015816841
2023-04-08 05:00:00,68.9602094647017
2023-04-08 06:00:00,62.5131219059861
2023-04-08 07:00:00,59.1171375201861
2023-04-08 08:00:00,50.6157510173094
2023-04-08 09:00:00,50.6157482228485
2023-04-08 10:00:00,50.615747951268
2023-04-08 11:00:00,50.6157479501993
2023-04-08 12:00:00,50.6157484738188
2023-04-08 13:00:00,50.615750208379
2023-04-08 14:00:00,50.6157549899758
2023-04-08 15:00:00,58.1659027603162
2023-04-08 16:00:00,63.5550825896836
2023-04-08 17:00:00,71.8406999340335
2023-04-08 18:00:00,72.6550448893562
2023-04-08 19:00:00,72.6548789833993
2023-04-08 20:00:00,72.6548455688724
2023-04-08 21:00:00,72.6546495963906
2023-04-08 22:00:00,71.6383884405209
2023-04-08 23:00:00,71.1204126787764
2023-04-09 00:00:00,71.1204211429018
2023-04-09 01:00:00,70.8553957709974
2023-04-09 02:00:00,69.7290393669681
2023-04-09 03:00:00,72.1377849752071
2023-04-09 04:00:00,72.6550644386384
2023-04-09 05:00:00,72.6550727884542
2023-04-09 06:00:00,58.6563796912766
2023-04-09 07:00:00,47.6591999832051
2023-04-09 08:00:00,38.5841047044762
2023-04-09 09:00:00,38.5840970899461
2023-04-09 10:00:00,38.584096224091
2023-04-09 11:00:00,38.5840955191572
2023-04-09 12:00:00,38.5840954857394
2023-04-09 13:00:00,38.5840965882662
2023-04-09 14:00:00,38.5840997196479
2023-04-09 15:00:00,42.2266310998813
2023-04-09 16:00:00,56.272285157308
2023-04-09 17:00:00,64.2939544341428
2023-04-09 18:00:00,64.4413025570883
2023-04-09 19:00:00,64.4413008467867
2023-04-09 20:00:00,64.364037319747
2023-04-09 21:00:00,64.351227136208
2023-04-09 22:00:00,64.2941277147176
2023-04-09 23:00:00,63.5554169008548
2023-04-10 00:00:00,63.3836595875875
2023-04-10 01:00:00,63.3598488996677
2023-04-10 02:00:00,62.3608424920908
2023-04-10 03:00:00,62.3609292648392
2023-04-10 04:00:00,63.1489927333181
2023-04-10 05:00:00,63.1366989610972
2023-04-10 06:00:00,35.2842578029078
2023-04-10 07:00:00,32.226626894264
2023-04-10 08:00:00,28.5604155062673
2023-04-10 09:00:00,26.1973634833145
2023-04-10 10:00:00,27.6954947144286
2023-04-10 11:00:00,15.2487093007529
2023-04-10 12:00:00,14.5441220543054
2023-04-10 13:00:00,14.5441529245226
2023-04-10 14:00:00,14.5442362386951
2023-04-10 15:00:00,14.6577481688347
2023-04-10 16:00:00,30.8442501261972
2023-04-10 17:00:00,32.2267030545743
2023-04-10 18:00:00,32.22764250315
2023-04-10 19:00:00,32.2266830111503
2023-04-10 20:00:00,33.3836019085692
2023-04-10 21:00:00,33.3830975667893
2023-04-10 22:00:00,32.2266299414088
2023-04-10 23:00:00,32.2266282532852
2023-04-11 00:00:00,32.226628123983
2023-04-11 01:00:00,32.2266372805256
2023-04-11 02:00:00,32.2266407834552
2023-04-11 03:00:00,33.413270702699
2023-04-11 04:00:00,37.90647650187
2023-04-11 05:00:00,38.1034327417426
2023-04-11 06:00:00,33.921987963212
2023-04-11 07:00:00,32.2266179044701
2023-04-11 08:00:00,30.4364126853053
2023-04-11 09:00:00,29.472106150724
2023-04-11 10:00:00,30.8438011419482
2023-04-11 11:00:00,30.1286215505525
2023-04-11 12:00:00,29.472073126971
2023-04-11 13:00:00,29.4720787487424
2023-04-11 14:00:00,30.2426029125791
2023-04-11 15:00:00,31.0897344160196
2023-04-11 16:00:00,33.4132083484931
2023-04-11 17:00:00,48.2114168706225
2023-04-11 18:00:00,52.1287106285889
2023-04-11 19:00:00,52.128709823256
2023-04-11 20:00:00,52.1286733934483
2023-04-11 21:00:00,52.1286954423852
2023-04-11 22:00:00,51.6980170400208
2023-04-11 23:00:00,46.4953742451547
2023-04-12 00:00:00,42.2047592146919
2023-04-12 01:00:00,42.2044586339155
2023-04-12 02:00:00,42.2044290039209
2023-04-12 03:00:00,42.2044240085736
2023-04-12 04:00:00,42.2044369242819
2023-04-12 05:00:00,42.2045340996817
2023-04-12 06:00:00,32.2268735717746
2023-04-12 07:00:00,31.0899526204528
2023-04-12 08:00:00,29.1236175509835
2023-04-12 09:00:00,26.1763478766594
2023-04-12 10:00:00,27.9273807644564
2023-04-12 11:00:00,26.176354943266
2023-04-12 12:00:00,26.1763404627692
2023-04-12 13:00:00,26.1763365372685
2023-04-12 14:00:00,26.1763526715858
2023-04-12 15:00:00,30.0370447104075
2023-04-12 16:00:00,32.226596189193
2023-04-12 17:00:00,32.2283641646773
2023-04-12 18:00:00,33.4132029318179
2023-04-12 19:00:00,33.4132078671365
2023-04-12 20:00:00,33.4144976731658
2023-04-12 21:00:00,33.4149681327746
2023-04-12 22:00:00,33.41331402099
2023-04-12 23:00:00,32.2283803689571
2023-04-13 00:00:00,32.2280136118041
2023-04-13 01:00:00,32.2267194449562
2023-04-13 02:00:00,32.2283385069458
2023-04-13 03:00:00,32.2283593200506
2023-04-13 04:00:00,32.2283844327334
2023-04-13 05:00:00,32.2285995275857
2023-04-13 06:00:00,32.2266289706486
2023-04-13 07:00:00,31.9236491863923
2023-04-13 08:00:00,31.0632937238491
2023-04-13 09:00:00,31.0633065528333
2023-04-13 10:00:00,31.0897279368995
2023-04-13 11:00:00,31.0897262878777
2023-04-13 12:00:00,31.0897350857251
2023-04-13 13:00:00,31.0897632618411
2023-04-13 14:00:00,31.0898551156626
2023-04-13 15:00:00,31.6459413938362
2023-04-13 16:00:00,32.2266315339503
2023-04-13 17:00:00,50.3660270806104
2023-04-13 18:00:00,62.3594981304621
2023-04-13 19:00:00,62.3607759399779
2023-04-13 20:00:00,62.3608160230237
2023-04-13 21:00:00,62.3608312372982
2023-04-13 22:00:00,62.3608311706846
2023-04-13 23:00:00,62.3608210276156
2023-04-14 00:00:00,62.3608040217466
2023-04-14 01:00:00,62.3607717586466
2023-04-14 02:00:00,62.3607477313382
2023-04-14 03:00:00,62.3605114496919
2023-04-14 04:00:00,62.3604268842392
2023-04-14 05:00:00,62.2293689717031
2023-04-14 06:00:00,39.8104777971741
2023-04-14 07:00:00,32.2283738145204
2023-04-14 08:00:00,32.2266344396595
2023-04-14 09:00:00,32.2266338751078
2023-04-14 10:00:00,32.2266344027591
2023-04-14 11:00:00,32.2266340609338
2023-04-14 12:00:00,32.2266344911474
2023-04-14 13:00:00,32.2266356165482
2023-04-14 14:00:00,32.2266388882605
2023-04-14 15:00:00,32.2266507949197
2023-04-14 16:00:00,43.8226628787634
2023-04-14 17:00:00,55.1030296241162
2023-04-14 18:00:00,62.3605063291329
2023-04-14 19:00:00,62.3605847339129
2023-04-14 20:00:00,62.3605902099304
2023-04-14 21:00:00,62.3605861814847
2023-04-14 22:00:00,62.3605304964535
2023-04-14 23:00:00,62.3604565093588
2023-04-15 00:00:00,62.360456270822
2023-04-15 01:00:00,62.3603814699027
2023-04-15 02:00:00,62.3591079683296
2023-04-15 03:00:00,62.354999241544
2023-04-15 04:00:00,62.3604510688383
2023-04-15 05:00:00,62.3605524880174
2023-04-15 06:00:00,39.8158643381252
2023-04-15 07:00:00,34.4932148899692
2023-04-15 08:00:00,32.2283815895818
2023-04-15 09:00:00,32.2283808170198
2023-04-15 10:00:00,32.2283817653594
2023-04-15 11:00:00,32.228381885742
2023-04-15 12:00:00,32.228382483392
2023-04-15 13:00:00,32.2283842305498
2023-04-15 14:00:00,32.2283897262927
2023-04-15 15:00:00,38.2230749867028
2023-04-15 16:00:00,46.7629412803984
2023-04-15 17:00:00,56.8113731205361
2023-04-15 18:00:00,63.5216437022508
2023-04-15 19:00:00,64.0022326586178
2023-04-15 20:00:00,64.2941274237515
2023-04-15 21:00:00,64.2941288502286
2023-04-15 22:00:00,64.2963195471819
2023-04-15 23:00:00,64.2963887382268
2023-04-16 00:00:00,64.2963794378672
2023-04-16 01:00:00,64.2942955540313
2023-04-16 02:00:00,64.2942281182825
2023-04-16 03:00:00,64.2943014927676
2023-04-16 04:00:00,64.2964019100156
2023-04-16 05:00:00,64.2964070684653
2023-04-16 06:00:00,59.5490747968662
2023-04-16 07:00:00,50.2298703363612
2023-04-16 08:00:00,48.2149080042273
2023-04-16 09:00:00,48.2149013533507
2023-04-16 10:00:00,48.2149004715815
2023-04-16 11:00:00,48.2149004078471
2023-04-16 12:00:00,48.2149012390207
2023-04-16 13:00:00,48.2149032336188
2023-04-16 14:00:00,48.2149092946489
2023-04-16 15:00:00,59.899496385063
2023-04-16 16:00:00,64.0232844202059
2023-04-16 17:00:00,77.3287445681173
2023-04-16 18:00:00,79.0655390108127
2023-04-16 19:00:00,79.0655437654818
2023-04-16 20:00:00,79.0655359482932
2023-04-16 21:00:00,79.0655012327299
2023-04-16 22:00:00,79.0653179129488
2023-04-16 23:00:00,79.0652594775031
2023-04-17 00:00:00,79.0652296729859
2023-04-17 01:00:00,79.0649338026467
2023-04-17 02:00:00,79.0634556150679
2023-04-17 03:00:00,79.0558514375775
2023-04-17 04:00:00,79.0652653080615
2023-04-17 05:00:00,79.0653735213183
2023-04-17 06:00:00,62.3608091621417
2023-04-17 07:00:00,58.0423736891189
2023-04-17 08:00:00,49.6511768601005
2023-04-17 09:00:00,49.6511741490227
2023-04-17 10:00:00,49.6511741323853
2023-04-17 11:00:00,49.6511741623738
2023-04-17 12:00:00,49.6511745166618
2023-04-17 13:00:00,49.6511754438489
2023-04-17 14:00:00,49.651177820224
2023-04-17 15:00:00,49.6511847937254
2023-04-17 16:00:00,52.617315586906
2023-04-17 17:00:00,63.5215958567861
2023-04-17 18:00:00,64.294200269394
2023-04-17 19:00:00,64.2941686458304
2023-04-17 20:00:00,64.2941087449371
2023-04-17 21:00:00,64.2940050833832
2023-04-17 22:00:00,62.7675525490533
2023-04-17 23:00:00,62.360850409083
2023-04-18 00:00:00,62.3608276970177
2023-04-18 01:00:00,62.3608182391226
2023-04-18 02:00:00,62.3607925691924
2023-04-18 03:00:00,62.3607409679238
2023-04-18 04:00:00,62.3608040738228
2023-04-18 05:00:00,62.2570348014146
2023-04-18 06:00:00,39.8101852592565
2023-04-18 07:00:00,32.226626751475
2023-04-18 08:00:00,32.2263695033079
2023-04-18 09:00:00,32.2263606325907
2023-04-18 10:00:00,32.2263791103183
2023-04-18 11:00:00,32.2263805665564
2023-04-18 12:00:00,32.2263807240034
2023-04-18 13:00:00,32.2263820401662
2023-04-18 14:00:00,32.2263873210492
2023-04-18 15:00:00,32.2266165264358
2023-04-18 16:00:00,34.978880414629
2023-04-18 17:00:00,46.6484628248911
2023-04-18 18:00:00,46.6485487870263
2023-04-18 19:00:00,46.6485387441945
2023-04-18 20:00:00,46.6484838052871
2023-04-18 21:00:00,46.6483118346986
2023-04-18 22:00:00,40.7723506934656
2023-04-18 23:00:00,46.5806770119588
2023-04-19 00:00:00,46.648450923078
2023-04-19 01:00:00,46.6484658971872
2023-04-19 02:00:00,46.6484706506366
2023-04-19 03:00:00,46.648959022393
2023-04-19 04:00:00,46.6496170560164
2023-04-19 05:00:00,46.6496256469629
2023-04-19 06:00:00,32.2266330951531
2023-04-19 07:00:00,30.5542883001612
2023-04-19 08:00:00,24.7291302456067
2023-04-19 09:00:00,24.7291217466359
2023-04-19 10:00:00,24.7291220836269
2023-04-19 11:00:00,24.7291194561809
2023-04-19 12:00:00,24.7291138982344
2023-04-19 13:00:00,24.7291169483945
2023-04-19 14:00:00,24.729154563692
2023-04-19 15:00:00,26.3454001191242
2023-04-19 16:00:00,31.549838888265
2023-04-19 17:00:00,38.5744878247327
2023-04-19 18:00:00,38.9747644738555
2023-04-19 19:00:00,38.9747530505744
2023-04-19 20:00:00,38.9747488010483
2023-04-19 21:00:00,38.9644887714951
2023-04-19 22:00:00,34.6884000979492
2023-04-19 23:00:00,34.432699539751
2023-04-20 00:00:00,33.414116884082
2023-04-20 01:00:00,33.4132947896005
2023-04-20 02:00:00,33.4132462071674
2023-04-20 03:00:00,33.4132987385899
2023-04-20 04:00:00,33.5992688404949
2023-04-20 05:00:00,33.6007665601308
2023-04-20 06:00:00,32.226660959351
2023-04-20 07:00:00,32.22661752858
2023-04-20 08:00:00,29.6834604741619
2023-04-20 09:00:00,29.6833857387752
2023-04-20 10:00:00,29.6833888482164
2023-04-20 11:00:00,29.6833860664989
2023-04-20 12:00:00,29.6833833213035
2023-04-20 13:00:00,29.6833885462038
2023-04-20 14:00:00,29.6835533064426
2023-04-20 15:00:00,31.0839643885626
2023-04-20 16:00:00,32.226628976403
2023-04-20 17:00:00,33.7429327421094
2023-04-20 18:00:00,39.6627662075373
2023-04-20 19:00:00,39.6625794160052
2023-04-20 20:00:00,39.692315770181
2023-04-20 21:00:00,39.7459953767072
2023-04-20 22:00:00,34.8883688062086
2023-04-20 23:00:00,39.3226091053616
2023-04-21 00:00:00,39.6928487462482
2023-04-21 01:00:00,41.4550633901922
2023-04-21 02:00:00,41.4551795626804
2023-04-21 03:00:00,41.455201086633
2023-04-21 04:00:00,41.4552083804369
2023-04-21 05:00:00,41.4552159837904
2023-04-21 06:00:00,32.3208362458877
2023-04-21 07:00:00,32.218721252094
2023-04-21 08:00:00,31.0840674735298
2023-04-21 09:00:00,31.0840136670821
2023-04-21 10:00:00,31.0840135797181
2023-04-21 11:00:00,31.0840117251192
2023-04-21 12:00:00,31.0840125474942
2023-04-21 13:00:00,31.084019333773
2023-04-21 14:00:00,31.5038286821627
2023-04-21 15:00:00,32.223945621682
2023-04-21 16:00:00,48.5857903463609
2023-04-21 17:00:00,62.3607102835527
2023-04-21 18:00:00,62.6625484857179
2023-04-21 19:00:00,62.6626124870075
2023-04-21 20:00:00,62.6626598001705
2023-04-21 21:00:00,62.6625540315184
2023-04-21 22:00:00,62.3830996612493
2023-04-21 23:00:00,62.6623069117411
2023-04-22 00:00:00,62.6625595462083
2023-04-22 01:00:00,62.6625788283125
2023-04-22 02:00:00,62.6626038807819
2023-04-22 03:00:00,62.6626826604046
2023-04-22 04:00:00,62.6627429685975
2023-04-22 05:00:00,62.6627530833899
2023-04-22 06:00:00,48.2113845714906
2023-04-22 07:00:00,46.1063973241204
2023-04-22 08:00:00,44.3909198134296
2023-04-22 09:00:00,40.7397613777248
2023-04-22 10:00:00,40.7397568571224
2023-04-22 11:00:00,40.7397561393997
2023-04-22 12:00:00,40.7397569062543
2023-04-22 13:00:00,40.7397610854091
2023-04-22 14:00:00,40.7397669338409
2023-04-22 15:00:00,47.8710579510352
2023-04-22 16:00:00,59.5998046696162
2023-04-22 17:00:00,64.0650431937257
2023-04-22 18:00:00,64.2941187277784
2023-04-22 19:00:00,64.2941221553077
2023-04-22 20:00:00,64.2941204235792
2023-04-22 21:00:00,64.2940797350787
2023-04-22 22:00:00,64.2169833124747
2023-04-22 23:00:00,63.5216274270081
2023-04-23 00:00:00,63.521552620756
2023-04-23 01:00:00,62.6625670343672
2023-04-23 02:00:00,62.6625111160315
2023-04-23 03:00:00,63.5190101010468
2023-04-23 04:00:00,63.5216220705231
2023-04-23 05:00:00,62.6625570158747
2023-04-23 06:00:00,39.8104828549036
2023-04-23 07:00:00,33.7072669163523
2023-04-23 08:00:00,32.2266354341286
2023-04-23 09:00:00,32.2266343741956
2023-04-23 10:00:00,32.2266346976909
2023-04-23 11:00:00,32.2266341936476
2023-04-23 12:00:00,32.2266342826252
2023-04-23 13:00:00,32.2266348165313
2023-04-23 14:00:00,32.2266383317816
2023-04-23 15:00:00,32.226740234482
2023-04-23 16:00:00,45.4092069990259
2023-04-23 17:00:00,53.1479402572014
2023-04-23 18:00:00,60.5554156561979
2023-04-23 19:00:00,60.5554207039719
2023-04-23 20:00:00,60.5554225598739
2023-04-23 21:00:00,60.5553564142312
2023-04-23 22:00:00,54.9590473719327
2023-04-23 23:00:00,53.9258199519315
2023-04-24 00:00:00,52.4714543796917
2023-04-24 01:00:00,52.4716980351593
2023-04-24 02:00:00,52.7916117927175
2023-04-24 03:00:00,53.7763692932403
2023-04-24 04:00:00,59.5662665683338
2023-04-24 05:00:00,60.5554149323945
2023-04-24 06:00:00,39.8121611400998
2023-04-24 07:00:00,32.482875666753
2023-04-24 08:00:00,32.2279916681162
2023-04-24 09:00:00,32.2279909578516
2023-04-24 10:00:00,32.2279935728212
2023-04-24 11:00:00,32.2279928625014
2023-04-24 12:00:00,32.2279926608876
2023-04-24 13:00:00,32.2279936052595
2023-04-24 14:00:00,32.2279958441964
2023-04-24 15:00:00,32.2280005586605
2023-04-24 16:00:00,45.8085855129683
2023-04-24 17:00:00,50.4925567235363
2023-04-24 18:00:00,62.3607193403271
2023-04-24 19:00:00,62.3608072383141
2023-04-24 20:00:00,62.3608222820665
2023-04-24 21:00:00,62.3608266900296
2023-04-24 22:00:00,62.3608228357678
2023-04-24 23:00:00,62.3608183412065
2023-04-25 00:00:00,62.3608145984962
2023-04-25 01:00:00,62.360813421087
2023-04-25 02:00:00,62.3608100750558
2023-04-25 03:00:00,62.3608084123516
2023-04-25 04:00:00,62.3608149694607
2023-04-25 05:00:00,62.3607401736938
2023-04-25 06:00:00,39.8104860753659
2023-04-25 07:00:00,32.2439855647188
2023-04-25 08:00:00,32.2266417589351
2023-04-25 09:00:00,32.2266412603248
2023-04-25 10:00:00,32.2266411731668
2023-04-25 11:00:00,32.2266414226077
2023-04-25 12:00:00,32.2266424162404
2023-04-25 13:00:00,32.226644792481
2023-04-25 14:00:00,32.2276917475513
2023-04-25 15:00:00,32.259937247458
2023-04-25 16:00:00,46.7694527770266
2023-04-25 17:00:00,63.5214482891814
2023-04-25 18:00:00,63.8607703284678
2023-04-25 19:00:00,63.8607867526456
2023-04-25 20:00:00,63.8608165547922
2023-04-25 21:00:00,63.8606040534017
2023-04-25 22:00:00,63.8604793182792
2023-04-25 23:00:00,63.8604288591902
2023-04-26 00:00:00,63.8605681080179
2023-04-26 01:00:00,63.8605708306042
2023-04-26 02:00:00,63.8605728061651
2023-04-26 03:00:00,63.860570194185
2023-04-26 04:00:00,63.8606866024457
2023-04-26 05:00:00,63.8608633486305
2023-04-26 06:00:00,39.8103979631376
2023-04-26 07:00:00,32.2267021892423
2023-04-26 08:00:00,32.2265927700087
2023-04-26 09:00:00,32.226591734897
2023-04-26 10:00:00,32.2265930241915
2023-04-26 11:00:00,32.2265939763871
2023-04-26 12:00:00,32.2265963860974
2023-04-26 13:00:00,32.2266015722408
2023-04-26 14:00:00,32.2266229081118
2023-04-26 15:00:00,32.2314036435639
2023-04-26 16:00:00,52.6172966016023
2023-04-26 17:00:00,64.3240198603394
2023-04-26 18:00:00,64.6107692513267
2023-04-26 19:00:00,64.6107711761969
2023-04-26 20:00:00,64.6107665685789
2023-04-26 21:00:00,64.6105202043931
2023-04-26 22:00:00,64.3260830650416
2023-04-26 23:00:00,64.3235536950388
2023-04-27 00:00:00,64.3247330166106
2023-04-27 01:00:00,64.3232578996451
2023-04-27 02:00:00,64.3171737091848
2023-04-27 03:00:00,64.3105878268103
2023-04-27 04:00:00,64.2947161166192
2023-04-27 05:00:00,64.0346206670385
2023-04-27 06:00:00,33.1517860590298
2023-04-27 07:00:00,31.0839060007618
2023-04-27 08:00:00,26.833105016686
2023-04-27 09:00:00,26.8330985618196
2023-04-27 10:00:00,26.8330979917397
2023-04-27 11:00:00,26.8330978585299
2023-04-27 12:00:00,26.8330998139818
2023-04-27 13:00:00,26.8331038046722
2023-04-27 14:00:00,27.3753439547291
2023-04-27 15:00:00,30.8868853418413
2023-04-27 16:00:00,50.5252867190544
2023-04-27 17:00:00,62.3607843233523
2023-04-27 18:00:00,64.293589993599
2023-04-27 19:00:00,64.2939896659692
2023-04-27 20:00:00,64.2940156084594
2023-04-27 21:00:00,64.2940054767635
2023-04-27 22:00:00,64.2939488715246
2023-04-27 23:00:00,63.8674312666642
2023-04-28 00:00:00,63.8676354745236
2023-04-28 01:00:00,64.2939724327085
2023-04-28 02:00:00,64.2939994551728
2023-04-28 03:00:00,64.2940110699359
2023-04-28 04:00:00,64.2940141484073
2023-04-28 05:00:00,64.044485774709
2023-04-28 06:00:00,48.2113113801875
2023-04-28 07:00:00,43.3964538632367
2023-04-28 08:00:00,39.0341652082702
2023-04-28 09:00:00,39.0313198706348
2023-04-28 10:00:00,39.0313189772556
2023-04-28 11:00:00,39.0313176000615
2023-04-28 12:00:00,39.0313178203535
2023-04-28 13:00:00,39.0313191974612
2023-04-28 14:00:00,39.0313238000041
2023-04-28 15:00:00,48.2132027038532
2023-04-28 16:00:00,59.724463648809
2023-04-28 17:00:00,65.4801478386383
2023-04-28 18:00:00,65.4825449246963
2023-04-28 19:00:00,65.4826541916826
2023-04-28 20:00:00,65.4833586615122
2023-04-28 21:00:00,65.4833719486312
2023-04-28 22:00:00,65.483168010298
2023-04-28 23:00:00,65.4832195489758
2023-04-29 00:00:00,65.4833720245808
2023-04-29 01:00:00,65.4834027897903
2023-04-29 02:00:00,65.4834211215384
2023-04-29 03:00:00,65.4844731271535
2023-04-29 04:00:00,65.4866842139533
2023-04-29 05:00:00,66.3338079723411
2023-04-29 06:00:00,64.9829189661016
2023-04-29 07:00:00,62.2053635777979
2023-04-29 08:00:00,52.616348216363
2023-04-29 09:00:00,52.6163219808928
2023-04-29 10:00:00,52.6163202760682
2023-04-29 11:00:00,52.6163194385863
2023-04-29 12:00:00,52.6163195057716
2023-04-29 13:00:00,52.6163202939841
2023-04-29 14:00:00,52.6163229846793
2023-04-29 15:00:00,52.9611791037575
2023-04-29 16:00:00,64.3175982628273
2023-04-29 17:00:00,65.4842929337462
2023-04-29 18:00:00,65.4843172384756
2023-04-29 19:00:00,65.4843125931625
2023-04-29 20:00:00,65.4843100767072
2023-04-29 21:00:00,65.4836450904611
2023-04-29 22:00:00,65.4834220165647
2023-04-29 23:00:00,65.4829544756238
2023-04-30 00:00:00,65.4770096042881
2023-04-30 01:00:00,65.4768349696755
2023-04-30 02:00:00,65.4769831840632
2023-04-30 03:00:00,65.4817283651792
2023-04-30 04:00:00,65.4813282010358
2023-04-30 05:00:00,65.4834037788019
2023-04-30 06:00:00,60.6477832016636
2023-04-30 07:00:00,49.1054745120553
2023-04-30 08:00:00,49.1048847668481
2023-04-30 09:00:00,49.1048573578956
2023-04-30 10:00:00,49.1048568774842
2023-04-30 11:00:00,49.1048569899109
2023-04-30 12:00:00,49.1048577462198
2023-04-30 13:00:00,49.1048591514487
2023-04-30 14:00:00,49.1048688206054
2023-04-30 15:00:00,51.1981992263754
2023-04-30 16:00:00,63.5215434988777
2023-04-30 17:00:00,66.542239907906
2023-04-30 18:00:00,66.5490249563228
2023-04-30 19:00:00,66.5490276952744
2023-04-30 20:00:00,66.5490326065898
2023-04-30 21:00:00,66.5489548089403
2023-04-30 22:00:00,66.5398747133316
2023-04-30 23:00:00,66.538862943788
2023-05-01 00:00:00,65.4833520299203
2023-05-01 01:00:00,65.3580714280211
2023-05-01 02:00:00,64.6127656584021
2023-05-01 03:00:00,64.3296162336649
2023-05-01 04:00:00,64.3177392530433
2023-05-01 05:00:00,64.2941294911263
2023-05-01 06:00:00,53.8843519020932
2023-05-01 07:00:00,47.6470960713281
2023-05-01 08:00:00,47.6327939094736
2023-05-01 09:00:00,47.6327819735297
2023-05-01 10:00:00,47.6327879607474
2023-05-01 11:00:00,47.6327790101027
2023-05-01 12:00:00,47.6327776169271
2023-05-01 13:00:00,47.6327774363747
2023-05-01 14:00:00,47.6327775789349
2023-05-01 15:00:00,47.9498804120864
2023-05-01 16:00:00,52.6172922737075
2023-05-01 17:00:00,63.5219332745627
2023-05-01 18:00:00,64.324091830006
2023-05-01 19:00:00,64.3248137815436
2023-05-01 20:00:00,64.3248416692059
2023-05-01 21:00:00,64.3248052278297
2023-05-01 22:00:00,64.3179377239345
2023-05-01 23:00:00,64.3178472491582
2023-05-02 00:00:00,64.3176404032049
2023-05-02 01:00:00,64.3176265831671
2023-05-02 02:00:00,64.3175878500566
2023-05-02 03:00:00,64.3176373381131
2023-05-02 04:00:00,64.3179916105984
2023-05-02 05:00:00,64.3248483461047
2023-05-02 06:00:00,59.5530513011786
2023-05-02 07:00:00,49.9114221360776
2023-05-02 08:00:00,48.2181425426046
2023-05-02 09:00:00,48.2181241019973
2023-05-02 10:00:00,48.2181233090935
2023-05-02 11:00:00,48.218123237042
2023-05-02 12:00:00,48.2181237358978
2023-05-02 13:00:00,48.2181251019829
2023-05-02 14:00:00,48.2181290194848
2023-05-02 15:00:00,48.2195446723759
2023-05-02 16:00:00,60.2692414346052
2023-05-02 17:00:00,64.3249688914707
2023-05-02 18:00:00,64.3250679229453
2023-05-02 19:00:00,64.325067632277
2023-05-02 20:00:00,64.3250342127788
2023-05-02 21:00:00,64.300734960203
2023-05-02 22:00:00,64.2941259138993
2023-05-02 23:00:00,63.5220535161842
2023-05-03 00:00:00,63.5220068756306
2023-05-03 01:00:00,63.5219925341447
2023-05-03 02:00:00,63.5220008235648
2023-05-03 03:00:00,63.5220150972703
2023-05-03 04:00:00,63.5220602977833
2023-05-03 05:00:00,64.2941315847922
2023-05-03 06:00:00,46.4598635652617
2023-05-03 07:00:00,33.7744523042923
2023-05-03 08:00:00,27.3374649496645
2023-05-03 09:00:00,27.337457658432
2023-05-03 10:00:00,27.3374564956053
2023-05-03 11:00:00,27.3374561022318
2023-05-03 12:00:00,27.3374564707341
2023-05-03 13:00:00,27.3374575994069
2023-05-03 14:00:00,27.3374625082278
2023-05-03 15:00:00,27.9248266740635
2023-05-03 16:00:00,44.4004023775897
2023-05-03 17:00:00,55.2980026941569
2023-05-03 18:00:00,55.3814057197879
2023-05-03 19:00:00,55.3814190778889
2023-05-03 20:00:00,55.3814194340591
2023-05-03 21:00:00,55.3814022051116
2023-05-03 22:00:00,55.2979681808476
2023-05-03 23:00:00,55.1776982000719
2023-05-04 00:00:00,55.086592463747
2023-05-04 01:00:00,55.086236319846
2023-05-04 02:00:00,55.2979964508229
2023-05-04 03:00:00,55.3810902590943
2023-05-04 04:00:00,55.3813035425056
2023-05-04 05:00:00,54.3521367483147
2023-05-04 06:00:00,14.0223008321074
2023-05-04 07:00:00,0.0715618207168822
2023-05-04 08:00:00,0.0381219990182508
2023-05-04 09:00:00,0.0381139575441443
2023-05-04 10:00:00,0.0381145789509339
2023-05-04 11:00:00,0.0381135451533944
2023-05-04 12:00:00,0.038113552305955
2023-05-04 13:00:00,0.0381152217243909
2023-05-04 14:00:00,0.0381529746068232
2023-05-04 15:00:00,14.0222896843566
2023-05-04 16:00:00,28.619789322866
2023-05-04 17:00:00,39.9608599686233
2023-05-04 18:00:00,40.9511712234831
2023-05-04 19:00:00,40.9511714563191
2023-05-04 20:00:00,40.951153384996
2023-05-04 21:00:00,40.9506247211652
2023-05-04 22:00:00,37.2974832762948
2023-05-04 23:00:00,36.5648896710615
2023-05-05 00:00:00,36.7112246354167
2023-05-05 01:00:00,37.503477320104
2023-05-05 02:00:00,39.2659030566252
2023-05-05 03:00:00,39.9261695915245
2023-05-05 04:00:00,39.9225341184765
2023-05-05 05:00:00,35.5732573515478
2023-05-05 06:00:00,11.7171871037499
2023-05-05 07:00:00,9.00111133616514
2023-05-05 08:00:00,8.90508785516865
2023-05-05 09:00:00,8.90508783092175
2023-05-05 10:00:00,8.90508803743817
2023-05-05 11:00:00,8.90508772057203
2023-05-05 12:00:00,8.90508852018536
2023-05-05 13:00:00,8.9051014794689
2023-05-05 14:00:00,9.09708877293727
2023-05-05 15:00:00,14.0223042008699
2023-05-05 16:00:00,36.2447393656385
2023-05-05 17:00:00,60.6213643093349
2023-05-05 18:00:00,64.2939776177387
2023-05-05 19:00:00,64.294113605192
2023-05-05 20:00:00,64.2941283011148
2023-05-05 21:00:00,64.294124393319
2023-05-05 22:00:00,63.8269553922384
2023-05-05 23:00:00,63.2634485352529
2023-05-06 00:00:00,63.36679633265
2023-05-06 01:00:00,63.4219518403541
2023-05-06 02:00:00,63.8268071072069
2023-05-06 03:00:00,64.2925353973474
2023-05-06 04:00:00,64.2940050601273
2023-05-06 05:00:00,64.2941422665145
2023-05-06 06:00:00,26.7053073127832
2023-05-06 07:00:00,18.1223316242177
2023-05-06 08:00:00,14.659270728302
2023-05-06 09:00:00,14.6592564896046
2023-05-06 10:00:00,14.6592565684303
2023-05-06 11:00:00,14.6592568365149
2023-05-06 12:00:00,14.6592575341827
2023-05-06 13:00:00,14.6592590182386
2023-05-06 14:00:00,14.6592733915881
2023-05-06 15:00:00,31.3636808143559
2023-05-06 16:00:00,52.6173015034564
2023-05-06 17:00:00,64.7684693429973
2023-05-06 18:00:00,64.7686669737327
2023-05-06 19:00:00,64.7686713341322
2023-05-06 20:00:00,64.7686698487574
2023-05-06 21:00:00,64.7686014201368
2023-05-06 22:00:00,64.2947797376624
2023-05-06 23:00:00,64.2935515973866
2023-05-07 00:00:00,64.1733168230353
2023-05-07 01:00:00,64.1732928664147
2023-05-07 02:00:00,64.1732754027869
2023-05-07 03:00:00,64.1733600573235
2023-05-07 04:00:00,64.2941329790764
2023-05-07 05:00:00,64.7270592282171
2023-05-07 06:00:00,48.2113459501341
2023-05-07 07:00:00,45.3771376452317
2023-05-07 08:00:00,39.0313444936952
2023-05-07 09:00:00,39.0313426561381
2023-05-07 10:00:00,39.0313421298075
2023-05-07 11:00:00,39.0313405696148
2023-05-07 12:00:00,39.0313403497029
2023-05-07 13:00:00,39.0313408785583
2023-05-07 14:00:00,39.0313445144879
2023-05-07 15:00:00,46.6469791873021
2023-05-07 16:00:00,52.4383723259671
2023-05-07 17:00:00,63.3191695676265
2023-05-07 18:00:00,64.2941386342673
2023-05-07 19:00:00,64.2941493188894
2023-05-07 20:00:00,64.2941350013178
2023-05-07 21:00:00,64.0219867087337
2023-05-07 22:00:00,63.7855843814701
2023-05-07 23:00:00,63.71192368092
2023-05-08 00:00:00,63.3306056619627
2023-05-08 01:00:00,63.3302241406119
2023-05-08 02:00:00,63.3192301962128
2023-05-08 03:00:00,63.3192028101228
2023-05-08 04:00:00,63.3191994444647
2023-05-08 05:00:00,62.8186948635333
2023-05-08 06:00:00,47.1050674629674
2023-05-08 07:00:00,38.4263141488404
2023-05-08 08:00:00,37.0240017323906
2023-05-08 09:00:00,37.0239996618588
2023-05-08 10:00:00,37.0239992541005
2023-05-08 11:00:00,37.0239977624023
2023-05-08 12:00:00,37.0239974610957
2023-05-08 13:00:00,37.0239977435829
2023-05-08 14:00:00,37.0239997696922
2023-05-08 15:00:00,37.024011729751
2023-05-08 16:00:00,51.8448448868967
2023-05-08 17:00:00,62.3609540282045
2023-05-08 18:00:00,64.030539053567
2023-05-08 19:00:00,64.0305521183765
2023-05-08 20:00:00,64.0305552035459
2023-05-08 21:00:00,64.0305252056537
2023-05-08 22:00:00,63.6116712831037
2023-05-08 23:00:00,62.8176791725655
2023-05-09 00:00:00,62.8173469388849
2023-05-09 01:00:00,62.8173089806611
2023-05-09 02:00:00,62.8172737844932
2023-05-09 03:00:00,62.8172629942492
2023-05-09 04:00:00,62.8172808781355
2023-05-09 05:00:00,62.3607872004472
2023-05-09 06:00:00,38.1039254935376
2023-05-09 07:00:00,30.8653257612333
2023-05-09 08:00:00,30.8443638990673
2023-05-09 09:00:00,30.8443399384373
2023-05-09 10:00:00,30.8443399976643
2023-05-09 11:00:00,30.8443381769678
2023-05-09 12:00:00,30.8443373349872
2023-05-09 13:00:00,30.8443377122737
2023-05-09 14:00:00,30.8443401269718
2023-05-09 15:00:00,31.5062686708996
2023-05-09 16:00:00,44.9578529334647
2023-05-09 17:00:00,53.1595933549534
2023-05-09 18:00:00,55.5280255920478
2023-05-09 19:00:00,55.5280476290184
2023-05-09 20:00:00,55.5280483080484
2023-05-09 21:00:00,55.528019198094
2023-05-09 22:00:00,55.5261546362893
2023-05-09 23:00:00,55.4184801697098
2023-05-10 00:00:00,50.1321877396841
2023-05-10 01:00:00,50.1317596043017
2023-05-10 02:00:00,50.1317654614515
2023-05-10 03:00:00,50.1318635689381
2023-05-10 04:00:00,53.3748437920503
2023-05-10 05:00:00,50.1323002246015
2023-05-10 06:00:00,42.6180927730482
2023-05-10 07:00:00,34.5008265498821
2023-05-10 08:00:00,34.5008051412682
2023-05-10 09:00:00,34.5008049364342
2023-05-10 10:00:00,34.5008064128614
2023-05-10 11:00:00,34.5008049636541
2023-05-10 12:00:00,34.5008047350814
2023-05-10 13:00:00,34.5008055421744
2023-05-10 14:00:00,34.5008080604511
2023-05-10 15:00:00,34.5008177247864
2023-05-10 16:00:00,46.3905011609643
2023-05-10 17:00:00,54.3821596999549
2023-05-10 18:00:00,63.5218390675452
2023-05-10 19:00:00,64.2942856908849
2023-05-10 20:00:00,64.8752987498639
2023-05-10 21:00:00,64.8753264708903
2023-05-10 22:00:00,64.8752877705277
2023-05-10 23:00:00,64.8753287154993
2023-05-11 00:00:00,64.8753397125492
2023-05-11 01:00:00,64.87533022154
2023-05-11 02:00:00,64.8753231472557
2023-05-11 03:00:00,64.8753543330333
2023-05-11 04:00:00,64.8753649861531
2023-05-11 05:00:00,64.8753738662968
2023-05-11 06:00:00,50.6812675166
2023-05-11 07:00:00,41.0321878678015
2023-05-11 08:00:00,41.0319782050678
2023-05-11 09:00:00,41.0319777360905
2023-05-11 10:00:00,41.0319781570229
2023-05-11 11:00:00,41.0319780178695
2023-05-11 12:00:00,41.0319787309387
2023-05-11 13:00:00,41.0319808811341
2023-05-11 14:00:00,41.0319871207812
2023-05-11 15:00:00,47.1055973431961
2023-05-11 16:00:00,52.6172558442958
2023-05-11 17:00:00,62.3608617305278
2023-05-11 18:00:00,63.6043415888621
2023-05-11 19:00:00,63.604364269065
2023-05-11 20:00:00,63.6043646668488
2023-05-11 21:00:00,63.604348420863
2023-05-11 22:00:00,63.5392893913677
2023-05-11 23:00:00,63.1208847184963
2023-05-12 00:00:00,62.8175942853494
2023-05-12 01:00:00,63.1221004286922
2023-05-12 02:00:00,62.8175585120725
2023-05-12 03:00:00,62.8172492773916
2023-05-12 04:00:00,62.3611594435197
2023-05-12 05:00:00,52.3144300132478
2023-05-12 06:00:00,41.0130229372815
2023-05-12 07:00:00,32.2270604584497
2023-05-12 08:00:00,32.2268347009146
2023-05-12 09:00:00,32.2268339809252
2023-05-12 10:00:00,32.2268347108983
2023-05-12 11:00:00,32.2268341292039
2023-05-12 12:00:00,32.2268344142766
2023-05-12 13:00:00,32.2268350382239
2023-05-12 14:00:00,32.2268366585539
2023-05-12 15:00:00,32.226848031121
2023-05-12 16:00:00,44.8009474594835
2023-05-12 17:00:00,50.3659218247178
2023-05-12 18:00:00,60.027064660242
2023-05-12 19:00:00,62.3608026244099
2023-05-12 20:00:00,62.3608220898414
2023-05-12 21:00:00,62.3608181569071
2023-05-12 22:00:00,62.3608197790249
2023-05-12 23:00:00,62.3608071724533
2023-05-13 00:00:00,62.3608197720182
2023-05-13 01:00:00,62.3608239658068
2023-05-13 02:00:00,62.3608260314506
2023-05-13 03:00:00,62.3608306620639
2023-05-13 04:00:00,62.3608426059155
2023-05-13 05:00:00,62.3608571074681
2023-05-13 06:00:00,52.7474488845652
2023-05-13 07:00:00,46.6252824583201
2023-05-13 08:00:00,46.6251985063428
2023-05-13 09:00:00,46.6251989305611
2023-05-13 10:00:00,46.6252004366202
2023-05-13 11:00:00,46.6251999592836
2023-05-13 12:00:00,46.6252009420693
2023-05-13 13:00:00,46.625203537593
2023-05-13 14:00:00,46.6252128479266
2023-05-13 15:00:00,46.7632681818018
2023-05-13 16:00:00,53.8472478958567
2023-05-13 17:00:00,63.5216180924527
2023-05-13 18:00:00,65.5618532818763
2023-05-13 19:00:00,65.4877188237367
2023-05-13 20:00:00,65.0652300087273
2023-05-13 21:00:00,65.0484469599103
2023-05-13 22:00:00,65.4877404044494
2023-05-13 23:00:00,65.5616649010204
2023-05-14 00:00:00,66.3965845246484
2023-05-14 01:00:00,66.3966382550642
2023-05-14 02:00:00,66.3966792539721
2023-05-14 03:00:00,66.3966963210892
2023-05-14 04:00:00,66.3967747453897
2023-05-14 05:00:00,66.3967839618894
2023-05-14 06:00:00,66.3967324272946
2023-05-14 07:00:00,59.8508501215769
2023-05-14 08:00:00,53.7615835061723
2023-05-14 09:00:00,53.7615241267195
2023-05-14 10:00:00,53.7615134385231
2023-05-14 11:00:00,53.7615115270831
2023-05-14 12:00:00,53.7615115654988
2023-05-14 13:00:00,53.7615122926802
2023-05-14 14:00:00,53.7615143090788
2023-05-14 15:00:00,53.7615216474737
2023-05-14 16:00:00,62.3603438793475
2023-05-14 17:00:00,67.2420439020239
2023-05-14 18:00:00,67.4971447886859
2023-05-14 19:00:00,67.4971938664347
2023-05-14 20:00:00,67.4971968910875
2023-05-14 21:00:00,67.497163429414
2023-05-14 22:00:00,67.2553672456501
2023-05-14 23:00:00,66.837519378349
2023-05-15 00:00:00,66.4147012261745
2023-05-15 01:00:00,66.3962822616634
2023-05-15 02:00:00,66.2868258118421
2023-05-15 03:00:00,64.613037501786
2023-05-15 04:00:00,66.3966691466444
2023-05-15 05:00:00,66.3987141463159
2023-05-15 06:00:00,54.4078878145161
2023-05-15 07:00:00,41.0061257656425
2023-05-15 08:00:00,41.0060109223403
2023-05-15 09:00:00,41.006007678287
2023-05-15 10:00:00,41.0060082198479
2023-05-15 11:00:00,41.0060079705987
2023-05-15 12:00:00,41.0060085562871
2023-05-15 13:00:00,41.0060100686135
2023-05-15 14:00:00,41.0060139365104
2023-05-15 15:00:00,41.0060625346161
2023-05-15 16:00:00,44.2745707091905
2023-05-15 17:00:00,50.2855089429372
2023-05-15 18:00:00,54.6843495557846
2023-05-15 19:00:00,54.6844671692889
2023-05-15 20:00:00,54.6844734235045
2023-05-15 21:00:00,54.6844722321373
2023-05-15 22:00:00,54.684493002631
2023-05-15 23:00:00,54.6844936512978
2023-05-16 00:00:00,54.4548515568346
2023-05-16 01:00:00,52.4711373306681
2023-05-16 02:00:00,51.7368687632245
2023-05-16 03:00:00,51.7365368596892
2023-05-16 04:00:00,53.7754001090237
2023-05-16 05:00:00,51.7356377182113
2023-05-16 06:00:00,39.9893773541726
2023-05-16 07:00:00,32.2266299124437
2023-05-16 08:00:00,32.2266230261675
2023-05-16 09:00:00,32.226620925613
2023-05-16 10:00:00,32.2266220457925
2023-05-16 11:00:00,32.2266213391024
2023-05-16 12:00:00,32.2266213067687
2023-05-16 13:00:00,32.2266222236458
2023-05-16 14:00:00,32.2266243368645
2023-05-16 15:00:00,32.2266276125104
2023-05-16 16:00:00,33.5352718320033
2023-05-16 17:00:00,50.4923963858665
2023-05-16 18:00:00,62.3607139434022
2023-05-16 19:00:00,62.3608082768406
2023-05-16 20:00:00,62.3608201252995
2023-05-16 21:00:00,62.3608150350427
2023-05-16 22:00:00,62.3608043322108
2023-05-16 23:00:00,62.3607789286696
2023-05-17 00:00:00,62.3607580384174
2023-05-17 01:00:00,62.3607610243485
2023-05-17 02:00:00,62.3607625917827
2023-05-17 03:00:00,62.3607728432388
2023-05-17 04:00:00,62.3608139214584
2023-05-17 05:00:00,62.3608216339197
2023-05-17 06:00:00,39.8104576470544
2023-05-17 07:00:00,32.2266761475511
2023-05-17 08:00:00,32.2266265141257
2023-05-17 09:00:00,32.2266233932215
2023-05-17 10:00:00,32.2266243301806
2023-05-17 11:00:00,32.2266235628253
2023-05-17 12:00:00,32.2266235540029
2023-05-17 13:00:00,32.2266242036809
2023-05-17 14:00:00,32.2266255498041
2023-05-17 15:00:00,32.2266297823229
2023-05-17 16:00:00,51.4300163834486
2023-05-17 17:00:00,62.3608265854559
2023-05-17 18:00:00,64.3366932243942
2023-05-17 19:00:00,64.3368496450017
2023-05-17 20:00:00,64.3368605251403
2023-05-17 21:00:00,64.3368593794199
2023-05-17 22:00:00,64.3368169928404
2023-05-17 23:00:00,64.3367812333993
2023-05-18 00:00:00,64.3367735661239
2023-05-18 01:00:00,64.3367533394262
2023-05-18 02:00:00,64.3367356174594
2023-05-18 03:00:00,64.3367203271732
2023-05-18 04:00:00,64.3367301553629
2023-05-18 05:00:00,64.2102202843519
2023-05-18 06:00:00,50.3659728799431
2023-05-18 07:00:00,44.7157951852305
2023-05-18 08:00:00,40.7766013518279
2023-05-18 09:00:00,40.7765914135806
2023-05-18 10:00:00,40.7765909078729
2023-05-18 11:00:00,40.7765904516834
2023-05-18 12:00:00,40.7765908427691
2023-05-18 13:00:00,40.7765921975137
2023-05-18 14:00:00,40.776598070114
2023-05-18 15:00:00,45.8166737518517
2023-05-18 16:00:00,52.7858536488243
2023-05-18 17:00:00,64.3364528189287
2023-05-18 18:00:00,65.1922760669434
2023-05-18 19:00:00,65.1922759256732
2023-05-18 20:00:00,65.1922776178379
2023-05-18 21:00:00,65.1922720350239
2023-05-18 22:00:00,65.192244786609
2023-05-18 23:00:00,65.1922403041426
2023-05-19 00:00:00,65.1922470310554
2023-05-19 01:00:00,65.192244127831
2023-05-19 02:00:00,65.1922400404923
2023-05-19 03:00:00,65.1922164198648
2023-05-19 04:00:00,65.1921548004782
2023-05-19 05:00:00,65.0134409547646
2023-05-19 06:00:00,48.608590552746
2023-05-19 07:00:00,40.6665007156531
2023-05-19 08:00:00,39.3531117204442
2023-05-19 09:00:00,39.3531070004485
2023-05-19 10:00:00,39.3531067596137
2023-05-19 11:00:00,39.3531067938864
2023-05-19 12:00:00,39.3531075990035
2023-05-19 13:00:00,39.3531094585536
2023-05-19 14:00:00,39.3531156296854
2023-05-19 15:00:00,41.7396885811622
2023-05-19 16:00:00,46.8293203565191
2023-05-19 17:00:00,52.6173451918026
2023-05-19 18:00:00,57.8371538786112
2023-05-19 19:00:00,57.8384779922938
2023-05-19 20:00:00,57.8384802475435
2023-05-19 21:00:00,57.8384036604523
2023-05-19 22:00:00,57.7435914189255
2023-05-19 23:00:00,57.742854578683
2023-05-20 00:00:00,57.7428473701598
2023-05-20 01:00:00,57.7428555258268
2023-05-20 02:00:00,57.7428388215332
2023-05-20 03:00:00,57.7428285921365
2023-05-20 04:00:00,57.7428408404174
2023-05-20 05:00:00,51.7364459981884
2023-05-20 06:00:00,44.8116370492625
2023-05-20 07:00:00,40.6713506234815
2023-05-20 08:00:00,36.2775936136129
2023-05-20 09:00:00,36.2775796618067
2023-05-20 10:00:00,36.277580240582
2023-05-20 11:00:00,36.2775804065674
2023-05-20 12:00:00,36.2775816534596
2023-05-20 13:00:00,36.2775827477193
2023-05-20 14:00:00,36.2776303281897
2023-05-20 15:00:00,40.816352221766
2023-05-20 16:00:00,47.9778285128701
2023-05-20 17:00:00,52.0565197088733
2023-05-20 18:00:00,59.2568089623182
2023-05-20 19:00:00,59.2568490521116
2023-05-20 20:00:00,59.2568555131216
2023-05-20 21:00:00,59.2568543130601
2023-05-20 22:00:00,59.2447445235813
2023-05-20 23:00:00,59.2552761990837
2023-05-21 00:00:00,59.2567764216355
2023-05-21 01:00:00,59.2552951414414
2023-05-21 02:00:00,59.2552551105342
2023-05-21 03:00:00,59.2553436176279
2023-05-21 04:00:00,59.2567992292842
2023-05-21 05:00:00,59.2568489376897
2023-05-21 06:00:00,51.5037637309938
2023-05-21 07:00:00,47.7617316551073
2023-05-21 08:00:00,42.2034705822914
2023-05-21 09:00:00,42.2033988555203
2023-05-21 10:00:00,42.2033985633782
2023-05-21 11:00:00,42.2033991403003
2023-05-21 12:00:00,42.2034017629768
2023-05-21 13:00:00,42.203409528408
2023-05-21 14:00:00,42.2035262118444
2023-05-21 15:00:00,47.4565047099097
2023-05-21 16:00:00,51.216489252503
2023-05-21 17:00:00,63.1323402562645
2023-05-21 18:00:00,63.1491841672722
2023-05-21 19:00:00,63.1491575104984
2023-05-21 20:00:00,63.1490712987362
2023-05-21 21:00:00,63.1074189544398
2023-05-21 22:00:00,63.1652274381267
2023-05-21 23:00:00,63.1488526084003
2023-05-22 00:00:00,63.149091577781
2023-05-22 01:00:00,63.174721409108
2023-05-22 02:00:00,63.1748852979391
2023-05-22 03:00:00,63.1749444065962
2023-05-22 04:00:00,63.1749834171245
2023-05-22 05:00:00,63.2384206845151
2023-05-22 06:00:00,51.2433881157993
2023-05-22 07:00:00,48.2114116640695
2023-05-22 08:00:00,43.3403619074157
2023-05-22 09:00:00,43.3402582746942
2023-05-22 10:00:00,43.3402575307614
2023-05-22 11:00:00,43.3402575017504
2023-05-22 12:00:00,43.340258555317
2023-05-22 13:00:00,43.3402610870078
2023-05-22 14:00:00,43.3402954230273
2023-05-22 15:00:00,47.8718523023989
2023-05-22 16:00:00,50.6969772881258
2023-05-22 17:00:00,62.360835196324
2023-05-22 18:00:00,62.6133616230036
2023-05-22 19:00:00,62.6133624328685
2023-05-22 20:00:00,62.6133637930453
2023-05-22 21:00:00,62.6133508281312
2023-05-22 22:00:00,62.6121963042657
2023-05-22 23:00:00,62.3609491670054
2023-05-23 00:00:00,62.3608802151414
2023-05-23 01:00:00,62.3608531882154
2023-05-23 02:00:00,62.3608342125152
2023-05-23 03:00:00,62.3608282991254
2023-05-23 04:00:00,62.3608239430606
2023-05-23 05:00:00,51.5183303720002
2023-05-23 06:00:00,33.7744439895403
2023-05-23 07:00:00,31.106575361726
2023-05-23 08:00:00,27.3374623871828
2023-05-23 09:00:00,27.3374558265379
2023-05-23 10:00:00,27.3374570411258
2023-05-23 11:00:00,27.3374554686949
2023-05-23 12:00:00,27.3374574392118
2023-05-23 13:00:00,27.337460140814
2023-05-23 14:00:00,27.3374833756953
2023-05-23 15:00:00,31.8871657709322
2023-05-23 16:00:00,49.384084241482
2023-05-23 17:00:00,52.0583746731027
2023-05-23 18:00:00,62.3609191956293
2023-05-23 19:00:00,63.2417882312706
2023-05-23 20:00:00,63.4985468683234
2023-05-23 21:00:00,63.4996604216815
2023-05-23 22:00:00,63.5214125384922
2023-05-23 23:00:00,64.2939824096127
2023-05-24 00:00:00,64.2941120943004
2023-05-24 01:00:00,64.2941277962925
2023-05-24 02:00:00,64.294141289059
2023-05-24 03:00:00,64.294149905642
2023-05-24 04:00:00,64.2941594623295
2023-05-24 05:00:00,64.1823464382654
2023-05-24 06:00:00,51.2047563372092
2023-05-24 07:00:00,47.6336653820552
2023-05-24 08:00:00,45.2400868806731
2023-05-24 09:00:00,45.2400432863205
2023-05-24 10:00:00,45.2400431290693
2023-05-24 11:00:00,45.2400431717949
2023-05-24 12:00:00,45.2400440144631
2023-05-24 13:00:00,45.2400469906231
2023-05-24 14:00:00,45.2401196840577
2023-05-24 15:00:00,48.4441914879766
2023-05-24 16:00:00,59.1557468224161
2023-05-24 17:00:00,63.5214466157752
2023-05-24 18:00:00,64.2948262072393
2023-05-24 19:00:00,64.2979197706002
2023-05-24 20:00:00,64.2979253586155
2023-05-24 21:00:00,64.2979129821132
2023-05-24 22:00:00,64.2951602429633
2023-05-24 23:00:00,64.2941733837974
2023-05-25 00:00:00,64.294155132524
2023-05-25 01:00:00,64.2941480407022
2023-05-25 02:00:00,64.2941514536921
2023-05-25 03:00:00,64.294153196064
2023-05-25 04:00:00,64.2941531892312
2023-05-25 05:00:00,62.3608374859341
2023-05-25 06:00:00,28.1015976370437
2023-05-25 07:00:00,17.3359993530855
2023-05-25 08:00:00,14.0223425840554
2023-05-25 09:00:00,14.0223133471682
2023-05-25 10:00:00,14.0223119449291
2023-05-25 11:00:00,14.0223107568246
2023-05-25 12:00:00,14.0223106718251
2023-05-25 13:00:00,14.0223121125211
2023-05-25 14:00:00,14.0223232928707
2023-05-25 15:00:00,25.0712624655114
2023-05-25 16:00:00,36.4907393229742
2023-05-25 17:00:00,48.2113544538116
2023-05-25 18:00:00,48.6641640556546
2023-05-25 19:00:00,48.6641994279576
2023-05-25 20:00:00,48.6642067733858
2023-05-25 21:00:00,48.6642017172147
2023-05-25 22:00:00,48.6641757230658
2023-05-25 23:00:00,48.6641659298052
2023-05-26 00:00:00,48.6641579373336
2023-05-26 01:00:00,48.6641491641647
2023-05-26 02:00:00,48.6641426848069
2023-05-26 03:00:00,48.6641208920659
2023-05-26 04:00:00,48.6636754066503
2023-05-26 05:00:00,45.0657077722715
2023-05-26 06:00:00,14.0223035946515
2023-05-26 07:00:00,13.9438746764851
2023-05-26 08:00:00,11.8761659902675
2023-05-26 09:00:00,11.874494666017
2023-05-26 10:00:00,11.8744943841062
2023-05-26 11:00:00,11.8744926105905
2023-05-26 12:00:00,11.8744932990658
2023-05-26 13:00:00,11.8744918658006
2023-05-26 14:00:00,11.8744983676966
2023-05-26 15:00:00,14.022298729193
2023-05-26 16:00:00,36.4910977265928
2023-05-26 17:00:00,50.0385451376191
2023-05-26 18:00:00,62.3606735260108
2023-05-26 19:00:00,62.3608221114481
2023-05-26 20:00:00,62.3608260870229
2023-05-26 21:00:00,62.3608221420761
2023-05-26 22:00:00,62.3608155605837
2023-05-26 23:00:00,62.3608170368365
2023-05-27 00:00:00,62.3608202347643
2023-05-27 01:00:00,62.3608190627856
2023-05-27 02:00:00,62.3608234367191
2023-05-27 03:00:00,62.3608337520032
2023-05-27 04:00:00,62.3608696573063
2023-05-27 05:00:00,62.360878232224
2023-05-27 06:00:00,26.0153503316729
2023-05-27 07:00:00,24.8996320822369
2023-05-27 08:00:00,21.0525864186637
2023-05-27 09:00:00,21.0525695176442
2023-05-27 10:00:00,21.0525689603057
2023-05-27 11:00:00,21.0525688541775
2023-05-27 12:00:00,21.0525693812052
2023-05-27 13:00:00,21.0525719576711
2023-05-27 14:00:00,21.0525789441552
2023-05-27 15:00:00,44.8002866187649
2023-05-27 16:00:00,52.0588606322238
2023-05-27 17:00:00,64.2941382895418
2023-05-27 18:00:00,64.2947061795501
2023-05-27 19:00:00,64.2947183791055
2023-05-27 20:00:00,64.2947183812117
2023-05-27 21:00:00,64.2947052232183
2023-05-27 22:00:00,64.2941677368213
2023-05-27 23:00:00,64.2941004744014
2023-05-28 00:00:00,64.2927245681916
2023-05-28 01:00:00,64.2941568689182
2023-05-28 02:00:00,64.294393019189
2023-05-28 03:00:00,64.2946339250405
2023-05-28 04:00:00,64.2947235935983
2023-05-28 05:00:00,64.2947166677285
2023-05-28 06:00:00,27.2226190570471
2023-05-28 07:00:00,27.1919728550325
2023-05-28 08:00:00,22.0297054862287
2023-05-28 09:00:00,22.0056521779555
2023-05-28 10:00:00,22.0056514938005
2023-05-28 11:00:00,22.0056512361721
2023-05-28 12:00:00,22.005652930433
2023-05-28 13:00:00,22.0056549258077
2023-05-28 14:00:00,22.0056669231872
2023-05-28 15:00:00,31.0827136071756
2023-05-28 16:00:00,46.761065597514
2023-05-28 17:00:00,53.0293365332357
2023-05-28 18:00:00,54.1699692209885
2023-05-28 19:00:00,54.169968826441
2023-05-28 20:00:00,54.1699611323617
2023-05-28 21:00:00,54.1699257430293
2023-05-28 22:00:00,53.7762821622372
2023-05-28 23:00:00,53.7757615642346
2023-05-29 00:00:00,53.7757718014747
2023-05-29 01:00:00,53.775886482545
2023-05-29 02:00:00,54.156107989819
2023-05-29 03:00:00,54.169764329096
2023-05-29 04:00:00,54.1699811444508
2023-05-29 05:00:00,52.9627159524989
2023-05-29 06:00:00,20.5944824668239
2023-05-29 07:00:00,17.4831652381241
2023-05-29 08:00:00,14.1415719399931
2023-05-29 09:00:00,14.1415649964062
2023-05-29 10:00:00,14.1415644722454
2023-05-29 11:00:00,14.1415643809679
2023-05-29 12:00:00,14.1415649685104
2023-05-29 13:00:00,14.1415670350709
2023-05-29 14:00:00,14.1466861913244
2023-05-29 15:00:00,29.574710327583
2023-05-29 16:00:00,44.1956400201788
2023-05-29 17:00:00,51.1622970696265
2023-05-29 18:00:00,54.396560286567
2023-05-29 19:00:00,54.5458497782667
2023-05-29 20:00:00,54.4800972978859
2023-05-29 21:00:00,54.1700211035163
2023-05-29 22:00:00,54.1700042846828
2023-05-29 23:00:00,53.9043934095896
2023-05-30 00:00:00,53.9940759159502
2023-05-30 01:00:00,54.1700004723405
2023-05-30 02:00:00,54.1700805570341
2023-05-30 03:00:00,54.586742878653
2023-05-30 04:00:00,54.5867558061492
2023-05-30 05:00:00,53.9158683581072
2023-05-30 06:00:00,34.5552059063727
2023-05-30 07:00:00,30.3110100685899
2023-05-30 08:00:00,25.6322618509845
2023-05-30 09:00:00,25.6322567091568
2023-05-30 10:00:00,25.6322564006663
2023-05-30 11:00:00,25.6322563122134
2023-05-30 12:00:00,25.6322566255431
2023-05-30 13:00:00,25.6322584575815
2023-05-30 14:00:00,25.6322819343158
2023-05-30 15:00:00,40.6201429204819
2023-05-30 16:00:00,50.3658907086316
2023-05-30 17:00:00,60.7170281857905
2023-05-30 18:00:00,62.3608372162765
2023-05-30 19:00:00,62.3608426888512
2023-05-30 20:00:00,62.3608448393836
2023-05-30 21:00:00,62.3608414923798
2023-05-30 22:00:00,62.3607972250984
2023-05-30 23:00:00,62.360729280255
2023-05-31 00:00:00,62.3608045369728
2023-05-31 01:00:00,62.3608107911322
2023-05-31 02:00:00,62.3608211124607
2023-05-31 03:00:00,62.3608294787929
2023-05-31 04:00:00,62.3608395108846
2023-05-31 05:00:00,62.360790294161
2023-05-31 06:00:00,17.3359815705115
2023-05-31 07:00:00,14.0524958816049
2023-05-31 08:00:00,14.0223086698134
2023-05-31 09:00:00,14.0222911894836
2023-05-31 10:00:00,14.022289999251
2023-05-31 11:00:00,14.0222898042804
2023-05-31 12:00:00,14.0222903468481
2023-05-31 13:00:00,14.0222964974632
2023-05-31 14:00:00,14.022300985844
2023-05-31 15:00:00,14.1168687614076
2023-05-31 16:00:00,34.7904439423636
2023-05-31 17:00:00,45.8753915272463
2023-05-31 18:00:00,46.1887620078822
2023-05-31 19:00:00,46.1887676844181
2023-05-31 20:00:00,46.1887441052225
2023-05-31 21:00:00,46.1887339555496
2023-05-31 22:00:00,46.1887557855684
2023-05-31 23:00:00,46.188726081062
2023-06-01 00:00:00,46.1885977440022
2023-06-01 01:00:00,46.1885989745268
2023-06-01 02:00:00,46.1886387452245
2023-06-01 03:00:00,46.18863343965
2023-06-01 04:00:00,46.1886884241115
2023-06-01 05:00:00,45.0053050214048
2023-06-01 06:00:00,17.3359826865288
2023-06-01 07:00:00,14.0223646995482
2023-06-01 08:00:00,14.0222999581367
2023-06-01 09:00:00,14.0222978695971
2023-06-01 10:00:00,14.022297925622
2023-06-01 11:00:00,14.0222981375926
2023-06-01 12:00:00,14.022299962453
2023-06-01 13:00:00,14.0223030534378
2023-06-01 14:00:00,14.1460242036004
2023-06-01 15:00:00,29.8134495686928
2023-06-01 16:00:00,41.4503310335921
2023-06-01 17:00:00,49.8677075249562
2023-06-01 18:00:00,51.1983302808612
2023-06-01 19:00:00,51.1983454647704
2023-06-01 20:00:00,51.1983528381617
2023-06-01 21:00:00,51.1983432127903
2023-06-01 22:00:00,51.1983373745492
2023-06-01 23:00:00,51.1983308827062
2023-06-02 00:00:00,51.1983181156781
2023-06-02 01:00:00,51.1983058500154
2023-06-02 02:00:00,51.198298758859
2023-06-02 03:00:00,51.1982916242141
2023-06-02 04:00:00,51.198266080495
2023-06-02 05:00:00,49.538965319783
2023-06-02 06:00:00,17.3359833244423
2023-06-02 07:00:00,14.6527047671092
2023-06-02 08:00:00,14.0223015545439
2023-06-02 09:00:00,14.0222995092571
2023-06-02 10:00:00,14.0222988865813
2023-06-02 11:00:00,14.0222987867164
2023-06-02 12:00:00,14.0222996063907
2023-06-02 13:00:00,14.022301734914
2023-06-02 14:00:00,14.3239692973045
2023-06-02 15:00:00,38.3913069949483
2023-06-02 16:00:00,49.8407646425645
2023-06-02 17:00:00,60.5515827822147
2023-06-02 18:00:00,63.7957190193924
2023-06-02 19:00:00,63.7963560002307
2023-06-02 20:00:00,63.7963721504214
2023-06-02 21:00:00,63.7963516040944
2023-06-02 22:00:00,63.7957492632194
2023-06-02 23:00:00,63.5235377685043
2023-06-03 00:00:00,63.5217201499751
2023-06-03 01:00:00,63.7953971618838
2023-06-03 02:00:00,63.7957593169951
2023-06-03 03:00:00,63.7959140081789
2023-06-03 04:00:00,63.7964066282978
2023-06-03 05:00:00,63.7964175951894
2023-06-03 06:00:00,38.3931771396251
2023-06-03 07:00:00,31.5971269250057
2023-06-03 08:00:00,26.7208724811881
2023-06-03 09:00:00,26.7208701518221
2023-06-03 10:00:00,26.7208696715618
2023-06-03 11:00:00,26.7208697091769
2023-06-03 12:00:00,26.7208707088618
2023-06-03 13:00:00,26.7208742086268
2023-06-03 14:00:00,26.7216280624496
2023-06-03 15:00:00,47.8395081743544
2023-06-03 16:00:00,52.0581198667245
2023-06-03 17:00:00,63.5215756680503
2023-06-03 18:00:00,64.2941484093362
2023-06-03 19:00:00,64.294154462049
2023-06-03 20:00:00,64.2941552343046
2023-06-03 21:00:00,64.2941411033039
2023-06-03 22:00:00,64.2940720084
2023-06-03 23:00:00,64.2940450536255
2023-06-04 00:00:00,64.2939451892968
2023-06-04 01:00:00,64.2934991348957
2023-06-04 02:00:00,64.2939667183721
2023-06-04 03:00:00,64.2940570150941
2023-06-04 04:00:00,64.2941383918934
2023-06-04 05:00:00,64.2941702538661
2023-06-04 06:00:00,46.4691933490115
2023-06-04 07:00:00,43.1362312305002
2023-06-04 08:00:00,36.4799986460785
2023-06-04 09:00:00,36.4799928239272
2023-06-04 10:00:00,36.479991999657
2023-06-04 11:00:00,36.4799919054863
2023-06-04 12:00:00,36.4799927413416
2023-06-04 13:00:00,36.4799959896733
2023-06-04 14:00:00,37.2688471016215
2023-06-04 15:00:00,49.840757251549
2023-06-04 16:00:00,62.3608099551423
2023-06-04 17:00:00,65.4467221365355
2023-06-04 18:00:00,65.8277072407123
2023-06-04 19:00:00,65.8277070572818
2023-06-04 20:00:00,65.8276938961705
2023-06-04 21:00:00,65.8276260156813
2023-06-04 22:00:00,65.8272351062517
2023-06-04 23:00:00,65.1920988404642
2023-06-05 00:00:00,65.1920548380012
2023-06-05 01:00:00,65.1920452743556
2023-06-05 02:00:00,65.1920492373391
2023-06-05 03:00:00,65.1920908527247
2023-06-05 04:00:00,65.8275949691071
2023-06-05 05:00:00,65.8277000402474
2023-06-05 06:00:00,58.8321120369671
2023-06-05 07:00:00,49.5131850608712
2023-06-05 08:00:00,47.6316464127237
2023-06-05 09:00:00,47.631636732844
2023-06-05 10:00:00,47.6316363583498
2023-06-05 11:00:00,47.6316364851196
2023-06-05 12:00:00,47.6316371472859
2023-06-05 13:00:00,47.6316395741604
2023-06-05 14:00:00,47.6316499938864
2023-06-05 15:00:00,51.4300473783092
2023-06-05 16:00:00,62.3608067970695
2023-06-05 17:00:00,65.1919796856209
2023-06-05 18:00:00,65.1920621100435
2023-06-05 19:00:00,65.1920661482057
2023-06-05 20:00:00,65.1920604853428
2023-06-05 21:00:00,65.1919735674083
2023-06-05 22:00:00,64.6137687666367
2023-06-05 23:00:00,64.6131811852003
2023-06-06 00:00:00,64.6131727200992
2023-06-06 01:00:00,64.6131747184963
2023-06-06 02:00:00,64.6132604330698
2023-06-06 03:00:00,65.1898206902695
2023-06-06 04:00:00,65.1920161033345
2023-06-06 05:00:00,65.1920394048814
2023-06-06 06:00:00,49.9053257149352
2023-06-06 07:00:00,46.2805026433375
2023-06-06 08:00:00,38.4357251517091
2023-06-06 09:00:00,38.4357235941327
2023-06-06 10:00:00,38.4357233853453
2023-06-06 11:00:00,38.435723495505
2023-06-06 12:00:00,38.4357243732288
2023-06-06 13:00:00,38.4357267205827
2023-06-06 14:00:00,38.4357430559896
2023-06-06 15:00:00,48.8866150476402
2023-06-06 16:00:00,57.0934845251475
2023-06-06 17:00:00,65.1922900550583
2023-06-06 18:00:00,65.2100658955895
2023-06-06 19:00:00,65.2100759276258
2023-06-06 20:00:00,65.2100712451626
2023-06-06 21:00:00,65.2100122995964
2023-06-06 22:00:00,65.2098065209287
2023-06-06 23:00:00,65.1920499168561
2023-06-07 00:00:00,65.1920350533295
2023-06-07 01:00:00,65.1920244466484
2023-06-07 02:00:00,65.1920189655985
2023-06-07 03:00:00,65.1920287223121
2023-06-07 04:00:00,65.2093990923664
2023-06-07 05:00:00,65.2100371180642
2023-06-07 06:00:00,59.544846206106
2023-06-07 07:00:00,48.7175642054508
2023-06-07 08:00:00,48.2114930406946
2023-06-07 09:00:00,48.2114831377859
2023-06-07 10:00:00,48.2114830478
2023-06-07 11:00:00,48.2114832331102
2023-06-07 12:00:00,48.2114846718925
2023-06-07 13:00:00,48.2114894488935
2023-06-07 14:00:00,48.2131792246592
2023-06-07 15:00:00,50.3661477799551
2023-06-07 16:00:00,61.2961127776414
2023-06-07 17:00:00,64.2941726717461
2023-06-07 18:00:00,64.294229099797
2023-06-07 19:00:00,64.2942888084073
2023-06-07 20:00:00,64.2942854568575
2023-06-07 21:00:00,64.2941954979254
2023-06-07 22:00:00,64.2940795926582
2023-06-07 23:00:00,64.2940004168678
2023-06-08 00:00:00,63.5355028139058
2023-06-08 01:00:00,63.5215860527679
2023-06-08 02:00:00,63.5215520457232
2023-06-08 03:00:00,63.5215440940047
2023-06-08 04:00:00,63.5215640835997
2023-06-08 05:00:00,61.5426088981402
2023-06-08 06:00:00,33.1746654338648
2023-06-08 07:00:00,31.0839636759514
2023-06-08 08:00:00,26.8516336556866
2023-06-08 09:00:00,26.8516282993217
2023-06-08 10:00:00,26.8516281256887
2023-06-08 11:00:00,26.8516283627252
2023-06-08 12:00:00,26.8516297378965
2023-06-08 13:00:00,26.8516333816073
2023-06-08 14:00:00,26.8516663956948
2023-06-08 15:00:00,42.3076999420791
2023-06-08 16:00:00,48.6870895480436
2023-06-08 17:00:00,59.9990462528191
2023-06-08 18:00:00,60.1320066791437
2023-06-08 19:00:00,60.132033217844
2023-06-08 20:00:00,60.1320315672279
2023-06-08 21:00:00,60.1318510788474
2023-06-08 22:00:00,60.1249765200718
2023-06-08 23:00:00,60.0464496979647
2023-06-09 00:00:00,60.0388321064857
2023-06-09 01:00:00,60.0388040302852
2023-06-09 02:00:00,60.0387950154179
2023-06-09 03:00:00,60.0385166766147
2023-06-09 04:00:00,55.9594401763385
2023-06-09 05:00:00,49.7539196069866
2023-06-09 06:00:00,17.3359666641165
2023-06-09 07:00:00,14.022303066465
2023-06-09 08:00:00,14.0222932122899
2023-06-09 09:00:00,14.0222929966283
2023-06-09 10:00:00,14.0222945333345
2023-06-09 11:00:00,14.022293378472
2023-06-09 12:00:00,14.0222955996383
2023-06-09 13:00:00,14.0223010186865
2023-06-09 14:00:00,14.0223139381565
2023-06-09 15:00:00,14.7362210501414
2023-06-09 16:00:00,45.5698188581671
2023-06-09 17:00:00,51.1325104643413
2023-06-09 18:00:00,53.7761187071212
2023-06-09 19:00:00,53.776154063478
2023-06-09 20:00:00,53.7760170018554
2023-06-09 21:00:00,53.513603803632
2023-06-09 22:00:00,53.7199598362883
2023-06-09 23:00:00,53.429828735309
2023-06-10 00:00:00,53.4256288850544
2023-06-10 01:00:00,53.5239581129384
2023-06-10 02:00:00,53.7755856088414
2023-06-10 03:00:00,53.7760659143221
2023-06-10 04:00:00,53.7762676700364
2023-06-10 05:00:00,53.7762376765825
2023-06-10 06:00:00,40.4002490989603
2023-06-10 07:00:00,33.0727650103353
2023-06-10 08:00:00,32.7037003226354
2023-06-10 09:00:00,32.7036889145071
2023-06-10 10:00:00,32.7036887410512
2023-06-10 11:00:00,32.7036887171189
2023-06-10 12:00:00,32.7036897655355
2023-06-10 13:00:00,32.7036922678111
2023-06-10 14:00:00,32.703701155027
2023-06-10 15:00:00,32.7037886431965
2023-06-10 16:00:00,48.336978953185
2023-06-10 17:00:00,61.0790905799235
2023-06-10 18:00:00,62.3608359603094
2023-06-10 19:00:00,62.3608566889931
2023-06-10 20:00:00,62.3608658069464
2023-06-10 21:00:00,62.3608426282605
2023-06-10 22:00:00,62.3608258582958
2023-06-10 23:00:00,62.3608223867066
2023-06-11 00:00:00,62.3608168683783
2023-06-11 01:00:00,62.3608146069459
2023-06-11 02:00:00,62.3608228534896
2023-06-11 03:00:00,62.3608363853759
2023-06-11 04:00:00,62.3608715050262
2023-06-11 05:00:00,62.3608795689874
2023-06-11 06:00:00,17.487014244589
2023-06-11 07:00:00,16.0076505074569
2023-06-11 08:00:00,14.1427516274171
2023-06-11 09:00:00,14.1427489732163
2023-06-11 10:00:00,14.1427487497498
2023-06-11 11:00:00,14.1427490982857
2023-06-11 12:00:00,14.1427508293481
2023-06-11 13:00:00,14.1427549958937
2023-06-11 14:00:00,14.2116237410428
2023-06-11 15:00:00,48.041836628624
2023-06-11 16:00:00,52.316454641441
2023-06-11 17:00:00,63.8285549506278
2023-06-11 18:00:00,64.294786354687
2023-06-11 19:00:00,64.6131287443169
2023-06-11 20:00:00,64.6131393180201
2023-06-11 21:00:00,64.6129581504831
2023-06-11 22:00:00,64.2991606805004
2023-06-11 23:00:00,64.2947883372193
2023-06-12 00:00:00,64.2947887090386
2023-06-12 01:00:00,64.2947313579885
2023-06-12 02:00:00,64.2947680626379
2023-06-12 03:00:00,64.2948047366203
2023-06-12 04:00:00,64.613061878096
2023-06-12 05:00:00,64.6131574639342
2023-06-12 06:00:00,52.4694289716075
2023-06-12 07:00:00,48.3820227335337
2023-06-12 08:00:00,42.4803974462243
2023-06-12 09:00:00,42.4803891566939
2023-06-12 10:00:00,42.4803885243233
2023-06-12 11:00:00,42.4803892980716
2023-06-12 12:00:00,42.4803911847478
2023-06-12 13:00:00,42.4803985514348
2023-06-12 14:00:00,43.1244690147415
2023-06-12 15:00:00,50.323353261287
2023-06-12 16:00:00,53.3028744484347
2023-06-12 17:00:00,64.3021723800427
2023-06-12 18:00:00,64.3022381699079
2023-06-12 19:00:00,64.302233970495
2023-06-12 20:00:00,64.3021931952927
2023-06-12 21:00:00,64.2948444848973
2023-06-12 22:00:00,64.2946501492589
2023-06-12 23:00:00,64.2945881622756
2023-06-13 00:00:00,64.2946717600043
2023-06-13 01:00:00,64.2947960839957
2023-06-13 02:00:00,64.2948430659468
2023-06-13 03:00:00,64.2987503174638
2023-06-13 04:00:00,64.3021596420254
2023-06-13 05:00:00,64.2949451709973
2023-06-13 06:00:00,57.2431337350937
2023-06-13 07:00:00,48.4515461454132
2023-06-13 08:00:00,46.5786251484833
2023-06-13 09:00:00,46.3470992585442
2023-06-13 10:00:00,46.3470979618383
2023-06-13 11:00:00,46.3470976570317
2023-06-13 12:00:00,46.3470988444825
2023-06-13 13:00:00,46.3471026384553
2023-06-13 14:00:00,46.3471470700375
2023-06-13 15:00:00,48.2136474360431
2023-06-13 16:00:00,52.0579665661098
2023-06-13 17:00:00,63.5215438627813
2023-06-13 18:00:00,64.2941384684301
2023-06-13 19:00:00,64.2941430187765
2023-06-13 20:00:00,64.2941196896974
2023-06-13 21:00:00,64.2939400513286
2023-06-13 22:00:00,64.1345314295296
2023-06-13 23:00:00,64.0703241054025
2023-06-14 00:00:00,64.2940153069941
2023-06-14 01:00:00,64.2940720432474
2023-06-14 02:00:00,64.2941122040618
2023-06-14 03:00:00,64.2941494447338
2023-06-14 04:00:00,64.2942135712306
2023-06-14 05:00:00,64.2942233060834
2023-06-14 06:00:00,55.3280221091958
2023-06-14 07:00:00,48.0440634964795
2023-06-14 08:00:00,45.152075402256
2023-06-14 09:00:00,45.1507951919426
2023-06-14 10:00:00,45.1507930592973
2023-06-14 11:00:00,45.1507920672211
2023-06-14 12:00:00,45.1507922420405
2023-06-14 13:00:00,45.1507931163218
2023-06-14 14:00:00,45.1507960452564
2023-06-14 15:00:00,46.318156246055
2023-06-14 16:00:00,51.5240562626739
2023-06-14 17:00:00,63.5215601607013
2023-06-14 18:00:00,65.3806734614885
2023-06-14 19:00:00,65.3806998179186
2023-06-14 20:00:00,65.3807027250036
2023-06-14 21:00:00,65.3806828190117
2023-06-14 22:00:00,65.380662927725
2023-06-14 23:00:00,65.3806761550871
2023-06-15 00:00:00,65.3806852861921
2023-06-15 01:00:00,65.3806889768098
2023-06-15 02:00:00,65.380691435201
2023-06-15 03:00:00,65.3806985087956
2023-06-15 04:00:00,65.3807029969747
2023-06-15 05:00:00,65.3550388023302
2023-06-15 06:00:00,49.0280809828078
2023-06-15 07:00:00,46.0872550465994
2023-06-15 08:00:00,37.3591081161719
2023-06-15 09:00:00,37.3591041855181
2023-06-15 10:00:00,37.3591035481558
2023-06-15 11:00:00,37.3591032455531
2023-06-15 12:00:00,37.3591034706593
2023-06-15 13:00:00,37.3591044181624
2023-06-15 14:00:00,37.3591077129944
2023-06-15 15:00:00,42.8530034283268
2023-06-15 16:00:00,54.8443855522028
2023-06-15 17:00:00,67.6728360660759
2023-06-15 18:00:00,67.7319054959329
2023-06-15 19:00:00,67.7333411258869
2023-06-15 20:00:00,67.733430854408
2023-06-15 21:00:00,67.7336301362543
2023-06-15 22:00:00,67.7336032910493
2023-06-15 23:00:00,67.7336143291452
2023-06-16 00:00:00,67.7336220125184
2023-06-16 01:00:00,67.7336218447752
2023-06-16 02:00:00,67.7336211955531
2023-06-16 03:00:00,67.7335868262713
2023-06-16 04:00:00,67.7333174700478
2023-06-16 05:00:00,66.1716509670218
2023-06-16 06:00:00,39.8294462765072
2023-06-16 07:00:00,17.3359787745779
2023-06-16 08:00:00,14.0223181392904
2023-06-16 09:00:00,14.0223048899048
2023-06-16 10:00:00,14.0223047961714
2023-06-16 11:00:00,14.0223044843556
2023-06-16 12:00:00,14.0223049144588
2023-06-16 13:00:00,14.0223062369604
2023-06-16 14:00:00,14.0223105155311
2023-06-16 15:00:00,14.6578662677796
2023-06-16 16:00:00,62.6434542965443
2023-06-16 17:00:00,69.7634611585581
2023-06-16 18:00:00,84.1564562219441
2023-06-16 19:00:00,84.2775342704653
2023-06-16 20:00:00,84.3718378640394
2023-06-16 21:00:00,84.3718278627087
2023-06-16 22:00:00,84.2319607038893
2023-06-16 23:00:00,84.1882690602451
2023-06-17 00:00:00,84.2318048702976
2023-06-17 01:00:00,84.2320151797684
2023-06-17 02:00:00,84.3643898621461
2023-06-17 03:00:00,84.3718228866481
2023-06-17 04:00:00,84.3718483250752
2023-06-17 05:00:00,84.371575208941
2023-06-17 06:00:00,63.0333878762916
2023-06-17 07:00:00,62.3608217916923
2023-06-17 08:00:00,51.0377663139918
2023-06-17 09:00:00,51.0371939370757
2023-06-17 10:00:00,51.0371923170584
2023-06-17 11:00:00,51.0371924214057
2023-06-17 12:00:00,51.0371934174047
2023-06-17 13:00:00,51.0371957630022
2023-06-17 14:00:00,51.0372011273243
2023-06-17 15:00:00,56.9881995196636
2023-06-17 16:00:00,70.8896667936253
2023-06-17 17:00:00,84.9367266673646
2023-06-17 18:00:00,89.765612522084
2023-06-17 19:00:00,89.765675666975
2023-06-17 20:00:00,89.7656799799731
2023-06-17 21:00:00,89.7656768162881
2023-06-17 22:00:00,89.7654093631758
2023-06-17 23:00:00,89.7652371524736
2023-06-18 00:00:00,89.5970171392061
2023-06-18 01:00:00,89.596850850575
2023-06-18 02:00:00,89.5967204533439
2023-06-18 03:00:00,89.7484478938858
2023-06-18 04:00:00,89.7654101884425
2023-06-18 05:00:00,88.0385730555578
2023-06-18 06:00:00,69.3954153718445
2023-06-18 07:00:00,66.429701838996
2023-06-18 08:00:00,61.1550952417879
2023-06-18 09:00:00,56.1904588604754
2023-06-18 10:00:00,56.1904579323399
2023-06-18 11:00:00,56.1904583462931
2023-06-18 12:00:00,56.1904595936502
2023-06-18 13:00:00,56.1904620509833
2023-06-18 14:00:00,56.1904773814132
2023-06-18 15:00:00,61.6075423110998
2023-06-18 16:00:00,69.8970928206933
2023-06-18 17:00:00,75.2860935929262
2023-06-18 18:00:00,77.4338008503596
2023-06-18 19:00:00,77.4338578303579
2023-06-18 20:00:00,77.4338567838713
2023-06-18 21:00:00,76.8448713162394
2023-06-18 22:00:00,69.2415474543716
2023-06-18 23:00:00,67.4972669964278
2023-06-19 00:00:00,67.4972285223885
2023-06-19 01:00:00,67.2704665083846
2023-06-19 02:00:00,67.2818751051054
2023-06-19 03:00:00,67.4972592777884
2023-06-19 04:00:00,67.4972837128499
2023-06-19 05:00:00,66.7890646252908
2023-06-19 06:00:00,57.1963721968906
2023-06-19 07:00:00,48.3164837106637
2023-06-19 08:00:00,46.3092482330167
2023-06-19 09:00:00,46.3092140417419
2023-06-19 10:00:00,46.3092135827384
2023-06-19 11:00:00,46.3092134021408
2023-06-19 12:00:00,46.3092141082698
2023-06-19 13:00:00,46.3092161621025
2023-06-19 14:00:00,46.3092258488808
2023-06-19 15:00:00,52.6172747729677
2023-06-19 16:00:00,65.3879539321108
2023-06-19 17:00:00,70.5105974111447
2023-06-19 18:00:00,80.4976968969817
2023-06-19 19:00:00,80.6566602253229
2023-06-19 20:00:00,80.656658549422
2023-06-19 21:00:00,80.655999666021
2023-06-19 22:00:00,80.4977032148738
2023-06-19 23:00:00,80.4515871108438
2023-06-20 00:00:00,80.4510893298862
2023-06-20 01:00:00,78.704351639709
2023-06-20 02:00:00,78.7031062054965
2023-06-20 03:00:00,78.7582276841698
2023-06-20 04:00:00,80.3724033976996
2023-06-20 05:00:00,76.6132609795314
2023-06-20 06:00:00,62.3609437205019
2023-06-20 07:00:00,58.0076897250904
2023-06-20 08:00:00,51.5051957571434
2023-06-20 09:00:00,51.5051939527224
2023-06-20 10:00:00,51.5051946412121
2023-06-20 11:00:00,51.5051950561706
2023-06-20 12:00:00,51.5051966492511
2023-06-20 13:00:00,51.5052005029045
2023-06-20 14:00:00,51.5052680431004
2023-06-20 15:00:00,57.1491933424935
2023-06-20 16:00:00,66.4056518794154
2023-06-20 17:00:00,70.9518336281496
2023-06-20 18:00:00,73.2494047020487
2023-06-20 19:00:00,73.2494529723956
2023-06-20 20:00:00,73.2494492556682
2023-06-20 21:00:00,73.1939073306112
2023-06-20 22:00:00,70.9518189869627
2023-06-20 23:00:00,67.4978255297643
2023-06-21 00:00:00,67.4972220393466
2023-06-21 01:00:00,67.4972126983692
2023-06-21 02:00:00,67.4972610592155
2023-06-21 03:00:00,68.9120974634321
2023-06-21 04:00:00,70.4500961179414
2023-06-21 05:00:00,67.4971283410494
2023-06-21 06:00:00,59.54767197837
2023-06-21 07:00:00,51.3755014505294
2023-06-21 08:00:00,50.3657527767381
2023-06-21 09:00:00,50.3657487786565
2023-06-21 10:00:00,50.3657485483059
2023-06-21 11:00:00,50.3657491240939
2023-06-21 12:00:00,50.3657508968107
2023-06-21 13:00:00,50.3657546170906
2023-06-21 14:00:00,50.3657654346752
2023-06-21 15:00:00,52.2386512405705
2023-06-21 16:00:00,64.0823887453746
2023-06-21 17:00:00,70.1625586301025
2023-06-21 18:00:00,70.5105545539208
2023-06-21 19:00:00,70.6757933729317
2023-06-21 20:00:00,70.675796412875
2023-06-21 21:00:00,70.6757126937712
2023-06-21 22:00:00,70.5105547202008
2023-06-21 23:00:00,70.5101259976735
2023-06-22 00:00:00,70.3235175706491
2023-06-22 01:00:00,70.3155933529472
2023-06-22 02:00:00,70.323425625308
2023-06-22 03:00:00,70.3234230503373
2023-06-22 04:00:00,70.3233562965342
2023-06-22 05:00:00,67.4972673016183
2023-06-22 06:00:00,52.4786481896703
2023-06-22 07:00:00,47.7831765191673
2023-06-22 08:00:00,42.4878615388743
2023-06-22 09:00:00,42.4878653447177
2023-06-22 10:00:00,42.4878639540706
2023-06-22 11:00:00,42.4878616715948
2023-06-22 12:00:00,42.4878614126903
2023-06-22 13:00:00,42.4878612021261
2023-06-22 14:00:00,42.4878681199419
2023-06-22 15:00:00,48.2132526002235
2023-06-22 16:00:00,52.6173267286478
2023-06-22 17:00:00,62.9364645085177
2023-06-22 18:00:00,64.2923445798492
2023-06-22 19:00:00,64.2925841435481
2023-06-22 20:00:00,64.2925848376848
2023-06-22 21:00:00,64.2942474122574
2023-06-22 22:00:00,64.2942687705984
2023-06-22 23:00:00,64.294254829902
2023-06-23 00:00:00,64.2942561689612
2023-06-23 01:00:00,64.2942727412985
2023-06-23 02:00:00,64.2942955065025
2023-06-23 03:00:00,64.2943030859955
2023-06-23 04:00:00,64.2943157300186
2023-06-23 05:00:00,64.0409622691433
2023-06-23 06:00:00,39.829314605192
2023-06-23 07:00:00,14.0225086510428
2023-06-23 08:00:00,14.0223018217554
2023-06-23 09:00:00,14.0223005562702
2023-06-23 10:00:00,14.0223005501999
2023-06-23 11:00:00,14.0222998249194
2023-06-23 12:00:00,14.0222998301675
2023-06-23 13:00:00,14.0223002520077
2023-06-23 14:00:00,14.0223014369159
2023-06-23 15:00:00,14.0223120597155
2023-06-23 16:00:00,49.3329603373246
2023-06-23 17:00:00,55.1431075599914
2023-06-23 18:00:00,64.2929825029078
2023-06-23 19:00:00,64.294205750222
2023-06-23 20:00:00,64.2942198246514
2023-06-23 21:00:00,64.2942119454909
2023-06-23 22:00:00,64.2941742499964
2023-06-23 23:00:00,64.2941518955998
2023-06-24 00:00:00,64.2941505873723
2023-06-24 01:00:00,64.2941240514221
2023-06-24 02:00:00,64.2941424800911
2023-06-24 03:00:00,64.2941798102435
2023-06-24 04:00:00,64.294210697782
2023-06-24 05:00:00,64.2942393609722
2023-06-24 06:00:00,46.6111428567187
2023-06-24 07:00:00,37.9460758780797
2023-06-24 08:00:00,30.7164756129713
2023-06-24 09:00:00,30.7164726551621
2023-06-24 10:00:00,30.7164719434
2023-06-24 11:00:00,30.7164717159773
2023-06-24 12:00:00,30.7164720882669
2023-06-24 13:00:00,30.7164732867051
2023-06-24 14:00:00,30.7164766664616
2023-06-24 15:00:00,44.4269349726488
2023-06-24 16:00:00,55.4088714069192
2023-06-24 17:00:00,67.1638507480864
2023-06-24 18:00:00,67.4970861557919
2023-06-24 19:00:00,67.4970991312921
2023-06-24 20:00:00,67.4971042898075
2023-06-24 21:00:00,67.4970966978773
2023-06-24 22:00:00,65.695869332433
2023-06-24 23:00:00,64.2957099019505
2023-06-25 00:00:00,64.2942174718192
2023-06-25 01:00:00,64.2941983089782
2023-06-25 02:00:00,64.2941977890552
2023-06-25 03:00:00,64.2942014270377
2023-06-25 04:00:00,64.2944970879984
2023-06-25 05:00:00,64.6131973457338
2023-06-25 06:00:00,39.8291950739238
2023-06-25 07:00:00,14.9097176126771
2023-06-25 08:00:00,14.0223046861643
2023-06-25 09:00:00,14.0222989835668
2023-06-25 10:00:00,14.0222988589078
2023-06-25 11:00:00,14.0222985537901
2023-06-25 12:00:00,14.0222985636555
2023-06-25 13:00:00,14.0222990173552
2023-06-25 14:00:00,14.0223002491335
2023-06-25 15:00:00,14.0223096406886
2023-06-25 16:00:00,47.6337567432259
2023-06-25 17:00:00,62.3608383455193
2023-06-25 18:00:00,63.5219120206282
2023-06-25 19:00:00,63.5219331781361
2023-06-25 20:00:00,63.5219335125772
2023-06-25 21:00:00,63.521877071533
2023-06-25 22:00:00,63.5215540005623
2023-06-25 23:00:00,63.4242494150168
2023-06-26 00:00:00,62.3607671612526
2023-06-26 01:00:00,60.0613362090788
2023-06-26 02:00:00,60.8648735225095
2023-06-26 03:00:00,62.3608071815243
2023-06-26 04:00:00,63.5212905945129
2023-06-26 05:00:00,62.3608338650162
2023-06-26 06:00:00,15.6040652259402
2023-06-26 07:00:00,14.0222646910818
2023-06-26 08:00:00,12.61953687334
2023-06-26 09:00:00,12.6194458479115
2023-06-26 10:00:00,12.6194437482973
2023-06-26 11:00:00,12.6194425263645
2023-06-26 12:00:00,12.6194422923238
2023-06-26 13:00:00,12.6194424527007
2023-06-26 14:00:00,12.619444331977
2023-06-26 15:00:00,13.5552606717803
2023-06-26 16:00:00,21.1923731497571
2023-06-26 17:00:00,51.4325243198226
2023-06-26 18:00:00,63.3931626023319
2023-06-26 19:00:00,63.5215524458335
2023-06-26 20:00:00,63.5215643906519
2023-06-26 21:00:00,63.5215634571558
2023-06-26 22:00:00,63.5215574670787
2023-06-26 23:00:00,63.5215620240398
2023-06-27 00:00:00,63.5215600412692
2023-06-27 01:00:00,63.5215615701619
2023-06-27 02:00:00,63.5215683331274
2023-06-27 03:00:00,63.5215804379678
2023-06-27 04:00:00,63.5215914485019
2023-06-27 05:00:00,63.5215678835579
2023-06-27 06:00:00,16.8459400067424
2023-06-27 07:00:00,14.0223086389033
2023-06-27 08:00:00,13.7939071893132
2023-06-27 09:00:00,13.5193537034724
2023-06-27 10:00:00,13.5193518859969
2023-06-27 11:00:00,13.5193515236927
2023-06-27 12:00:00,13.519352451539
2023-06-27 13:00:00,13.5193547142964
2023-06-27 14:00:00,13.5193636269303
2023-06-27 15:00:00,14.0223013565118
2023-06-27 16:00:00,47.6333841360785
2023-06-27 17:00:00,60.6044249961489
2023-06-27 18:00:00,64.2941831409617
2023-06-27 19:00:00,64.2991730498366
2023-06-27 20:00:00,64.2992019655858
2023-06-27 21:00:00,64.2991471411255
2023-06-27 22:00:00,64.2989984013619
2023-06-27 23:00:00,64.2989507946137
2023-06-28 00:00:00,64.2947606904815
2023-06-28 01:00:00,64.2944391171687
2023-06-28 02:00:00,64.2989112723751
2023-06-28 03:00:00,64.2991872375297
2023-06-28 04:00:00,64.2992409433545
2023-06-28 05:00:00,64.2992109037932
2023-06-28 06:00:00,55.5687953248494
2023-06-28 07:00:00,48.8323776276076
2023-06-28 08:00:00,44.9910671410247
2023-06-28 09:00:00,44.9908966581418
2023-06-28 10:00:00,44.990896098984
2023-06-28 11:00:00,44.9908961656605
2023-06-28 12:00:00,44.9908973809996
2023-06-28 13:00:00,44.9908993599178
2023-06-28 14:00:00,44.9909054253163
2023-06-28 15:00:00,48.9559884716648
2023-06-28 16:00:00,57.0936348515632
2023-06-28 17:00:00,65.4957495867169
2023-06-28 18:00:00,67.4958772481159
2023-06-28 19:00:00,67.4973358345429
2023-06-28 20:00:00,67.4973463651091
2023-06-28 21:00:00,67.4973414835226
2023-06-28 22:00:00,67.4971204590952
2023-06-28 23:00:00,67.4957173761429
2023-06-29 00:00:00,67.4792315858624
2023-06-29 01:00:00,67.075159690595
2023-06-29 02:00:00,65.7219541982884
2023-06-29 03:00:00,65.236787912885
2023-06-29 04:00:00,65.2354568081115
2023-06-29 05:00:00,64.2942788490266
2023-06-29 06:00:00,44.5928623546592
2023-06-29 07:00:00,42.2471932849727
2023-06-29 08:00:00,34.9417421999708
2023-06-29 09:00:00,34.9417406975361
2023-06-29 10:00:00,34.941741208758
2023-06-29 11:00:00,34.9417415339482
2023-06-29 12:00:00,34.9417424180205
2023-06-29 13:00:00,34.941744513981
2023-06-29 14:00:00,34.9417507745076
2023-06-29 15:00:00,44.3231492459181
2023-06-29 16:00:00,49.4373047653456
2023-06-29 17:00:00,56.1298026183236
2023-06-29 18:00:00,63.5174259681781
2023-06-29 19:00:00,63.5214634333195
2023-06-29 20:00:00,63.5214831907857
2023-06-29 21:00:00,63.5214836945552
2023-06-29 22:00:00,63.5214601063631
2023-06-29 23:00:00,63.5213940559348
2023-06-30 00:00:00,63.5213490901876
2023-06-30 01:00:00,63.5213327896698
2023-06-30 02:00:00,63.5213367263142
2023-06-30 03:00:00,63.521333452674
2023-06-30 04:00:00,63.5213108156262
2023-06-30 05:00:00,59.1643143572544
2023-06-30 06:00:00,27.9210680656449
2023-06-30 07:00:00,17.1742925582681
2023-06-30 08:00:00,14.0223085812159
2023-06-30 09:00:00,14.0223045607362
2023-06-30 10:00:00,14.0223045435978
2023-06-30 11:00:00,14.0223036962047
2023-06-30 12:00:00,14.022303528023
2023-06-30 13:00:00,14.0223038434215
2023-06-30 14:00:00,14.0223050337375
2023-06-30 15:00:00,14.0223191687398
2023-06-30 16:00:00,14.6577876258925
2023-06-30 17:00:00,37.9003482991862
2023-06-30 18:00:00,45.3829850936718
2023-06-30 19:00:00,45.3830145555633
2023-06-30 20:00:00,45.3830263663991
2023-06-30 21:00:00,45.3830218189205
2023-06-30 22:00:00,45.3829631362033
2023-06-30 23:00:00,44.7244084852968
2023-07-01 00:00:00,37.9114331981793
2023-07-01 01:00:00,37.9001904793859
2023-07-01 02:00:00,37.9002297568195
2023-07-01 03:00:00,37.9003132191823
2023-07-01 04:00:00,37.9003374883534
2023-07-01 05:00:00,37.8991329686554
2023-07-01 06:00:00,0.100361625437553
2023-07-01 07:00:00,0.0596648281150019
2023-07-01 08:00:00,0.0382097314298367
2023-07-01 09:00:00,0.0382048357619408
2023-07-01 10:00:00,0.0382054917696581
2023-07-01 11:00:00,0.0382044966462462
2023-07-01 12:00:00,0.0382044695102169
2023-07-01 13:00:00,0.0382053467743499
2023-07-01 14:00:00,0.0382091258687087
2023-07-01 15:00:00,0.0388063637453277
2023-07-01 16:00:00,12.5128140522683
2023-07-01 17:00:00,14.0223039093126
2023-07-01 18:00:00,14.3243484833869
2023-07-01 19:00:00,14.4480138451383
2023-07-01 20:00:00,15.4714287675378
2023-07-01 21:00:00,15.4724494933376
2023-07-01 22:00:00,15.4724563077504
2023-07-01 23:00:00,15.4724376883785
2023-07-02 00:00:00,15.4723857906189
2023-07-02 01:00:00,15.4117600286276
2023-07-02 02:00:00,15.4617516596001
2023-07-02 03:00:00,15.4724759172874
2023-07-02 04:00:00,15.4725016399591
2023-07-02 05:00:00,15.4725077074153
2023-07-02 06:00:00,0.0628154664955536
2023-07-02 07:00:00,0.0364549264804832
2023-07-02 08:00:00,0.0269344354760875
2023-07-02 09:00:00,0.0269245625304237
2023-07-02 10:00:00,0.0269244729408483
2023-07-02 11:00:00,0.0269233491327674
2023-07-02 12:00:00,0.0269234845245702
2023-07-02 13:00:00,0.0269245190036133
2023-07-02 14:00:00,0.0269288706130123
2023-07-02 15:00:00,0.0363892246697358
2023-07-02 16:00:00,7.46834956493924
2023-07-02 17:00:00,14.4872497885072
2023-07-02 18:00:00,17.9096776406133
2023-07-02 19:00:00,17.9099731306551
2023-07-02 20:00:00,17.9100541913126
2023-07-02 21:00:00,17.9100575197653
2023-07-02 22:00:00,17.9100471293386
2023-07-02 23:00:00,17.9100260661106
2023-07-03 00:00:00,17.9100005534865
2023-07-03 01:00:00,17.9099827944863
2023-07-03 02:00:00,17.9100040262773
2023-07-03 03:00:00,17.9100369208397
2023-07-03 04:00:00,17.9100675231722
2023-07-03 05:00:00,17.9100667140827
2023-07-03 06:00:00,0.0680679009124216
2023-07-03 07:00:00,0.0400791933013869
2023-07-03 08:00:00,0.0307873270039853
2023-07-03 09:00:00,0.030759475485813
2023-07-03 10:00:00,0.0307595651956766
2023-07-03 11:00:00,0.0307589049893093
2023-07-03 12:00:00,0.0307588588399906
2023-07-03 13:00:00,0.0307593645855044
2023-07-03 14:00:00,0.0307622117086575
2023-07-03 15:00:00,0.0395017213195468
2023-07-03 16:00:00,13.4252247101411
2023-07-03 17:00:00,21.6791895195771
2023-07-03 18:00:00,23.1986028305802
2023-07-03 19:00:00,24.7783777657144
2023-07-03 20:00:00,26.6239577852923
2023-07-03 21:00:00,26.6239652847727
2023-07-03 22:00:00,26.6241067258534
2023-07-03 23:00:00,26.6289522688912
2023-07-04 00:00:00,26.6243963581807
2023-07-04 01:00:00,26.6241519407253
2023-07-04 02:00:00,26.7890774467058
2023-07-04 03:00:00,26.7891692813549
2023-07-04 04:00:00,26.7891813032205
2023-07-04 05:00:00,26.7891764205494
2023-07-04 06:00:00,14.0223049019223
2023-07-04 07:00:00,14.0222924789215
2023-07-04 08:00:00,13.1730509454939
2023-07-04 09:00:00,11.3382190597639
2023-07-04 10:00:00,11.3382179215953
2023-07-04 11:00:00,11.3382171352169
2023-07-04 12:00:00,11.3382172868903
2023-07-04 13:00:00,11.3382182409746
2023-07-04 14:00:00,11.3382209792155
2023-07-04 15:00:00,14.0222993697399
2023-07-04 16:00:00,48.7177059307095
2023-07-04 17:00:00,59.4294077764662
2023-07-04 18:00:00,60.2025267340158
2023-07-04 19:00:00,60.2025383872478
2023-07-04 20:00:00,60.2025259754672
2023-07-04 21:00:00,60.1467906787854
2023-07-04 22:00:00,58.701106028498
2023-07-04 23:00:00,58.1019791664219
2023-07-05 00:00:00,53.7758898133056
2023-07-05 01:00:00,53.7758104696043
2023-07-05 02:00:00,53.4766458492352
2023-07-05 03:00:00,53.4766380763438
2023-07-05 04:00:00,53.609465311187
2023-07-05 05:00:00,52.3569408183152
2023-07-05 06:00:00,14.0223060033458
2023-07-05 07:00:00,13.4160111711683
2023-07-05 08:00:00,11.338265331277
2023-07-05 09:00:00,11.3382241656481
2023-07-05 10:00:00,11.3382255958566
2023-07-05 11:00:00,11.3382251951764
2023-07-05 12:00:00,11.3382256076608
2023-07-05 13:00:00,11.338228281423
2023-07-05 14:00:00,11.3382353925587
2023-07-05 15:00:00,11.5835350155824
2023-07-05 16:00:00,18.1168326272286
2023-07-05 17:00:00,48.8885420723471
2023-07-05 18:00:00,58.6309958332377
2023-07-05 19:00:00,60.3807441134587
2023-07-05 20:00:00,60.380817619585
2023-07-05 21:00:00,60.3808200917678
2023-07-05 22:00:00,60.3808135505987
2023-07-05 23:00:00,60.3808031243043
2023-07-06 00:00:00,60.3807904673023
2023-07-06 01:00:00,60.3807846316125
2023-07-06 02:00:00,60.3807902588565
2023-07-06 03:00:00,60.3807937887617
2023-07-06 04:00:00,60.3808100261581
2023-07-06 05:00:00,60.38080868247
2023-07-06 06:00:00,16.9676680997654
2023-07-06 07:00:00,14.022301699032
2023-07-06 08:00:00,13.7242531741539
2023-07-06 09:00:00,13.7238668455286
2023-07-06 10:00:00,13.7238659524376
2023-07-06 11:00:00,13.7238654503638
2023-07-06 12:00:00,13.723865745156
2023-07-06 13:00:00,13.7238671980436
2023-07-06 14:00:00,13.7238837834863
2023-07-06 15:00:00,14.0223017035962
2023-07-06 16:00:00,45.461879499016
2023-07-06 17:00:00,61.7549967604164
2023-07-06 18:00:00,64.2938387256537
2023-07-06 19:00:00,64.2942100647503
2023-07-06 20:00:00,64.2942193273735
2023-07-06 21:00:00,64.2942164914454
2023-07-06 22:00:00,64.2939992676662
2023-07-06 23:00:00,64.2930593556654
2023-07-07 00:00:00,63.5215403755715
2023-07-07 01:00:00,63.5215229667558
2023-07-07 02:00:00,63.5214902461269
2023-07-07 03:00:00,62.3608461263366
2023-07-07 04:00:00,61.7551545300079
2023-07-07 05:00:00,54.8808391303273
2023-07-07 06:00:00,14.54396660713
2023-07-07 07:00:00,14.0219891204538
2023-07-07 08:00:00,12.9564653827789
2023-07-07 09:00:00,12.6203459705723
2023-07-07 10:00:00,12.6203449133164
2023-07-07 11:00:00,12.6203444111922
2023-07-07 12:00:00,12.6203451005613
2023-07-07 13:00:00,12.6203481654849
2023-07-07 14:00:00,12.6203613086381
2023-07-07 15:00:00,14.0222999337628
2023-07-07 16:00:00,42.7062820743366
2023-07-07 17:00:00,55.430777061527
2023-07-07 18:00:00,61.7551234615263
2023-07-07 19:00:00,61.7551746302196
2023-07-07 20:00:00,61.7551706173614
2023-07-07 21:00:00,61.7551326671475
2023-07-07 22:00:00,60.5577769063504
2023-07-07 23:00:00,57.8605652574779
2023-07-08 00:00:00,59.0971182357168
2023-07-08 01:00:00,60.5577414700775
2023-07-08 02:00:00,61.5614787530485
2023-07-08 03:00:00,61.7551159568405
2023-07-08 04:00:00,61.7551449830313
2023-07-08 05:00:00,61.755170212901
2023-07-08 06:00:00,39.7336653109857
2023-07-08 07:00:00,34.5740336146122
2023-07-08 08:00:00,32.1644476137971
2023-07-08 09:00:00,32.1644251344368
2023-07-08 10:00:00,32.1644252332906
2023-07-08 11:00:00,32.1644249657166
2023-07-08 12:00:00,32.1644260267076
2023-07-08 13:00:00,32.1644290717547
2023-07-08 14:00:00,32.1644463792904
2023-07-08 15:00:00,46.3089167974893
2023-07-08 16:00:00,61.7611958991992
2023-07-08 17:00:00,69.8371454497941
2023-07-08 18:00:00,70.1144510909837
2023-07-08 19:00:00,70.1144603921355
2023-07-08 20:00:00,70.1144647394556
2023-07-08 21:00:00,70.1144585563798
2023-07-08 22:00:00,70.0421592373803
2023-07-08 23:00:00,70.0421377999631
2023-07-09 00:00:00,70.0420308979042
2023-07-09 01:00:00,70.1139913628693
2023-07-09 02:00:00,70.1143521795089
2023-07-09 03:00:00,70.114386562209
2023-07-09 04:00:00,70.11440448516
2023-07-09 05:00:00,70.0421139446477
2023-07-09 06:00:00,52.3950611655501
2023-07-09 07:00:00,48.3289450706732
2023-07-09 08:00:00,46.5941205353685
2023-07-09 09:00:00,42.4201448909375
2023-07-09 10:00:00,42.4201439836215
2023-07-09 11:00:00,42.4201436930951
2023-07-09 12:00:00,42.420144040708
2023-07-09 13:00:00,42.4201459401965
2023-07-09 14:00:00,42.4201507371277
2023-07-09 15:00:00,48.6456458313263
2023-07-09 16:00:00,64.3719820586157
2023-07-09 17:00:00,70.5107293242049
2023-07-09 18:00:00,81.4250855898418
2023-07-09 19:00:00,81.6115816986733
2023-07-09 20:00:00,81.6115925633062
2023-07-09 21:00:00,81.6115730069284
2023-07-09 22:00:00,81.6109341755922
2023-07-09 23:00:00,81.424811092182
2023-07-10 00:00:00,81.4247664773415
2023-07-10 01:00:00,81.4245981665422
2023-07-10 02:00:00,81.4121320983905
2023-07-10 03:00:00,81.4118370764022
2023-07-10 04:00:00,81.4120863497249
2023-07-10 05:00:00,70.0422000651628
2023-07-10 06:00:00,48.2117435569428
2023-07-10 07:00:00,21.7343130677228
2023-07-10 08:00:00,20.6286280063088
2023-07-10 09:00:00,17.5849417912821
2023-07-10 10:00:00,17.5849405115448
2023-07-10 11:00:00,17.5849401602976
2023-07-10 12:00:00,17.5849403329716
2023-07-10 13:00:00,17.5849408856984
2023-07-10 14:00:00,17.5849426693708
2023-07-10 15:00:00,17.8831431026513
2023-07-10 16:00:00,51.8176963212624
2023-07-10 17:00:00,63.5143031597516
2023-07-10 18:00:00,64.6129610092555
2023-07-10 19:00:00,64.6131689959554
2023-07-10 20:00:00,64.6131719337824
2023-07-10 21:00:00,64.6131701770064
2023-07-10 22:00:00,64.6131399652775
2023-07-10 23:00:00,64.6100427984074
2023-07-11 00:00:00,64.2942215191627
2023-07-11 01:00:00,64.2937880722189
2023-07-11 02:00:00,63.5216879084938
2023-07-11 03:00:00,63.5216857023877
2023-07-11 04:00:00,64.2937542086914
2023-07-11 05:00:00,62.6452061319617
2023-07-11 06:00:00,17.3366042635535
2023-07-11 07:00:00,15.8700751789932
2023-07-11 08:00:00,14.0223015564919
2023-07-11 09:00:00,14.0222962024973
2023-07-11 10:00:00,14.022295491863
2023-07-11 11:00:00,14.0222947888287
2023-07-11 12:00:00,14.0222949449425
2023-07-11 13:00:00,14.0222956856434
2023-07-11 14:00:00,14.022298463148
2023-07-11 15:00:00,14.0225002421887
2023-07-11 16:00:00,50.4904629172983
2023-07-11 17:00:00,59.4204942976564
2023-07-11 18:00:00,62.3615938711561
2023-07-11 19:00:00,62.3616466554542
2023-07-11 20:00:00,62.3616491600385
2023-07-11 21:00:00,62.3616465507878
2023-07-11 22:00:00,62.361619468333
2023-07-11 23:00:00,62.361464264124
2023-07-12 00:00:00,62.3609773987618
2023-07-12 01:00:00,62.3609007992461
2023-07-12 02:00:00,62.3609362842859
2023-07-12 03:00:00,62.3609635237618
2023-07-12 04:00:00,62.3608443865634
2023-07-12 05:00:00,62.1075025385714
2023-07-12 06:00:00,18.0685867594745
2023-07-12 07:00:00,15.9904274772671
2023-07-12 08:00:00,14.0229017391049
2023-07-12 09:00:00,14.0228904439127
2023-07-12 10:00:00,14.0228900779187
2023-07-12 11:00:00,14.0228892622655
2023-07-12 12:00:00,14.022889435266
2023-07-12 13:00:00,14.0228904829515
2023-07-12 14:00:00,14.0228939032322
2023-07-12 15:00:00,14.022981299702
2023-07-12 16:00:00,44.8417856805561
2023-07-12 17:00:00,50.3027325120644
2023-07-12 18:00:00,61.7557887272752
2023-07-12 19:00:00,62.1266246490235
2023-07-12 20:00:00,62.1266402677321
2023-07-12 21:00:00,62.1266394736114
2023-07-12 22:00:00,61.6963511891253
2023-07-12 23:00:00,61.6963566498787
2023-07-13 00:00:00,61.6963900477101
2023-07-13 01:00:00,61.7557777061513
2023-07-13 02:00:00,62.1265879651204
2023-07-13 03:00:00,62.1266409367384
2023-07-13 04:00:00,62.1266549010447
2023-07-13 05:00:00,61.7551372536532
2023-07-13 06:00:00,18.9951879522444
2023-07-13 07:00:00,17.3345910306486
2023-07-13 08:00:00,14.6574434078968
2023-07-13 09:00:00,14.6573664588478
2023-07-13 10:00:00,14.6573665570468
2023-07-13 11:00:00,14.6573662339389
2023-07-13 12:00:00,14.6573664701045
2023-07-13 13:00:00,14.6573675933595
2023-07-13 14:00:00,14.6573708264962
2023-07-13 15:00:00,14.9762253358066
2023-07-13 16:00:00,48.4089495030977
2023-07-13 17:00:00,61.684055466682
2023-07-13 18:00:00,64.3160251111353
2023-07-13 19:00:00,64.317458319742
2023-07-13 20:00:00,64.3174680929153
2023-07-13 21:00:00,64.3174652346022
2023-07-13 22:00:00,64.3174507621008
2023-07-13 23:00:00,64.3174335980103
2023-07-14 00:00:00,64.317415579635
2023-07-14 01:00:00,64.3173677607243
2023-07-14 02:00:00,64.3172159121029
2023-07-14 03:00:00,64.2955828777016
2023-07-14 04:00:00,64.2942173978051
2023-07-14 05:00:00,62.1266295208268
2023-07-14 06:00:00,14.0223064246485
2023-07-14 07:00:00,0.0650822790365133
2023-07-14 08:00:00,0.0434398898893753
2023-07-14 09:00:00,0.0328723761406879
2023-07-14 10:00:00,0.0328688812687261
2023-07-14 11:00:00,0.032866878433847
2023-07-14 12:00:00,0.0328668901048051
2023-07-14 13:00:00,0.0328681292897198
2023-07-14 14:00:00,0.0328733233991306
2023-07-14 15:00:00,0.0364464796566461
2023-07-14 16:00:00,14.0222961389981
2023-07-14 17:00:00,14.1346141422479
2023-07-14 18:00:00,40.5010076622108
2023-07-14 19:00:00,40.5015587367381
2023-07-14 20:00:00,40.501564658785
2023-07-14 21:00:00,40.5015625557183
2023-07-14 22:00:00,40.4248450774852
2023-07-14 23:00:00,40.3560420893828
2023-07-15 00:00:00,40.3488932329331
2023-07-15 01:00:00,40.348888580758
2023-07-15 02:00:00,40.3488885808734
2023-07-15 03:00:00,40.3489000982941
2023-07-15 04:00:00,40.3489273845701
2023-07-15 05:00:00,40.3486036794913
2023-07-15 06:00:00,0.0410324412472557
2023-07-15 07:00:00,0.0337611502434305
2023-07-15 08:00:00,0.0284201087189763
2023-07-15 09:00:00,0.0280925151448561
2023-07-15 10:00:00,0.0280891184375994
2023-07-15 11:00:00,0.0280885521678165
2023-07-15 12:00:00,0.0280890846960876
2023-07-15 13:00:00,0.0280905222132383
2023-07-15 14:00:00,0.0280971166938766
2023-07-15 15:00:00,0.0364395378820229
2023-07-15 16:00:00,14.0223031454853
2023-07-15 17:00:00,18.735498477006
2023-07-15 18:00:00,24.9905720931533
2023-07-15 19:00:00,24.9906137667286
2023-07-15 20:00:00,24.9906205425348
2023-07-15 21:00:00,24.9906148949806
2023-07-15 22:00:00,24.9905876738776
2023-07-15 23:00:00,24.9905829421194
2023-07-16 00:00:00,24.0079075805163
2023-07-16 01:00:00,23.4666354276252
2023-07-16 02:00:00,23.4666955328432
2023-07-16 03:00:00,24.7448443996512
2023-07-16 04:00:00,24.9906368416074
2023-07-16 05:00:00,24.9906404568587
2023-07-16 06:00:00,0.0481196163673089
2023-07-16 07:00:00,0.0363786904839537
2023-07-16 08:00:00,0.0261288652568353
2023-07-16 09:00:00,0.02596941989111
2023-07-16 10:00:00,0.0259669370536388
2023-07-16 11:00:00,0.025966962774934
2023-07-16 12:00:00,0.0259680650449823
2023-07-16 13:00:00,0.0259725217394205
2023-07-16 14:00:00,0.0260188931257145
2023-07-16 15:00:00,0.0371907657185854
2023-07-16 16:00:00,14.0223006690245
2023-07-16 17:00:00,48.2114456382121
2023-07-16 18:00:00,61.6926561857308
2023-07-16 19:00:00,61.6936423232512
2023-07-16 20:00:00,61.6936520122036
2023-07-16 21:00:00,61.6936492193599
2023-07-16 22:00:00,61.6935977849467
2023-07-16 23:00:00,61.6935754078107
2023-07-17 00:00:00,61.6925563740971
2023-07-17 01:00:00,61.6921540591216
2023-07-17 02:00:00,61.6905354846797
2023-07-17 03:00:00,61.692103276754
2023-07-17 04:00:00,61.6935114434766
2023-07-17 05:00:00,61.6824076796118
2023-07-17 06:00:00,16.4577433625846
2023-07-17 07:00:00,14.0223013337235
2023-07-17 08:00:00,13.3149460496037
2023-07-17 09:00:00,13.3109270213599
2023-07-17 10:00:00,13.3109248258315
2023-07-17 11:00:00,13.3109240774805
2023-07-17 12:00:00,13.3109242453536
2023-07-17 13:00:00,13.3109252011212
2023-07-17 14:00:00,13.3109280221301
2023-07-17 15:00:00,13.5193313312888
2023-07-17 16:00:00,36.6373299519358
2023-07-17 17:00:00,60.5308370340225
2023-07-17 18:00:00,64.3462337516591
2023-07-17 19:00:00,64.6131749446826
2023-07-17 20:00:00,64.6132334951279
2023-07-17 21:00:00,64.6132438973115
2023-07-17 22:00:00,64.6131644457026
2023-07-17 23:00:00,64.6131438367018
2023-07-18 00:00:00,64.6131381407035
2023-07-18 01:00:00,64.6131272577113
2023-07-18 02:00:00,64.6131531453324
2023-07-18 03:00:00,64.6132302421668
2023-07-18 04:00:00,64.6132795237467
2023-07-18 05:00:00,64.6133036298695
2023-07-18 06:00:00,48.2114791080882
2023-07-18 07:00:00,45.8518428533573
2023-07-18 08:00:00,41.7797651799825
2023-07-18 09:00:00,38.7807655493021
2023-07-18 10:00:00,38.7807636372998
2023-07-18 11:00:00,38.7807630877306
2023-07-18 12:00:00,38.7807635534014
2023-07-18 13:00:00,38.7807644837759
2023-07-18 14:00:00,38.7807698611299
2023-07-18 15:00:00,48.4524065653935
2023-07-18 16:00:00,64.2747908712924
2023-07-18 17:00:00,70.1626203163858
2023-07-18 18:00:00,79.3760316969338
2023-07-18 19:00:00,79.3760813129705
2023-07-18 20:00:00,79.3760850319163
2023-07-18 21:00:00,79.376066789146
2023-07-18 22:00:00,79.3757363523546
2023-07-18 23:00:00,79.3755506540424
2023-07-19 00:00:00,79.3700013064204
2023-07-19 01:00:00,79.3695350716004
2023-07-19 02:00:00,79.256450742101
2023-07-19 03:00:00,79.2676663705298
2023-07-19 04:00:00,79.2680948551113
2023-07-19 05:00:00,75.8851865230929
2023-07-19 06:00:00,55.8226338447044
2023-07-19 07:00:00,49.9611017417033
2023-07-19 08:00:00,46.2652758262355
2023-07-19 09:00:00,45.1964821766278
2023-07-19 10:00:00,45.1964824725949
2023-07-19 11:00:00,45.1964817343525
2023-07-19 12:00:00,45.1964817525028
2023-07-19 13:00:00,45.1964826020697
2023-07-19 14:00:00,45.1964858203699
2023-07-19 15:00:00,46.2648403005586
2023-07-19 16:00:00,53.2536554064881
2023-07-19 17:00:00,63.5215340340559
2023-07-19 18:00:00,66.6630336918665
2023-07-19 19:00:00,66.7682328537178
2023-07-19 20:00:00,66.7682611360883
2023-07-19 21:00:00,66.7682636395275
2023-07-19 22:00:00,66.7682334482746
2023-07-19 23:00:00,66.7581384948254
2023-07-20 00:00:00,66.597143178029
2023-07-20 01:00:00,66.5970747818425
2023-07-20 02:00:00,66.62034625176
2023-07-20 03:00:00,66.6552055947164
2023-07-20 04:00:00,66.6629804482106
2023-07-20 05:00:00,66.6629769287965
2023-07-20 06:00:00,26.0699862807413
2023-07-20 07:00:00,20.1317021627148
2023-07-20 08:00:00,16.4673048073528
2023-07-20 09:00:00,16.4670863743133
2023-07-20 10:00:00,16.4670856551916
2023-07-20 11:00:00,16.467085440579
2023-07-20 12:00:00,16.4670860684128
2023-07-20 13:00:00,16.4670870673692
2023-07-20 14:00:00,16.4670877900294
2023-07-20 15:00:00,27.6518403858201
2023-07-20 16:00:00,53.2788567346594
2023-07-20 17:00:00,64.2342758554217
2023-07-20 18:00:00,67.1640942899013
2023-07-20 19:00:00,67.1642304189682
2023-07-20 20:00:00,67.1642378408655
2023-07-20 21:00:00,67.1642326940448
2023-07-20 22:00:00,67.1642210925287
2023-07-20 23:00:00,67.1641774235718
2023-07-21 00:00:00,67.1638296930714
2023-07-21 01:00:00,66.9871103758901
2023-07-21 02:00:00,66.6629941020446
2023-07-21 03:00:00,66.662936603819
2023-07-21 04:00:00,66.4314190653633
2023-07-21 05:00:00,64.2942348445986
2023-07-21 06:00:00,50.108077039764
2023-07-21 07:00:00,47.4482123474897
2023-07-21 08:00:00,40.5677032594076
2023-07-21 09:00:00,40.5676979939673
2023-07-21 10:00:00,40.5676982582329
2023-07-21 11:00:00,40.5676976837034
2023-07-21 12:00:00,40.5676980100377
2023-07-21 13:00:00,40.5676988087992
2023-07-21 14:00:00,40.5677038847283
2023-07-21 15:00:00,40.567855391067
2023-07-21 16:00:00,52.062991399072
2023-07-21 17:00:00,62.3608349556678
2023-07-21 18:00:00,64.5582644522644
2023-07-21 19:00:00,64.6147084351879
2023-07-21 20:00:00,64.7409432953813
2023-07-21 21:00:00,64.7409421445788
2023-07-21 22:00:00,64.6133226899036
2023-07-21 23:00:00,64.7409008999564
2023-07-22 00:00:00,64.6130459889767
2023-07-22 01:00:00,64.6125988182798
2023-07-22 02:00:00,64.5260702432536
2023-07-22 03:00:00,64.6130399863488
2023-07-22 04:00:00,64.7409585643638
2023-07-22 05:00:00,64.318257161811
2023-07-22 06:00:00,40.6679591040544
2023-07-22 07:00:00,17.482510442834
2023-07-22 08:00:00,14.1410117853005
2023-07-22 09:00:00,14.1409845728653
2023-07-22 10:00:00,14.1409830781799
2023-07-22 11:00:00,14.1409819038209
2023-07-22 12:00:00,14.1409816126023
2023-07-22 13:00:00,14.1409823418317
2023-07-22 14:00:00,14.1409846246436
2023-07-22 15:00:00,14.1410126837778
2023-07-22 16:00:00,43.7615242124132
2023-07-22 17:00:00,53.4692801683056
2023-07-22 18:00:00,58.3583831462472
2023-07-22 19:00:00,58.3583949783238
2023-07-22 20:00:00,58.3583991822497
2023-07-22 21:00:00,58.358393794038
2023-07-22 22:00:00,58.3545666235112
2023-07-22 23:00:00,55.7055917510169
2023-07-23 00:00:00,50.4916543049632
2023-07-23 01:00:00,50.2108879265726
2023-07-23 02:00:00,49.7069983064252
2023-07-23 03:00:00,50.4706953476894
2023-07-23 04:00:00,52.8264033480513
2023-07-23 05:00:00,49.8408101140989
2023-07-23 06:00:00,0.0789563640703332
2023-07-23 07:00:00,0.0459569698779592
2023-07-23 08:00:00,0.0380154954424315
2023-07-23 09:00:00,0.037985888525203
2023-07-23 10:00:00,0.0379859571627646
2023-07-23 11:00:00,0.0379858094511964
2023-07-23 12:00:00,0.0379864371767923
2023-07-23 13:00:00,0.0379888872618845
2023-07-23 14:00:00,0.0380016113606663
2023-07-23 15:00:00,2.31206388766719
2023-07-23 16:00:00,30.8823729754116
2023-07-23 17:00:00,50.3697467805938
2023-07-23 18:00:00,61.849353529762
2023-07-23 19:00:00,62.2097384183155
2023-07-23 20:00:00,62.2097718765207
2023-07-23 21:00:00,62.2076732708113
2023-07-23 22:00:00,60.5509306978592
2023-07-23 23:00:00,60.5506085754662
2023-07-24 00:00:00,60.3446557663597
2023-07-24 01:00:00,60.2779389675612
2023-07-24 02:00:00,61.5017417837679
2023-07-24 03:00:00,62.2098006029277
2023-07-24 04:00:00,62.2098057178221
2023-07-24 05:00:00,62.209806805599
2023-07-24 06:00:00,49.9870866424339
2023-07-24 07:00:00,47.0077395848616
2023-07-24 08:00:00,46.6481405509143
2023-07-24 09:00:00,46.647800810094
2023-07-24 10:00:00,46.6478013447089
2023-07-24 11:00:00,46.647799246107
2023-07-24 12:00:00,46.6477992499706
2023-07-24 13:00:00,46.6478002518158
2023-07-24 14:00:00,46.6478035494232
2023-07-24 15:00:00,46.6478773099245
2023-07-24 16:00:00,52.0362683527612
2023-07-24 17:00:00,59.7607963270629
2023-07-24 18:00:00,64.2942008520274
2023-07-24 19:00:00,64.2943269347697
2023-07-24 20:00:00,64.2943377133618
2023-07-24 21:00:00,64.2943325503887
2023-07-24 22:00:00,64.2942598937498
2023-07-24 23:00:00,64.2942368510145
2023-07-25 00:00:00,64.2942275799172
2023-07-25 01:00:00,64.294219793207
2023-07-25 02:00:00,64.2942182129682
2023-07-25 03:00:00,64.2942262455841
2023-07-25 04:00:00,64.2942474567238
2023-07-25 05:00:00,64.2192567097467
2023-07-25 06:00:00,54.7410926204118
2023-07-25 07:00:00,48.3473880750987
2023-07-25 08:00:00,46.6471585406318
2023-07-25 09:00:00,46.6471565410134
2023-07-25 10:00:00,46.6471575863836
2023-07-25 11:00:00,46.6471563010526
2023-07-25 12:00:00,46.6471569926461
2023-07-25 13:00:00,46.6471591393807
2023-07-25 14:00:00,46.6471682985216
2023-07-25 15:00:00,46.6474369896045
2023-07-25 16:00:00,51.8148658274193
2023-07-25 17:00:00,62.2099872654023
2023-07-25 18:00:00,64.3173541950455
2023-07-25 19:00:00,64.3174830843609
2023-07-25 20:00:00,64.3174960267308
2023-07-25 21:00:00,64.3174914265224
2023-07-25 22:00:00,64.3174628104921
2023-07-25 23:00:00,64.3174457233167
2023-07-26 00:00:00,64.3174371975731
2023-07-26 01:00:00,64.3174245007101
2023-07-26 02:00:00,64.317427760071
2023-07-26 03:00:00,64.3174512480314
2023-07-26 04:00:00,64.3174710766041
2023-07-26 05:00:00,64.3174776871423
2023-07-26 06:00:00,47.6206146871856
2023-07-26 07:00:00,45.6915112890791
2023-07-26 08:00:00,36.9902937178892
2023-07-26 09:00:00,36.9902829584997
2023-07-26 10:00:00,36.9902831631443
2023-07-26 11:00:00,36.9902828864677
2023-07-26 12:00:00,36.9902828173247
2023-07-26 13:00:00,36.9902831148064
2023-07-26 14:00:00,36.9902860572793
2023-07-26 15:00:00,36.9903293557299
2023-07-26 16:00:00,46.8645074257453
2023-07-26 17:00:00,54.3815159119378
2023-07-26 18:00:00,62.2097915591457
2023-07-26 19:00:00,62.2097959309506
2023-07-26 20:00:00,62.2097971498239
2023-07-26 21:00:00,62.2097916586924
2023-07-26 22:00:00,62.2095408195547
2023-07-26 23:00:00,59.4241584639651
2023-07-27 00:00:00,52.9512318629554
2023-07-27 01:00:00,50.3701011195603
2023-07-27 02:00:00,50.3700991133334
2023-07-27 03:00:00,50.7031599445955
2023-07-27 04:00:00,52.0275241757484
2023-07-27 05:00:00,50.3700975011026
2023-07-27 06:00:00,17.3359859098082
2023-07-27 07:00:00,14.0223776709179
2023-07-27 08:00:00,14.0223021300813
2023-07-27 09:00:00,14.0222957034635
2023-07-27 10:00:00,14.0222957755603
2023-07-27 11:00:00,14.0222951529625
2023-07-27 12:00:00,14.0222953836771
2023-07-27 13:00:00,14.0222962413217
2023-07-27 14:00:00,14.0222980536981
2023-07-27 15:00:00,14.0223131851916
2023-07-27 16:00:00,46.6499223698888
2023-07-27 17:00:00,58.2615237337259
2023-07-27 18:00:00,63.5215293736699
2023-07-27 19:00:00,64.2942416056544
2023-07-27 20:00:00,64.2942633455145
2023-07-27 21:00:00,64.2942601846769
2023-07-27 22:00:00,64.2942617620313
2023-07-27 23:00:00,64.294255255199
2023-07-28 00:00:00,64.2942506274431
2023-07-28 01:00:00,64.2942502368676
2023-07-28 02:00:00,64.2942534917122
2023-07-28 03:00:00,64.2942613885743
2023-07-28 04:00:00,64.2942601208635
2023-07-28 05:00:00,64.2942365972717
2023-07-28 06:00:00,41.0806139891954
2023-07-28 07:00:00,25.1426474348554
2023-07-28 08:00:00,20.3457068605392
2023-07-28 09:00:00,20.3457063794895
2023-07-28 10:00:00,20.34570751795
2023-07-28 11:00:00,20.3457063683778
2023-07-28 12:00:00,20.34570621849
2023-07-28 13:00:00,20.3457069067978
2023-07-28 14:00:00,20.345709209677
2023-07-28 15:00:00,20.3461162977896
2023-07-28 16:00:00,48.8306826562473
2023-07-28 17:00:00,62.2097618335502
2023-07-28 18:00:00,64.2941650046275
2023-07-28 19:00:00,64.2942311736112
2023-07-28 20:00:00,64.2942355188475
2023-07-28 21:00:00,64.2942307320155
2023-07-28 22:00:00,64.2942061917951
2023-07-28 23:00:00,63.9455059147008
2023-07-29 00:00:00,63.5215476861804
2023-07-29 01:00:00,63.5215271269899
2023-07-29 02:00:00,63.5215200147214
2023-07-29 03:00:00,63.5215461945188
2023-07-29 04:00:00,63.5215783537217
2023-07-29 05:00:00,63.521221588365
2023-07-29 06:00:00,39.2523807241353
2023-07-29 07:00:00,16.5861371344858
2023-07-29 08:00:00,14.0223320848658
2023-07-29 09:00:00,14.0223056598223
2023-07-29 10:00:00,14.0223054264746
2023-07-29 11:00:00,14.02230402828
2023-07-29 12:00:00,14.022303627479
2023-07-29 13:00:00,14.0223036224408
2023-07-29 14:00:00,14.0223047866128
2023-07-29 15:00:00,14.0223116731715
2023-07-29 16:00:00,14.0272026772925
2023-07-29 17:00:00,48.211472228389
2023-07-29 18:00:00,53.3203439331677
2023-07-29 19:00:00,53.3206269634405
2023-07-29 20:00:00,53.3206317366326
2023-07-29 21:00:00,53.3206310253473
2023-07-29 22:00:00,53.3205883391079
2023-07-29 23:00:00,53.3203379920972
2023-07-30 00:00:00,53.3202406119642
2023-07-30 01:00:00,53.3201896593523
2023-07-30 02:00:00,53.3197920841711
2023-07-30 03:00:00,53.3201704974661
2023-07-30 04:00:00,53.3202123641132
2023-07-30 05:00:00,53.3201720418567
2023-07-30 06:00:00,14.0223131703192
2023-07-30 07:00:00,13.3648358879934
2023-07-30 08:00:00,11.3382677874224
2023-07-30 09:00:00,11.3382260026947
2023-07-30 10:00:00,11.3382255636704
2023-07-30 11:00:00,11.3382243074907
2023-07-30 12:00:00,11.3382246037351
2023-07-30 13:00:00,11.3382262153545
2023-07-30 14:00:00,11.3382348158706
2023-07-30 15:00:00,14.0222609296068
2023-07-30 16:00:00,15.0736091895977
2023-07-30 17:00:00,43.399544534753
2023-07-30 18:00:00,44.9021948270394
2023-07-30 19:00:00,44.902550974766
2023-07-30 20:00:00,44.9025587913523
2023-07-30 21:00:00,44.9025539328383
2023-07-30 22:00:00,44.9025336047982
2023-07-30 23:00:00,44.6870073528737
2023-07-31 00:00:00,44.6141557058924
2023-07-31 01:00:00,40.5535409798235
2023-07-31 02:00:00,40.554252274958
2023-07-31 03:00:00,42.3656164946951
2023-07-31 04:00:00,44.638469264131
2023-07-31 05:00:00,44.6870038995245
2023-07-31 06:00:00,17.9976749753154
2023-07-31 07:00:00,14.5441288319896
2023-07-31 08:00:00,14.0222835970479
2023-07-31 09:00:00,13.6794332486786
2023-07-31 10:00:00,13.6794328181098
2023-07-31 11:00:00,13.6794328634355
2023-07-31 12:00:00,13.6794335366724
2023-07-31 13:00:00,13.6794358982504
2023-07-31 14:00:00,13.6794425012367
2023-07-31 15:00:00,14.0223003876747
2023-07-31 16:00:00,14.6576940256439
2023-07-31 17:00:00,44.4015724274236
2023-07-31 18:00:00,44.6872369722393
2023-07-31 19:00:00,44.6872411572954
2023-07-31 20:00:00,44.6872412349444
2023-07-31 21:00:00,44.6872101690271
2023-07-31 22:00:00,44.6869110805484
2023-07-31 23:00:00,44.638478831669
2023-08-01 00:00:00,38.1429351169455
2023-08-01 01:00:00,36.1797333686228
2023-08-01 02:00:00,36.6317432140741
2023-08-01 03:00:00,43.7472658438924
2023-08-01 04:00:00,44.6866494361881
2023-08-01 05:00:00,44.6854788479893
2023-08-01 06:00:00,27.2634169776411
2023-08-01 07:00:00,19.2990180128983
2023-08-01 08:00:00,19.2983462126675
2023-08-01 09:00:00,19.2983468728089
2023-08-01 10:00:00,19.2983490258423
2023-08-01 11:00:00,19.2983480623763
2023-08-01 12:00:00,19.2983482710696
2023-08-01 13:00:00,19.2983514954747
2023-08-01 14:00:00,19.298363617519
2023-08-01 15:00:00,24.5869792524779
2023-08-01 16:00:00,43.3405056689098
2023-08-01 17:00:00,49.840808638759
2023-08-01 18:00:00,56.1233277009713
2023-08-01 19:00:00,56.1464201406857
2023-08-01 20:00:00,56.1464295771247
2023-08-01 21:00:00,56.1464236409703
2023-08-01 22:00:00,49.9013471677264
2023-08-01 23:00:00,49.7692813124337
2023-08-02 00:00:00,49.0141671991291
2023-08-02 01:00:00,49.0085445188563
2023-08-02 02:00:00,47.7399627683443
2023-08-02 03:00:00,45.6964140619892
2023-08-02 04:00:00,45.6964004984769
2023-08-02 05:00:00,45.6963906180656
2023-08-02 06:00:00,15.3515077354629
2023-08-02 07:00:00,14.0223013580387
2023-08-02 08:00:00,12.4149325090411
2023-08-02 09:00:00,12.4148767959963
2023-08-02 10:00:00,12.4148758720149
2023-08-02 11:00:00,12.414874587722
2023-08-02 12:00:00,12.414875022033
2023-08-02 13:00:00,12.4148763181241
2023-08-02 14:00:00,12.4148807059356
2023-08-02 15:00:00,12.4149489491352
2023-08-02 16:00:00,14.0223008324747
2023-08-02 17:00:00,14.0223157442585
2023-08-02 18:00:00,14.544522989839
2023-08-02 19:00:00,15.1855564115222
2023-08-02 20:00:00,15.3515327544498
2023-08-02 21:00:00,15.0170304983498
2023-08-02 22:00:00,14.5439667090107
2023-08-02 23:00:00,14.5439095019068
2023-08-03 00:00:00,14.0851013931046
2023-08-03 01:00:00,14.085139156945
2023-08-03 02:00:00,14.5109781339708
2023-08-03 03:00:00,14.5439434164042
2023-08-03 04:00:00,14.5440054423751
2023-08-03 05:00:00,15.3514392408105
2023-08-03 06:00:00,14.0222927397383
2023-08-03 07:00:00,12.6667880604487
2023-08-03 08:00:00,12.4148826360344
2023-08-03 09:00:00,12.414882920617
2023-08-03 10:00:00,12.4148862088761
2023-08-03 11:00:00,12.4148865721834
2023-08-03 12:00:00,12.4148887394629
2023-08-03 13:00:00,12.4148954324624
2023-08-03 14:00:00,12.4149322563584
2023-08-03 15:00:00,12.9410962106845
2023-08-03 16:00:00,14.6576478072472
2023-08-03 17:00:00,43.4298342782725
2023-08-03 18:00:00,48.2114927423932
2023-08-03 19:00:00,48.2118671303982
2023-08-03 20:00:00,48.2118885773507
2023-08-03 21:00:00,48.2118866050327
2023-08-03 22:00:00,48.2118644561536
2023-08-03 23:00:00,48.2118305767898
2023-08-04 00:00:00,48.2117260136152
2023-08-04 01:00:00,48.2116425083497
2023-08-04 02:00:00,48.2116138758985
2023-08-04 03:00:00,48.211625156273
2023-08-04 04:00:00,48.2116282270123
2023-08-04 05:00:00,48.2116408507448
2023-08-04 06:00:00,34.090028793668
2023-08-04 07:00:00,27.5930813935328
2023-08-04 08:00:00,27.5930743536079
2023-08-04 09:00:00,27.593074241865
2023-08-04 10:00:00,27.5930753058856
2023-08-04 11:00:00,27.5930748751311
2023-08-04 12:00:00,27.5930751893603
2023-08-04 13:00:00,27.5930762732061
2023-08-04 14:00:00,27.593082647873
2023-08-04 15:00:00,35.7223873225598
2023-08-04 16:00:00,46.8296132878685
2023-08-04 17:00:00,56.8119278734671
2023-08-04 18:00:00,64.2943669605462
2023-08-04 19:00:00,65.1923000190271
2023-08-04 20:00:00,65.1923173569476
2023-08-04 21:00:00,65.1923194790982
2023-08-04 22:00:00,65.1923115678234
2023-08-04 23:00:00,65.1922835280842
2023-08-05 00:00:00,65.1921486336101
2023-08-05 01:00:00,65.1917635617417
2023-08-05 02:00:00,65.1915015339007
2023-08-05 03:00:00,64.294468755679
2023-08-05 04:00:00,64.294250959337
2023-08-05 05:00:00,64.2942558914137
2023-08-05 06:00:00,48.2114766692969
2023-08-05 07:00:00,42.504041964807
2023-08-05 08:00:00,34.4084332261113
2023-08-05 09:00:00,34.4084317748209
2023-08-05 10:00:00,34.4084318712054
2023-08-05 11:00:00,34.4084311561555
2023-08-05 12:00:00,34.4084313728411
2023-08-05 13:00:00,34.408432217746
2023-08-05 14:00:00,34.4084340530276
2023-08-05 15:00:00,34.4084391164271
2023-08-05 16:00:00,34.9212154996347
2023-08-05 17:00:00,49.4049227143143
2023-08-05 18:00:00,61.018182866507
2023-08-05 19:00:00,61.0182086051715
2023-08-05 20:00:00,61.0182142074529
2023-08-05 21:00:00,61.0182115655838
2023-08-05 22:00:00,61.0181690645186
2023-08-05 23:00:00,61.0181788648534
2023-08-06 00:00:00,61.0181878560018
2023-08-06 01:00:00,61.0181851620507
2023-08-06 02:00:00,61.0181940273038
2023-08-06 03:00:00,61.0181670925989
2023-08-06 04:00:00,61.0181458141949
2023-08-06 05:00:00,61.0181674034011
2023-08-06 06:00:00,18.0600347310527
2023-08-06 07:00:00,17.3359500632763
2023-08-06 08:00:00,14.0223151084974
2023-08-06 09:00:00,14.0223050181766
2023-08-06 10:00:00,14.0223061122731
2023-08-06 11:00:00,14.0223054684355
2023-08-06 12:00:00,14.0223054238442
2023-08-06 13:00:00,14.0223060435842
2023-08-06 14:00:00,14.0223099842331
2023-08-06 15:00:00,14.324060334218
2023-08-06 16:00:00,44.0049413282809
2023-08-06 17:00:00,49.8409436972789
2023-08-06 18:00:00,61.0181651237574
2023-08-06 19:00:00,61.0198922255276
2023-08-06 20:00:00,61.0199398009825
2023-08-06 21:00:00,61.0199449259289
2023-08-06 22:00:00,61.0181944464724
2023-08-06 23:00:00,61.0181821417246
2023-08-07 00:00:00,61.018180122339
2023-08-07 01:00:00,61.0181763724533
2023-08-07 02:00:00,61.0181819277691
2023-08-07 03:00:00,61.0181913514398
2023-08-07 04:00:00,61.0198660856382
2023-08-07 05:00:00,61.0199549988411
2023-08-07 06:00:00,14.0223020158229
2023-08-07 07:00:00,9.45896172101269
2023-08-07 08:00:00,7.64193770925674
2023-08-07 09:00:00,7.64190538941304
2023-08-07 10:00:00,7.6419050078858
2023-08-07 11:00:00,7.64190493537517
2023-08-07 12:00:00,7.64190521734246
2023-08-07 13:00:00,7.64190607260017
2023-08-07 14:00:00,7.64191232769226
2023-08-07 15:00:00,11.4165173736496
2023-08-07 16:00:00,17.8739805298682
2023-08-07 17:00:00,48.2114884125394
2023-08-07 18:00:00,56.4887173775106
2023-08-07 19:00:00,56.4887316692892
2023-08-07 20:00:00,56.488738378922
2023-08-07 21:00:00,56.4887342366046
2023-08-07 22:00:00,56.4887255065659
2023-08-07 23:00:00,56.4883526636093
2023-08-08 00:00:00,56.4861028767245
2023-08-08 01:00:00,56.4838824561236
2023-08-08 02:00:00,56.4887006733323
2023-08-08 03:00:00,56.4886945947385
2023-08-08 04:00:00,56.4886970267409
2023-08-08 05:00:00,56.4887333830276
2023-08-08 06:00:00,14.0222987459654
2023-08-08 07:00:00,0.0715896698031493
2023-08-08 08:00:00,0.0382720677436403
2023-08-08 09:00:00,0.0381405762164623
2023-08-08 10:00:00,0.038139499572284
2023-08-08 11:00:00,0.0381387265569977
2023-08-08 12:00:00,0.0381388094680215
2023-08-08 13:00:00,0.0381403235971284
2023-08-08 14:00:00,0.0381491237937838
2023-08-08 15:00:00,0.0472622452377429
2023-08-08 16:00:00,14.0228489908464
2023-08-08 17:00:00,50.0454149406271
2023-08-08 18:00:00,61.6857096686744
2023-08-08 19:00:00,61.809006602685
2023-08-08 20:00:00,61.8090327279482
2023-08-08 21:00:00,61.8090193222715
2023-08-08 22:00:00,61.8089707600806
2023-08-08 23:00:00,61.8089958174703
2023-08-09 00:00:00,61.8090032302741
2023-08-09 01:00:00,61.8090112481961
2023-08-09 02:00:00,61.8090252030415
2023-08-09 03:00:00,61.8090741138113
2023-08-09 04:00:00,61.8091155252501
2023-08-09 05:00:00,61.8091204875452
2023-08-09 06:00:00,17.3363924194457
2023-08-09 07:00:00,15.3797594612619
2023-08-09 08:00:00,14.0223170984316
2023-08-09 09:00:00,14.0223018899395
2023-08-09 10:00:00,14.0223011427255
2023-08-09 11:00:00,14.0223006712982
2023-08-09 12:00:00,14.0223007859967
2023-08-09 13:00:00,14.0223017175488
2023-08-09 14:00:00,14.0223050348825
2023-08-09 15:00:00,14.9108280657261
2023-08-09 16:00:00,52.3176422590477
2023-08-09 17:00:00,64.3154877154643
2023-08-09 18:00:00,64.6132419262131
2023-08-09 19:00:00,64.613830703288
2023-08-09 20:00:00,64.6138346333732
2023-08-09 21:00:00,64.6138209654233
2023-08-09 22:00:00,64.6136701034915
2023-08-09 23:00:00,64.6135082127443
2023-08-10 00:00:00,64.6129560025944
2023-08-10 01:00:00,64.3351213721352
2023-08-10 02:00:00,64.2946199295747
2023-08-10 03:00:00,64.2943312475502
2023-08-10 04:00:00,64.2943224304219
2023-08-10 05:00:00,64.2940601234033
2023-08-10 06:00:00,16.7183578605587
2023-08-10 07:00:00,14.0222927267983
2023-08-10 08:00:00,13.5198578957553
2023-08-10 09:00:00,13.5197528672118
2023-08-10 10:00:00,13.5197526055608
2023-08-10 11:00:00,13.5197521641419
2023-08-10 12:00:00,13.5197523762094
2023-08-10 13:00:00,13.5197535471965
2023-08-10 14:00:00,13.5197596256415
2023-08-10 15:00:00,14.0222988944906
2023-08-10 16:00:00,50.2794111420858
2023-08-10 17:00:00,62.1649636974941
2023-08-10 18:00:00,64.2501669152517
2023-08-10 19:00:00,64.2941781068475
2023-08-10 20:00:00,64.2941832057445
2023-08-10 21:00:00,64.294175722857
2023-08-10 22:00:00,64.2910641620831
2023-08-10 23:00:00,63.5219112364636
2023-08-11 00:00:00,63.52167799995
2023-08-11 01:00:00,63.5216496405902
2023-08-11 02:00:00,63.5216303382007
2023-08-11 03:00:00,63.5216254213399
2023-08-11 04:00:00,63.5216087794194
2023-08-11 05:00:00,62.3614675734238
2023-08-11 06:00:00,15.7315640306629
2023-08-11 07:00:00,14.0222889767402
2023-08-11 08:00:00,12.5843700381367
2023-08-11 09:00:00,12.5843607579049
2023-08-11 10:00:00,12.5843607566074
2023-08-11 11:00:00,12.5843606800501
2023-08-11 12:00:00,12.5843613721638
2023-08-11 13:00:00,12.58436609289
2023-08-11 14:00:00,12.5843669155995
2023-08-11 15:00:00,14.0222997159962
2023-08-11 16:00:00,47.6317071370643
2023-08-11 17:00:00,61.037302304772
2023-08-11 18:00:00,63.5216834315721
2023-08-11 19:00:00,63.5218438313389
2023-08-11 20:00:00,63.5218527081898
2023-08-11 21:00:00,63.5218486835294
2023-08-11 22:00:00,63.5218213527534
2023-08-11 23:00:00,63.5217512490889
2023-08-12 00:00:00,63.5216587802072
2023-08-12 01:00:00,63.5216398134337
2023-08-12 02:00:00,63.5216277058328
2023-08-12 03:00:00,63.5216341375655
2023-08-12 04:00:00,63.5216344099124
2023-08-12 05:00:00,63.5215734388663
2023-08-12 06:00:00,17.3348104264077
2023-08-12 07:00:00,14.5450881341286
2023-08-12 08:00:00,14.0222963207608
2023-08-12 09:00:00,14.0212366309466
2023-08-12 10:00:00,14.0212366413642
2023-08-12 11:00:00,14.0212357114356
2023-08-12 12:00:00,14.0212356862713
2023-08-12 13:00:00,14.021236810063
2023-08-12 14:00:00,14.0212395009507
2023-08-12 15:00:00,14.0222780308293
2023-08-12 16:00:00,16.0472016686372
2023-08-12 17:00:00,56.2192916829399
2023-08-12 18:00:00,62.3609146794421
2023-08-12 19:00:00,62.3609552274868
2023-08-12 20:00:00,62.3609606541303
2023-08-12 21:00:00,62.360957820741
2023-08-12 22:00:00,62.3609144282287
2023-08-12 23:00:00,62.360845495397
2023-08-13 00:00:00,62.3601565013549
2023-08-13 01:00:00,62.3608635904424
2023-08-13 02:00:00,62.3608717411718
2023-08-13 03:00:00,62.3609432206425
2023-08-13 04:00:00,62.3609590329927
2023-08-13 05:00:00,62.3609142530962
2023-08-13 06:00:00,22.2482825154149
2023-08-13 07:00:00,16.5841479337981
2023-08-13 08:00:00,14.0223178542118
2023-08-13 09:00:00,14.0223035817764
2023-08-13 10:00:00,14.0223035895426
2023-08-13 11:00:00,14.0223026254094
2023-08-13 12:00:00,14.0223024508137
2023-08-13 13:00:00,14.0223028933792
2023-08-13 14:00:00,14.0223051567224
2023-08-13 15:00:00,14.0223746679916
2023-08-13 16:00:00,53.2600621104585
2023-08-13 17:00:00,67.4970040704592
2023-08-13 18:00:00,67.5107572094063
2023-08-13 19:00:00,67.5107679683575
2023-08-13 20:00:00,67.5107693592194
2023-08-13 21:00:00,67.5107216644677
2023-08-13 22:00:00,67.5106149263689
2023-08-13 23:00:00,67.4977435462786
2023-08-14 00:00:00,67.4972546056435
2023-08-14 01:00:00,67.497239785751
2023-08-14 02:00:00,67.4972140147237
2023-08-14 03:00:00,67.4972578754666
2023-08-14 04:00:00,67.4972722215561
2023-08-14 05:00:00,67.4972562904364
2023-08-14 06:00:00,45.307326418426
2023-08-14 07:00:00,22.3913599515528
2023-08-14 08:00:00,18.1171590123222
2023-08-14 09:00:00,18.1171516884778
2023-08-14 10:00:00,18.1171516414393
2023-08-14 11:00:00,18.1171514575877
2023-08-14 12:00:00,18.1171522641797
2023-08-14 13:00:00,18.1171536245868
2023-08-14 14:00:00,18.1171586694506
2023-08-14 15:00:00,42.9939169594043
2023-08-14 16:00:00,58.7787792300271
2023-08-14 17:00:00,67.4972423742353
2023-08-14 18:00:00,67.5122383514792
2023-08-14 19:00:00,67.5184135009729
2023-08-14 20:00:00,67.5184213464526
2023-08-14 21:00:00,67.5184119630165
2023-08-14 22:00:00,67.4972475577114
2023-08-14 23:00:00,67.4943607909107
2023-08-15 00:00:00,67.4071987778909
2023-08-15 01:00:00,67.4262103247676
2023-08-15 02:00:00,67.4366683055348
2023-08-15 03:00:00,67.4881769940395
2023-08-15 04:00:00,67.5043693722533
2023-08-15 05:00:00,67.4972753983801
2023-08-15 06:00:00,51.0860547555556
2023-08-15 07:00:00,48.1776542324855
2023-08-15 08:00:00,41.3598611774122
2023-08-15 09:00:00,41.3598575772331
2023-08-15 10:00:00,41.3598570628385
2023-08-15 11:00:00,41.3598568724225
2023-08-15 12:00:00,41.3598575410637
2023-08-15 13:00:00,41.3598593628128
2023-08-15 14:00:00,41.3598646459887
2023-08-15 15:00:00,49.2649703173648
2023-08-15 16:00:00,62.263780938858
2023-08-15 17:00:00,69.7092092492689
2023-08-15 18:00:00,71.9529147878293
2023-08-15 19:00:00,71.9555733534701
2023-08-15 20:00:00,71.9555770973335
2023-08-15 21:00:00,71.9555731736508
2023-08-15 22:00:00,71.9555389107393
2023-08-15 23:00:00,71.9529906591093
2023-08-16 00:00:00,71.9270909824618
2023-08-16 01:00:00,71.9269958160723
2023-08-16 02:00:00,71.9271492558167
2023-08-16 03:00:00,71.9527759783314
2023-08-16 04:00:00,71.954388497322
2023-08-16 05:00:00,71.7489134937958
2023-08-16 06:00:00,57.6636595969368
2023-08-16 07:00:00,51.4779471601811
2023-08-16 08:00:00,46.687721275643
2023-08-16 09:00:00,46.6877146194782
2023-08-16 10:00:00,46.6877143475763
2023-08-16 11:00:00,46.6877147484417
2023-08-16 12:00:00,46.6877160326787
2023-08-16 13:00:00,46.6877184970319
2023-08-16 14:00:00,47.3155127661861
2023-08-16 15:00:00,52.9838758119753
2023-08-16 16:00:00,66.7987893038133
2023-08-16 17:00:00,68.9146490824273
2023-08-16 18:00:00,68.921711784242
2023-08-16 19:00:00,68.9217180436343
2023-08-16 20:00:00,68.9217056039559
2023-08-16 21:00:00,68.9182650328572
2023-08-16 22:00:00,68.9139418766797
2023-08-16 23:00:00,68.9138842349135
2023-08-17 00:00:00,68.9138452143967
2023-08-17 01:00:00,68.913797427028
2023-08-17 02:00:00,68.9135165269408
2023-08-17 03:00:00,68.9132474074564
2023-08-17 04:00:00,68.9130558529702
2023-08-17 05:00:00,68.684379317548
2023-08-17 06:00:00,48.4504358628035
2023-08-17 07:00:00,17.3359858173233
2023-08-17 08:00:00,14.0223585032156
2023-08-17 09:00:00,14.0223019527483
2023-08-17 10:00:00,14.0223014919087
2023-08-17 11:00:00,14.0223010971432
2023-08-17 12:00:00,14.0223011612888
2023-08-17 13:00:00,14.022301569488
2023-08-17 14:00:00,14.0223043235087
2023-08-17 15:00:00,14.6578030623807
2023-08-17 16:00:00,48.0091172703699
2023-08-17 17:00:00,57.7080651025089
2023-08-17 18:00:00,64.6129672312315
2023-08-17 19:00:00,64.6130073183085
2023-08-17 20:00:00,64.6130142522944
2023-08-17 21:00:00,64.6129951366366
2023-08-17 22:00:00,64.6129742445799
2023-08-17 23:00:00,64.6129861855623
2023-08-18 00:00:00,64.612979118578
2023-08-18 01:00:00,64.6129751259257
2023-08-18 02:00:00,64.6129760362294
2023-08-18 03:00:00,64.6129520552911
2023-08-18 04:00:00,64.6129441962512
2023-08-18 05:00:00,63.5215495146656
2023-08-18 06:00:00,14.0223824018655
2023-08-18 07:00:00,2.0603394679322
2023-08-18 08:00:00,2.05639447577154
2023-08-18 09:00:00,1.64902552041054
2023-08-18 10:00:00,1.64902374519939
2023-08-18 11:00:00,1.649022879973
2023-08-18 12:00:00,1.64902308212404
2023-08-18 13:00:00,1.64902423280362
2023-08-18 14:00:00,1.64902909831929
2023-08-18 15:00:00,14.0222987647913
2023-08-18 16:00:00,46.7633692839664
2023-08-18 17:00:00,61.0500656517496
2023-08-18 18:00:00,62.3609180191267
2023-08-18 19:00:00,62.3609181272164
2023-08-18 20:00:00,62.3609114182434
2023-08-18 21:00:00,62.3608624118939
2023-08-18 22:00:00,62.3608382468744
2023-08-18 23:00:00,58.8485608163353
2023-08-19 00:00:00,55.3808120038718
2023-08-19 01:00:00,56.5752014965903
2023-08-19 02:00:00,58.2184374814698
2023-08-19 03:00:00,61.127847548598
2023-08-19 04:00:00,62.3605617466167
2023-08-19 05:00:00,62.0190051045661
2023-08-19 06:00:00,8.52388837743407
2023-08-19 07:00:00,8.18217838770367
2023-08-19 08:00:00,6.60778437685173
2023-08-19 09:00:00,6.60772154342136
2023-08-19 10:00:00,6.60772056854551
2023-08-19 11:00:00,6.60772034382249
2023-08-19 12:00:00,6.60772095803876
2023-08-19 13:00:00,6.60772376345322
2023-08-19 14:00:00,6.60774007501024
2023-08-19 15:00:00,14.0223006805449
2023-08-19 16:00:00,50.3100895856549
2023-08-19 17:00:00,64.2949458056421
2023-08-19 18:00:00,66.7286876025354
2023-08-19 19:00:00,66.7287481395724
2023-08-19 20:00:00,66.7287684777821
2023-08-19 21:00:00,66.7287877595183
2023-08-19 22:00:00,66.7287694119812
2023-08-19 23:00:00,66.7287754853028
2023-08-20 00:00:00,66.7287864619596
2023-08-20 01:00:00,66.7287879291659
2023-08-20 02:00:00,66.7287984473528
2023-08-20 03:00:00,66.7288233107997
2023-08-20 04:00:00,66.7288324428413
2023-08-20 05:00:00,66.7288382638932
2023-08-20 06:00:00,48.4510001000023
2023-08-20 07:00:00,24.4365604575645
2023-08-20 08:00:00,19.773855956162
2023-08-20 09:00:00,19.773766063264
2023-08-20 10:00:00,19.7737648107419
2023-08-20 11:00:00,19.7737645641205
2023-08-20 12:00:00,19.7737647623235
2023-08-20 13:00:00,19.7737656105
2023-08-20 14:00:00,19.7737692957966
2023-08-20 15:00:00,47.3837042832924
2023-08-20 16:00:00,63.521628824772
2023-08-20 17:00:00,70.5106337682924
2023-08-20 18:00:00,73.0406518967118
2023-08-20 19:00:00,73.0406689462608
2023-08-20 20:00:00,73.0406793112867
2023-08-20 21:00:00,73.0406608186661
2023-08-20 22:00:00,73.0337666832156
2023-08-20 23:00:00,73.0315050838393
2023-08-21 00:00:00,70.3256045407986
2023-08-21 01:00:00,69.1368379680684
2023-08-21 02:00:00,70.5082564652199
2023-08-21 03:00:00,71.9811126955849
2023-08-21 04:00:00,73.0336855907789
2023-08-21 05:00:00,73.0312666348265
2023-08-21 06:00:00,53.1872744532307
2023-08-21 07:00:00,17.3359962910686
2023-08-21 08:00:00,14.0225833483567
2023-08-21 09:00:00,14.0223092729582
2023-08-21 10:00:00,14.0223078736889
2023-08-21 11:00:00,14.0223075349211
2023-08-21 12:00:00,14.022307813517
2023-08-21 13:00:00,14.0223088839959
2023-08-21 14:00:00,14.0223130335894
2023-08-21 15:00:00,14.6576722035351
2023-08-21 16:00:00,55.9367206285867
2023-08-21 17:00:00,69.0817102375904
2023-08-21 18:00:00,69.0821517474346
2023-08-21 19:00:00,69.082153657473
2023-08-21 20:00:00,69.0821577865905
2023-08-21 21:00:00,69.0821432245877
2023-08-21 22:00:00,69.0820835615189
2023-08-21 23:00:00,69.0821140415132
2023-08-22 00:00:00,69.0820589173065
2023-08-22 01:00:00,69.0819771623546
2023-08-22 02:00:00,69.0820747909196
2023-08-22 03:00:00,69.0821307732029
2023-08-22 04:00:00,69.0821460991161
2023-08-22 05:00:00,69.0820745334287
2023-08-22 06:00:00,49.9150989445827
2023-08-22 07:00:00,24.9200945923764
2023-08-22 08:00:00,20.16544518041
2023-08-22 09:00:00,20.1654326272176
2023-08-22 10:00:00,20.165431961359
2023-08-22 11:00:00,20.165431795684
2023-08-22 12:00:00,20.1654323328974
2023-08-22 13:00:00,20.1654337233444
2023-08-22 14:00:00,20.1654407089995
2023-08-22 15:00:00,52.4635481254446
2023-08-22 16:00:00,70.5102927040146
2023-08-22 17:00:00,83.4432826693353
2023-08-22 18:00:00,89.7656897991835
2023-08-22 19:00:00,89.7656975983858
2023-08-22 20:00:00,89.7656961434561
2023-08-22 21:00:00,89.7656788351045
2023-08-22 22:00:00,89.7656190839679
2023-08-22 23:00:00,89.765634869298
2023-08-23 00:00:00,89.7655480235436
2023-08-23 01:00:00,89.7649387464637
2023-08-23 02:00:00,89.7648631357249
2023-08-23 03:00:00,89.7656442840529
2023-08-23 04:00:00,89.7657028872648
2023-08-23 05:00:00,89.7657005383454
2023-08-23 06:00:00,67.4971830713393
2023-08-23 07:00:00,60.7246425768533
2023-08-23 08:00:00,54.6528735845974
2023-08-23 09:00:00,54.6528706078895
2023-08-23 10:00:00,54.652870339115
2023-08-23 11:00:00,54.6528712278065
2023-08-23 12:00:00,54.6528733335739
2023-08-23 13:00:00,54.6528783829708
2023-08-23 14:00:00,54.6529031925151
2023-08-23 15:00:00,67.3159391080986
2023-08-23 16:00:00,78.1299021677894
2023-08-23 17:00:00,89.7656949919696
2023-08-23 18:00:00,89.7776680818589
2023-08-23 19:00:00,89.7776669405698
2023-08-23 20:00:00,89.7774562147225
2023-08-23 21:00:00,89.7656896483601
2023-08-23 22:00:00,89.7654445992349
2023-08-23 23:00:00,89.7651630097399
2023-08-24 00:00:00,89.7649882524486
2023-08-24 01:00:00,89.7648625609902
2023-08-24 02:00:00,89.7647638998113
2023-08-24 03:00:00,89.7646387148616
2023-08-24 04:00:00,89.7644999779841
2023-08-24 05:00:00,85.7035376881625
2023-08-24 06:00:00,62.3608500259066
2023-08-24 07:00:00,55.4095966151815
2023-08-24 08:00:00,50.4924402335481
2023-08-24 09:00:00,50.492438186147
2023-08-24 10:00:00,50.4924373771337
2023-08-24 11:00:00,50.4924366725973
2023-08-24 12:00:00,50.4924368708645
2023-08-24 13:00:00,50.4924377713292
2023-08-24 14:00:00,50.4924457036387
2023-08-24 15:00:00,62.3608502310685
2023-08-24 16:00:00,70.5105688242414
2023-08-24 17:00:00,79.5561182756604
2023-08-24 18:00:00,81.9119711868217
2023-08-24 19:00:00,81.9119790243844
2023-08-24 20:00:00,81.9119595554176
2023-08-24 21:00:00,81.5209658180516
2023-08-24 22:00:00,79.5560268532354
2023-08-24 23:00:00,76.6682690669239
2023-08-25 00:00:00,72.7936546341078
2023-08-25 01:00:00,72.793599788535
2023-08-25 02:00:00,72.7936401662446
2023-08-25 03:00:00,72.793709542939
2023-08-25 04:00:00,72.9182676306975
2023-08-25 05:00:00,71.8879626488752
2023-08-25 06:00:00,62.2334587370486
2023-08-25 07:00:00,52.8783295376985
2023-08-25 08:00:00,50.3892884408692
2023-08-25 09:00:00,50.3892660639198
2023-08-25 10:00:00,50.3892608679152
2023-08-25 11:00:00,50.3892590257866
2023-08-25 12:00:00,50.389258821707
2023-08-25 13:00:00,50.3892596672778
2023-08-25 14:00:00,50.3892628555628
2023-08-25 15:00:00,59.8002171984866
2023-08-25 16:00:00,64.5714644041142
2023-08-25 17:00:00,73.6522781579875
2023-08-25 18:00:00,79.7432598364975
2023-08-25 19:00:00,79.7434445422638
2023-08-25 20:00:00,79.7434551612913
2023-08-25 21:00:00,79.7434480038934
2023-08-25 22:00:00,79.556077581777
2023-08-25 23:00:00,79.5560521487961
2023-08-26 00:00:00,79.5560308539493
2023-08-26 01:00:00,79.4270505555909
2023-08-26 02:00:00,79.4263663058683
2023-08-26 03:00:00,79.5560713366438
2023-08-26 04:00:00,79.7434052636295
2023-08-26 05:00:00,79.7434660140745
2023-08-26 06:00:00,64.6130242889462
2023-08-26 07:00:00,56.911410507668
2023-08-26 08:00:00,52.8783753912653
2023-08-26 09:00:00,52.8783690059183
2023-08-26 10:00:00,52.8783698881985
2023-08-26 11:00:00,52.8783708370198
2023-08-26 12:00:00,52.8783768403392
2023-08-26 13:00:00,52.8783846357232
2023-08-26 14:00:00,52.8794954133549
2023-08-26 15:00:00,61.5368075970652
2023-08-26 16:00:00,70.5084922136921
2023-08-26 17:00:00,81.489862468377
2023-08-26 18:00:00,82.2336088600832
2023-08-26 19:00:00,82.2336163667259
2023-08-26 20:00:00,82.2336201055706
2023-08-26 21:00:00,82.2336132769134
2023-08-26 22:00:00,81.4896645489059
2023-08-26 23:00:00,79.5561716982598
2023-08-27 00:00:00,79.5560588697695
2023-08-27 01:00:00,79.5560669041213
2023-08-27 02:00:00,79.5560671573678
2023-08-27 03:00:00,79.5561620282632
2023-08-27 04:00:00,81.4478616319946
2023-08-27 05:00:00,82.2313447281131
2023-08-27 06:00:00,70.5105816714163
2023-08-27 07:00:00,62.3608493605421
2023-08-27 08:00:00,60.6837308284176
2023-08-27 09:00:00,60.6837195520575
2023-08-27 10:00:00,60.683720586299
2023-08-27 11:00:00,60.6837187351145
2023-08-27 12:00:00,60.683718847332
2023-08-27 13:00:00,60.6837198751269
2023-08-27 14:00:00,60.6837224316706
2023-08-27 15:00:00,61.1100284745798
2023-08-27 16:00:00,62.642795207627
2023-08-27 17:00:00,73.3758437666241
2023-08-27 18:00:00,79.4132806198267
2023-08-27 19:00:00,79.6768068166607
2023-08-27 20:00:00,79.6768122821476
2023-08-27 21:00:00,79.4132727895001
2023-08-27 22:00:00,72.8123786980513
2023-08-27 23:00:00,70.6121389157741
2023-08-28 00:00:00,70.5107887883534
2023-08-28 01:00:00,70.5107364291562
2023-08-28 02:00:00,70.5107326168279
2023-08-28 03:00:00,70.5107605762262
2023-08-28 04:00:00,73.472128928654
2023-08-28 05:00:00,78.865343063428
2023-08-28 06:00:00,70.5106031037989
2023-08-28 07:00:00,65.3720041419086
2023-08-28 08:00:00,64.5184417782212
2023-08-28 09:00:00,64.5184288731854
2023-08-28 10:00:00,64.5184260650433
2023-08-28 11:00:00,64.5184230301361
2023-08-28 12:00:00,64.5184229162411
2023-08-28 13:00:00,64.5184236782588
2023-08-28 14:00:00,64.5184259291622
2023-08-28 15:00:00,64.5184330036048
2023-08-28 16:00:00,70.5934608306832
2023-08-28 17:00:00,83.4896080857313
2023-08-28 18:00:00,83.4899626496565
2023-08-28 19:00:00,83.4946682081279
2023-08-28 20:00:00,83.4947163430864
2023-08-28 21:00:00,83.4947042191152
2023-08-28 22:00:00,83.490333498316
2023-08-28 23:00:00,83.4899359654209
2023-08-29 00:00:00,83.4896939114593
2023-08-29 01:00:00,83.4896100292784
2023-08-29 02:00:00,83.4895987967065
2023-08-29 03:00:00,83.4896765014975
2023-08-29 04:00:00,83.4897228682919
2023-08-29 05:00:00,83.4947557479974
2023-08-29 06:00:00,83.4714620023614
2023-08-29 07:00:00,69.5354111039918
2023-08-29 08:00:00,68.2253489542853
2023-08-29 09:00:00,68.2253447090676
2023-08-29 10:00:00,68.2253457247996
2023-08-29 11:00:00,68.2253459543856
2023-08-29 12:00:00,68.2253461673572
2023-08-29 13:00:00,68.2253470230437
2023-08-29 14:00:00,68.2253493294632
2023-08-29 15:00:00,68.2253543252699
2023-08-29 16:00:00,70.5106096775485
2023-08-29 17:00:00,79.5561347023775
2023-08-29 18:00:00,83.4896571212953
2023-08-29 19:00:00,83.4897038285953
2023-08-29 20:00:00,83.4897213400896
2023-08-29 21:00:00,83.4897296357457
2023-08-29 22:00:00,83.442317805984
2023-08-29 23:00:00,79.5560255101107
2023-08-30 00:00:00,79.0270326735084
2023-08-30 01:00:00,78.1932314916198
2023-08-30 02:00:00,78.1930668502652
2023-08-30 03:00:00,79.025975772524
2023-08-30 04:00:00,79.5560626250385
2023-08-30 05:00:00,81.4707790078011
2023-08-30 06:00:00,70.510579204811
2023-08-30 07:00:00,63.5089748454535
2023-08-30 08:00:00,62.3608391184741
2023-08-30 09:00:00,62.360835671101
2023-08-30 10:00:00,62.3608368568077
2023-08-30 11:00:00,62.3608356336543
2023-08-30 12:00:00,62.3608350116966
2023-08-30 13:00:00,62.3608352651622
2023-08-30 14:00:00,62.3608384831645
2023-08-30 15:00:00,62.3608492578061
2023-08-30 16:00:00,69.0487772764591
2023-08-30 17:00:00,81.3517251716823
2023-08-30 18:00:00,85.2703148157393
2023-08-30 19:00:00,85.2703217825799
2023-08-30 20:00:00,85.270298424176
2023-08-30 21:00:00,85.2701676199253
2023-08-30 22:00:00,85.2694023220737
2023-08-30 23:00:00,85.0255468455446
2023-08-31 00:00:00,84.9781539527276
2023-08-31 01:00:00,83.4944182800934
2023-08-31 02:00:00,83.4895795935145
2023-08-31 03:00:00,82.9326030166335
2023-08-31 04:00:00,82.3575260717063
2023-08-31 05:00:00,75.9119434085711
2023-08-31 06:00:00,48.4506377316783
2023-08-31 07:00:00,43.7490180217068
2023-08-31 08:00:00,35.4168628972379
2023-08-31 09:00:00,35.4168618123764
2023-08-31 10:00:00,35.4168620443657
2023-08-31 11:00:00,35.4168619698718
2023-08-31 12:00:00,35.4168626635471
2023-08-31 13:00:00,35.4168643954977
2023-08-31 14:00:00,35.4168720972412
2023-08-31 15:00:00,52.8766684716385
2023-08-31 16:00:00,57.4038226306001
2023-08-31 17:00:00,70.5104547686733
2023-08-31 18:00:00,70.5113916491148
2023-08-31 19:00:00,70.5113987861779
2023-08-31 20:00:00,70.5114000231816
2023-08-31 21:00:00,70.5113621947619
2023-08-31 22:00:00,70.5110251012111
2023-08-31 23:00:00,70.5104464846774
2023-09-01 00:00:00,70.5085824979751
2023-09-01 01:00:00,67.6698075952731
2023-09-01 02:00:00,67.6697007485118
2023-09-01 03:00:00,69.187040738064
2023-09-01 04:00:00,70.508998798786
2023-09-01 05:00:00,65.8032543799453
2023-09-01 06:00:00,40.0267632583278
2023-09-01 07:00:00,19.4300921730883
2023-09-01 08:00:00,17.6539923920804
2023-09-01 09:00:00,17.6539895726394
2023-09-01 10:00:00,17.6539898430786
2023-09-01 11:00:00,17.6539903581233
2023-09-01 12:00:00,17.6539909309791
2023-09-01 13:00:00,17.6539924728668
2023-09-01 14:00:00,17.6540014049975
2023-09-01 15:00:00,62.0534871582002
2023-09-01 16:00:00,68.2638914581046
2023-09-01 17:00:00,81.6623029697459
2023-09-01 18:00:00,81.7351879378932
2023-09-01 19:00:00,81.7351529412768
2023-09-01 20:00:00,81.7351764294885
2023-09-01 21:00:00,81.7350578002497
2023-09-01 22:00:00,81.6469932754852
2023-09-01 23:00:00,81.6468595306439
2023-09-02 00:00:00,81.5536102155355
2023-09-02 01:00:00,81.5530918322077
2023-09-02 02:00:00,81.6468541806091
2023-09-02 03:00:00,81.6510426310454
2023-09-02 04:00:00,81.7349935444587
2023-09-02 05:00:00,81.7352196739921
2023-09-02 06:00:00,68.1615598012998
2023-09-02 07:00:00,64.6131351203995
2023-09-02 08:00:00,55.8139902619406
2023-09-02 09:00:00,55.8139048542352
2023-09-02 10:00:00,55.8139044385473
2023-09-02 11:00:00,55.813905005834
2023-09-02 12:00:00,55.813906336635
2023-09-02 13:00:00,55.8139101103474
2023-09-02 14:00:00,55.8139274375477
2023-09-02 15:00:00,60.8023319681042
2023-09-02 16:00:00,70.5105809806191
2023-09-02 17:00:00,74.788590934223
2023-09-02 18:00:00,74.7886798051547
2023-09-02 19:00:00,74.7886727761255
2023-09-02 20:00:00,74.7884792511824
2023-09-02 21:00:00,74.4295158109155
2023-09-02 22:00:00,74.4285601088809
2023-09-02 23:00:00,74.4276141425447
2023-09-03 00:00:00,73.5924566785427
2023-09-03 01:00:00,73.1826919913701
2023-09-03 02:00:00,71.7990401530482
2023-09-03 03:00:00,72.9846996331193
2023-09-03 04:00:00,74.4275286050999
2023-09-03 05:00:00,74.4268527549179
2023-09-03 06:00:00,60.5579509708895
2023-09-03 07:00:00,51.6214039796771
2023-09-03 08:00:00,49.0320932016262
2023-09-03 09:00:00,49.0320894345212
2023-09-03 10:00:00,49.0320897840414
2023-09-03 11:00:00,49.0320901524276
2023-09-03 12:00:00,49.032091245115
2023-09-03 13:00:00,49.0320960532934
2023-09-03 14:00:00,49.0740306871996
2023-09-03 15:00:00,57.0915424678077
2023-09-03 16:00:00,66.2298864039404
2023-09-03 17:00:00,70.5105447862116
2023-09-03 18:00:00,70.5105558957002
2023-09-03 19:00:00,70.5105374550054
2023-09-03 20:00:00,70.5102972980725
2023-09-03 21:00:00,70.5099630606798
2023-09-03 22:00:00,67.4973666415377
2023-09-03 23:00:00,67.4972690940197
2023-09-04 00:00:00,67.4972364017162
2023-09-04 01:00:00,67.497211289482
2023-09-04 02:00:00,67.4972312268868
2023-09-04 03:00:00,67.4972935326867
2023-09-04 04:00:00,69.4651622877859
2023-09-04 05:00:00,70.4279933799909
2023-09-04 06:00:00,52.8816660295599
2023-09-04 07:00:00,48.5047935402073
2023-09-04 08:00:00,42.8115582522392
2023-09-04 09:00:00,42.8112504361828
2023-09-04 10:00:00,42.8112500649425
2023-09-04 11:00:00,42.8112499777691
2023-09-04 12:00:00,42.8112505139718
2023-09-04 13:00:00,42.8112521729674
2023-09-04 14:00:00,42.811258358765
2023-09-04 15:00:00,52.8782987987379
2023-09-04 16:00:00,63.7673794297583
2023-09-04 17:00:00,70.5106600604722
2023-09-04 18:00:00,70.5107839202805
2023-09-04 19:00:00,70.5107233369396
2023-09-04 20:00:00,70.5106209920974
2023-09-04 21:00:00,69.8806496237412
2023-09-04 22:00:00,68.3680133606456
2023-09-04 23:00:00,70.0272774673866
2023-09-05 00:00:00,70.402026117749
2023-09-05 01:00:00,70.5103263164307
2023-09-05 02:00:00,70.5105312967644
2023-09-05 03:00:00,70.5106622510973
2023-09-05 04:00:00,70.5107629318882
2023-09-05 05:00:00,70.5107765500647
2023-09-05 06:00:00,61.5566422141049
2023-09-05 07:00:00,51.6029489248097
2023-09-05 08:00:00,49.8411833837892
2023-09-05 09:00:00,49.8410318359243
2023-09-05 10:00:00,49.8410318216092
2023-09-05 11:00:00,49.8410321194846
2023-09-05 12:00:00,49.8410336142202
2023-09-05 13:00:00,49.8410379210001
2023-09-05 14:00:00,49.8411839240903
2023-09-05 15:00:00,62.9115436691527
2023-09-05 16:00:00,83.1275375818349
2023-09-05 17:00:00,89.7656355002322
2023-09-05 18:00:00,89.765703596568
2023-09-05 19:00:00,89.7656301880072
2023-09-05 20:00:00,89.7654408899413
2023-09-05 21:00:00,89.7651986540641
2023-09-05 22:00:00,89.7650218735699
2023-09-05 23:00:00,89.7648441816037
2023-09-06 00:00:00,89.7643310657009
2023-09-06 01:00:00,89.7645998352578
2023-09-06 02:00:00,89.7652410353754
2023-09-06 03:00:00,89.7655551600127
2023-09-06 04:00:00,89.7657060817084
2023-09-06 05:00:00,89.7657937515503
2023-09-06 06:00:00,69.0683488737979
2023-09-06 07:00:00,62.3608424120082
2023-09-06 08:00:00,55.925539803064
2023-09-06 09:00:00,55.9255152614932
2023-09-06 10:00:00,55.925514736662
2023-09-06 11:00:00,55.9255151055726
2023-09-06 12:00:00,55.9255163885115
2023-09-06 13:00:00,55.9255198572844
2023-09-06 14:00:00,55.9295572123829
2023-09-06 15:00:00,66.3832479001466
2023-09-06 16:00:00,82.5193670573031
2023-09-06 17:00:00,84.4315730479264
2023-09-06 18:00:00,84.4315812723853
2023-09-06 19:00:00,84.1902659552717
2023-09-06 20:00:00,84.0007264612483
2023-09-06 21:00:00,83.624009397311
2023-09-06 22:00:00,83.1247449152091
2023-09-06 23:00:00,83.1201608794654
2023-09-07 00:00:00,83.1201192178262
2023-09-07 01:00:00,83.1201095494651
2023-09-07 02:00:00,83.1201224897943
2023-09-07 03:00:00,83.1201547345293
2023-09-07 04:00:00,83.1237419014431
2023-09-07 05:00:00,83.1193892390935
2023-09-07 06:00:00,52.9368441575088
2023-09-07 07:00:00,46.8330145550416
2023-09-07 08:00:00,41.7835043548799
2023-09-07 09:00:00,41.783484798166
2023-09-07 10:00:00,41.783483906471
2023-09-07 11:00:00,41.7834841741513
2023-09-07 12:00:00,41.7834852427633
2023-09-07 13:00:00,41.7834883776611
2023-09-07 14:00:00,41.7835716698166
2023-09-07 15:00:00,60.3886617876501
2023-09-07 16:00:00,70.5105393017932
2023-09-07 17:00:00,83.1195829430726
2023-09-07 18:00:00,83.12079900217
2023-09-07 19:00:00,83.1207534073795
2023-09-07 20:00:00,83.1198958803709
2023-09-07 21:00:00,83.1196131308363
2023-09-07 22:00:00,83.1180317880309
2023-09-07 23:00:00,83.11951159809
2023-09-08 00:00:00,83.1196005370883
2023-09-08 01:00:00,83.1196500142131
2023-09-08 02:00:00,83.1198372426158
2023-09-08 03:00:00,83.1203181127135
2023-09-08 04:00:00,83.1204958333112
2023-09-08 05:00:00,83.1208490895182
2023-09-08 06:00:00,49.8407781642469
2023-09-08 07:00:00,45.0907092285071
2023-09-08 08:00:00,40.3511729268453
2023-09-08 09:00:00,40.3511677868558
2023-09-08 10:00:00,40.3511674585227
2023-09-08 11:00:00,40.3511674913919
2023-09-08 12:00:00,40.3511683742335
2023-09-08 13:00:00,40.3511710789169
2023-09-08 14:00:00,40.3511859944412
2023-09-08 15:00:00,65.1522691066288
2023-09-08 16:00:00,85.1237039588565
2023-09-08 17:00:00,91.5846901373223
2023-09-08 18:00:00,91.5847719102671
2023-09-08 19:00:00,91.5847627071229
2023-09-08 20:00:00,91.584626946052
2023-09-08 21:00:00,91.5488703001382
2023-09-08 22:00:00,91.2910868492105
2023-09-08 23:00:00,91.2910618472094
2023-09-09 00:00:00,91.2898799863369
2023-09-09 01:00:00,90.6552817224509
2023-09-09 02:00:00,91.5825666109104
2023-09-09 03:00:00,91.584581335015
2023-09-09 04:00:00,91.5847139088603
2023-09-09 05:00:00,91.5846490279485
2023-09-09 06:00:00,70.5106231394498
2023-09-09 07:00:00,65.3635639848384
2023-09-09 08:00:00,58.2614084305016
2023-09-09 09:00:00,58.2612370034991
2023-09-09 10:00:00,58.261236711965
2023-09-09 11:00:00,58.2612376527307
2023-09-09 12:00:00,58.2612393117755
2023-09-09 13:00:00,58.2612438591361
2023-09-09 14:00:00,60.5105063091623
2023-09-09 15:00:00,69.3234331949767
2023-09-09 16:00:00,90.5310530666138
2023-09-09 17:00:00,96.587690159648
2023-09-09 18:00:00,96.5877305081235
2023-09-09 19:00:00,96.5877261790281
2023-09-09 20:00:00,96.5876968725462
2023-09-09 21:00:00,96.5875759360591
2023-09-09 22:00:00,96.2369854066833
2023-09-09 23:00:00,95.6264053861752
2023-09-10 00:00:00,95.6263400972896
2023-09-10 01:00:00,95.3346254403055
2023-09-10 02:00:00,95.6264123466682
2023-09-10 03:00:00,96.5873668351804
2023-09-10 04:00:00,96.5876769216533
2023-09-10 05:00:00,96.5877234156832
2023-09-10 06:00:00,70.5105784302053
2023-09-10 07:00:00,68.1082311283872
2023-09-10 08:00:00,57.0940653107719
2023-09-10 09:00:00,57.093722200594
2023-09-10 10:00:00,57.0937205856848
2023-09-10 11:00:00,57.0937209216538
2023-09-10 12:00:00,57.0937220024401
2023-09-10 13:00:00,57.0937252482107
2023-09-10 14:00:00,57.0937600498635
2023-09-10 15:00:00,69.6941460400511
2023-09-10 16:00:00,90.5306986379113
2023-09-10 17:00:00,96.5866877033673
2023-09-10 18:00:00,96.5867777113826
2023-09-10 19:00:00,96.5867470490007
2023-09-10 20:00:00,96.1756761213759
2023-09-10 21:00:00,95.7042684392539
2023-09-10 22:00:00,95.2291860877581
2023-09-10 23:00:00,94.1525480145448
2023-09-11 00:00:00,93.4448166676149
2023-09-11 01:00:00,93.0248394999837
2023-09-11 02:00:00,93.0247909950859
2023-09-11 03:00:00,93.4284548548631
2023-09-11 04:00:00,94.8943750570924
2023-09-11 05:00:00,94.5165338831934
2023-09-11 06:00:00,70.0361552297444
2023-09-11 07:00:00,62.3608288832345
2023-09-11 08:00:00,56.7094527530667
2023-09-11 09:00:00,56.7094369486821
2023-09-11 10:00:00,56.7094363738433
2023-09-11 11:00:00,56.7094365996565
2023-09-11 12:00:00,56.7094373668538
2023-09-11 13:00:00,56.7094392346781
2023-09-11 14:00:00,56.7094525837918
2023-09-11 15:00:00,71.7103683383767
2023-09-11 16:00:00,89.7650836396785
2023-09-11 17:00:00,97.9611707322993
2023-09-11 18:00:00,98.3815872222434
2023-09-11 19:00:00,98.3815571760214
2023-09-11 20:00:00,98.3815715702463
2023-09-11 21:00:00,98.3815101357361
2023-09-11 22:00:00,98.3813245027166
2023-09-11 23:00:00,98.3812240236244
2023-09-12 00:00:00,97.9809790236239
2023-09-12 01:00:00,97.1656760104394
2023-09-12 02:00:00,97.9183687534746
2023-09-12 03:00:00,98.3810754256386
2023-09-12 04:00:00,98.3815965072487
2023-09-12 05:00:00,98.3814669527445
2023-09-12 06:00:00,83.2230769741197
2023-09-12 07:00:00,70.5105693821765
2023-09-12 08:00:00,67.3909030953703
2023-09-12 09:00:00,67.3908478295486
2023-09-12 10:00:00,67.3908477580062
2023-09-12 11:00:00,67.3908480990241
2023-09-12 12:00:00,67.390849067226
2023-09-12 13:00:00,67.3908538558444
2023-09-12 14:00:00,67.3908527104989
2023-09-12 15:00:00,70.5104291386637
2023-09-12 16:00:00,88.6327616403813
2023-09-12 17:00:00,89.8642949816949
2023-09-12 18:00:00,89.8643506124935
2023-09-12 19:00:00,89.8643195119255
2023-09-12 20:00:00,89.8643558631885
2023-09-12 21:00:00,89.864353060782
2023-09-12 22:00:00,89.8643168235105
2023-09-12 23:00:00,89.8642292825838
2023-09-13 00:00:00,89.5552979961192
2023-09-13 01:00:00,88.3978905636411
2023-09-13 02:00:00,88.5258601096475
2023-09-13 03:00:00,89.4542569321403
2023-09-13 04:00:00,89.8642127727681
2023-09-13 05:00:00,89.5507016322089
2023-09-13 06:00:00,70.5105954446451
2023-09-13 07:00:00,65.7025592190992
2023-09-13 08:00:00,65.7024452379588
2023-09-13 09:00:00,65.702445728976
2023-09-13 10:00:00,65.7024480714358
2023-09-13 11:00:00,65.7024510983784
2023-09-13 12:00:00,65.7024644011159
2023-09-13 13:00:00,65.7024844436052
2023-09-13 14:00:00,65.7025388599988
2023-09-13 15:00:00,66.8972833532063
2023-09-13 16:00:00,85.4337668142188
2023-09-13 17:00:00,87.3952210797582
2023-09-13 18:00:00,87.615380554811
2023-09-13 19:00:00,87.6153755578536
2023-09-13 20:00:00,87.6153553436219
2023-09-13 21:00:00,87.6131801861012
2023-09-13 22:00:00,86.8353140247561
2023-09-13 23:00:00,86.8339327155079
2023-09-14 00:00:00,86.5319100331856
2023-09-14 01:00:00,86.5318946865402
2023-09-14 02:00:00,86.531891537737
2023-09-14 03:00:00,86.5319175688473
2023-09-14 04:00:00,86.83335238222
2023-09-14 05:00:00,86.9554183704654
2023-09-14 06:00:00,70.6666374974274
2023-09-14 07:00:00,65.2081939727237
2023-09-14 08:00:00,62.3608206883141
2023-09-14 09:00:00,62.3608172278034
2023-09-14 10:00:00,62.3608175550915
2023-09-14 11:00:00,62.3608187719331
2023-09-14 12:00:00,62.3608216917289
2023-09-14 13:00:00,62.3608279056856
2023-09-14 14:00:00,62.3608739168487
2023-09-14 15:00:00,67.5672027301539
2023-09-14 16:00:00,86.947683359562
2023-09-14 17:00:00,88.2870857471801
2023-09-14 18:00:00,88.2871535082014
2023-09-14 19:00:00,88.2871367268454
2023-09-14 20:00:00,88.287124265813
2023-09-14 21:00:00,88.2835272559153
2023-09-14 22:00:00,87.6151537700826
2023-09-14 23:00:00,87.6129759344716
2023-09-15 00:00:00,87.6126494427222
2023-09-15 01:00:00,87.5148466965166
2023-09-15 02:00:00,87.2470825578366
2023-09-15 03:00:00,87.2473571114784
2023-09-15 04:00:00,87.597752924929
2023-09-15 05:00:00,87.2493189028377
2023-09-15 06:00:00,63.7480074040302
2023-09-15 07:00:00,53.3940882059196
2023-09-15 08:00:00,51.6160524138005
2023-09-15 09:00:00,51.6160494834088
2023-09-15 10:00:00,51.6160500032859
2023-09-15 11:00:00,51.6160509529912
2023-09-15 12:00:00,51.6160534758651
2023-09-15 13:00:00,51.6160668710267
2023-09-15 14:00:00,52.8783332856023
2023-09-15 15:00:00,65.2938282525678
2023-09-15 16:00:00,80.3150051173943
2023-09-15 17:00:00,80.6342546215394
2023-09-15 18:00:00,80.6342724049576
2023-09-15 19:00:00,80.6236563826989
2023-09-15 20:00:00,79.934045364362
2023-09-15 21:00:00,79.6450361800905
2023-09-15 22:00:00,72.622009905074
2023-09-15 23:00:00,72.6218382558146
2023-09-16 00:00:00,72.6219994382259
2023-09-16 01:00:00,72.7936971087373
2023-09-16 02:00:00,74.4091348365487
2023-09-16 03:00:00,77.6518964352773
2023-09-16 04:00:00,80.3149592459946
2023-09-16 05:00:00,80.6341882051097
2023-09-16 06:00:00,74.3358511755956
2023-09-16 07:00:00,62.3608301708809
2023-09-16 08:00:00,60.4585215485324
2023-09-16 09:00:00,60.4585053704207
2023-09-16 10:00:00,60.4585033407003
2023-09-16 11:00:00,60.4585036267649
2023-09-16 12:00:00,60.4585052120172
2023-09-16 13:00:00,60.4585110619165
2023-09-16 14:00:00,61.7601885588413
2023-09-16 15:00:00,70.1632453794304
2023-09-16 16:00:00,78.9270822759641
2023-09-16 17:00:00,80.6211887082876
2023-09-16 18:00:00,80.6211947783334
2023-09-16 19:00:00,80.6211563865172
2023-09-16 20:00:00,80.6211546474645
2023-09-16 21:00:00,80.6210810895258
2023-09-16 22:00:00,78.6834210904352
2023-09-16 23:00:00,77.7038604826668
2023-09-17 00:00:00,77.0083643734782
2023-09-17 01:00:00,75.4186619341953
2023-09-17 02:00:00,75.4187196798593
2023-09-17 03:00:00,77.0412204782732
2023-09-17 04:00:00,78.6834222016784
2023-09-17 05:00:00,80.6132490272441
2023-09-17 06:00:00,62.319859653843
2023-09-17 07:00:00,50.4597706171895
2023-09-17 08:00:00,50.4592494530489
2023-09-17 09:00:00,50.4592388742151
2023-09-17 10:00:00,50.4592393437312
2023-09-17 11:00:00,50.4592403287218
2023-09-17 12:00:00,50.4592429864264
2023-09-17 13:00:00,50.4592714824263
2023-09-17 14:00:00,50.4595582378319
2023-09-17 15:00:00,62.36081710758
2023-09-17 16:00:00,67.2893670951055
2023-09-17 17:00:00,67.7909454662196
2023-09-17 18:00:00,67.7909194370009
2023-09-17 19:00:00,67.4972704466578
2023-09-17 20:00:00,67.4556743019496
2023-09-17 21:00:00,67.0046435904545
2023-09-17 22:00:00,66.1757754800335
2023-09-17 23:00:00,66.1757088243702
2023-09-18 00:00:00,64.6131354552307
2023-09-18 01:00:00,64.6131118916363
2023-09-18 02:00:00,64.6128269409539
2023-09-18 03:00:00,64.252736358058
2023-09-18 04:00:00,64.1504509373228
2023-09-18 05:00:00,64.2838707882294
2023-09-18 06:00:00,16.7697598219952
2023-09-18 07:00:00,14.0222787308059
2023-09-18 08:00:00,13.5322218705457
2023-09-18 09:00:00,13.4884624180636
2023-09-18 10:00:00,13.4884624441984
2023-09-18 11:00:00,13.4884627882941
2023-09-18 12:00:00,13.4884624796891
2023-09-18 13:00:00,13.4884643525313
2023-09-18 14:00:00,13.4884878799161
2023-09-18 15:00:00,14.0222987797961
2023-09-18 16:00:00,15.0600987865302
2023-09-18 17:00:00,18.6169588593865
2023-09-18 18:00:00,18.6169839134148
2023-09-18 19:00:00,18.6169773608677
2023-09-18 20:00:00,18.6169714535599
2023-09-18 21:00:00,18.6169604150735
2023-09-18 22:00:00,18.6169217047151
2023-09-18 23:00:00,18.6169408775063
2023-09-19 00:00:00,18.6168935648954
2023-09-19 01:00:00,18.4822484630053
2023-09-19 02:00:00,18.4769620771338
2023-09-19 03:00:00,18.6137890809436
2023-09-19 04:00:00,18.6169846288115
2023-09-19 05:00:00,18.6170283611162
2023-09-19 06:00:00,1.35996265719605
2023-09-19 07:00:00,0.914956679206839
2023-09-19 08:00:00,0.721284977222061
2023-09-19 09:00:00,0.721273144840233
2023-09-19 10:00:00,0.721272811361548
2023-09-19 11:00:00,0.721272944042572
2023-09-19 12:00:00,0.721273621798346
2023-09-19 13:00:00,0.721275959076194
2023-09-19 14:00:00,0.723157656046978
2023-09-19 15:00:00,10.1564445658036
2023-09-19 16:00:00,14.0223051892058
2023-09-19 17:00:00,15.7246850958653
2023-09-19 18:00:00,15.7246971306093
2023-09-19 19:00:00,15.7246505571033
2023-09-19 20:00:00,15.7246878796296
2023-09-19 21:00:00,15.7245778514514
2023-09-19 22:00:00,14.0223115197406
2023-09-19 23:00:00,14.0223109010438
2023-09-20 00:00:00,14.0223127868744
2023-09-20 01:00:00,14.0223094908714
2023-09-20 02:00:00,14.0223186798111
2023-09-20 03:00:00,15.3936450131326
2023-09-20 04:00:00,15.7246640501174
2023-09-20 05:00:00,15.7246779856196
2023-09-20 06:00:00,0.0823943806078653
2023-09-20 07:00:00,0.0475774725622641
2023-09-20 08:00:00,0.0383356088708625
2023-09-20 09:00:00,0.0382201534931284
2023-09-20 10:00:00,0.0382188225029891
2023-09-20 11:00:00,0.0382186660554655
2023-09-20 12:00:00,0.0382192938266656
2023-09-20 13:00:00,0.0382221865900888
2023-09-20 14:00:00,0.0382546857444741
2023-09-20 15:00:00,8.36435214432853
2023-09-20 16:00:00,14.0223083668583
2023-09-20 17:00:00,37.8291953582299
2023-09-20 18:00:00,37.8292296756243
2023-09-20 19:00:00,37.8292344795119
2023-09-20 20:00:00,37.8293288744753
2023-09-20 21:00:00,37.8293118669641
2023-09-20 22:00:00,36.4969143493897
2023-09-20 23:00:00,36.5018685432028
2023-09-21 00:00:00,36.4973691215241
2023-09-21 01:00:00,36.4930752469179
2023-09-21 02:00:00,36.4892498917016
2023-09-21 03:00:00,37.7020239948814
2023-09-21 04:00:00,37.8292711450801
2023-09-21 05:00:00,37.8293417440154
2023-09-21 06:00:00,33.4131981510446
2023-09-21 07:00:00,29.4105473386376
2023-09-21 08:00:00,29.4093939541494
2023-09-21 09:00:00,29.4093914967196
2023-09-21 10:00:00,29.4094069637418
2023-09-21 11:00:00,29.4094073074997
2023-09-21 12:00:00,29.4094090773621
2023-09-21 13:00:00,29.4094170825338
2023-09-21 14:00:00,41.4966170139891
2023-09-21 15:00:00,51.3010129036182
2023-09-21 16:00:00,57.5158659632194
2023-09-21 17:00:00,64.6110966737049
2023-09-21 18:00:00,64.6116569616641
2023-09-21 19:00:00,64.6116515306825
2023-09-21 20:00:00,64.6116599734015
2023-09-21 21:00:00,64.6116482045599
2023-09-21 22:00:00,64.6115972009876
2023-09-21 23:00:00,64.6115657916365
2023-09-22 00:00:00,64.6110018628693
2023-09-22 01:00:00,64.3863429962525
2023-09-22 02:00:00,62.3608337399817
2023-09-22 03:00:00,61.45630677074
2023-09-22 04:00:00,61.1524674571992
2023-09-22 05:00:00,54.8540694278622
2023-09-22 06:00:00,48.4502854283303
2023-09-22 07:00:00,37.6835430423771
2023-09-22 08:00:00,37.522389486705
2023-09-22 09:00:00,37.522388658805
2023-09-22 10:00:00,37.522389314622
2023-09-22 11:00:00,37.5223887255067
2023-09-22 12:00:00,37.5223883495869
2023-09-22 13:00:00,37.5223892819617
2023-09-22 14:00:00,37.5223913439673
2023-09-22 15:00:00,37.5223993132432
2023-09-22 16:00:00,50.6158919355125
2023-09-22 17:00:00,63.2563584942184
2023-09-22 18:00:00,64.6131096722584
2023-09-22 19:00:00,64.6131162720587
2023-09-22 20:00:00,64.6131327916074
2023-09-22 21:00:00,64.6131345346871
2023-09-22 22:00:00,64.6130931386272
2023-09-22 23:00:00,64.6130911009382
2023-09-23 00:00:00,64.6131050227215
2023-09-23 01:00:00,64.6131136317628
2023-09-23 02:00:00,64.6131477009666
2023-09-23 03:00:00,64.6152500156194
2023-09-23 04:00:00,64.9622370344047
2023-09-23 05:00:00,64.9622449431745
2023-09-23 06:00:00,62.3713839984782
2023-09-23 07:00:00,50.6291910689007
2023-09-23 08:00:00,50.4290116063225
2023-09-23 09:00:00,50.429007473415
2023-09-23 10:00:00,50.4290076918325
2023-09-23 11:00:00,50.429007377664
2023-09-23 12:00:00,50.4290064541739
2023-09-23 13:00:00,50.4290061245242
2023-09-23 14:00:00,50.4290069403827
2023-09-23 15:00:00,50.4290134288023
2023-09-23 16:00:00,57.093400921913
2023-09-23 17:00:00,64.6131377953724
2023-09-23 18:00:00,64.6131686616821
2023-09-23 19:00:00,64.6131665215921
2023-09-23 20:00:00,64.6131640556662
2023-09-23 21:00:00,64.6131464390044
2023-09-23 22:00:00,64.613110939136
2023-09-23 23:00:00,64.6130924636698
2023-09-24 00:00:00,64.6130395234893
2023-09-24 01:00:00,64.6128457786771
2023-09-24 02:00:00,64.6039913305937
2023-09-24 03:00:00,64.6129883369204
2023-09-24 04:00:00,64.6130898273475
2023-09-24 05:00:00,64.6130958192459
2023-09-24 06:00:00,27.3374695827162
2023-09-24 07:00:00,14.0223267680158
2023-09-24 08:00:00,14.0222991417721
2023-09-24 09:00:00,14.0222344244841
2023-09-24 10:00:00,14.0222341153268
2023-09-24 11:00:00,14.0222342765591
2023-09-24 12:00:00,14.0222353826627
2023-09-24 13:00:00,14.0222385291822
2023-09-24 14:00:00,14.0222877989015
2023-09-24 15:00:00,14.3240464417175
2023-09-24 16:00:00,46.5658653162985
2023-09-24 17:00:00,57.5122600337939
2023-09-24 18:00:00,57.5089231829162
2023-09-24 19:00:00,55.570539189222
2023-09-24 20:00:00,55.5699528906088
2023-09-24 21:00:00,46.5726042070996
2023-09-24 22:00:00,46.5651348810545
2023-09-24 23:00:00,46.5651390268172
2023-09-25 00:00:00,46.5651441690224
2023-09-25 01:00:00,46.5651532988888
2023-09-25 02:00:00,46.565294108428
2023-09-25 03:00:00,51.4940445290111
2023-09-25 04:00:00,57.5123697953533
2023-09-25 05:00:00,57.5123755616426
2023-09-25 06:00:00,21.3925828403005
2023-09-25 07:00:00,17.3359908320981
2023-09-25 08:00:00,14.022361141923
2023-09-25 09:00:00,14.0223193154916
2023-09-25 10:00:00,14.0223183666461
2023-09-25 11:00:00,14.0223185543861
2023-09-25 12:00:00,14.0223202481836
2023-09-25 13:00:00,14.0223330977407
2023-09-25 14:00:00,14.5438242883845
2023-09-25 15:00:00,50.332039487031
2023-09-25 16:00:00,64.8890691064562
2023-09-25 17:00:00,67.4972312619251
2023-09-25 18:00:00,67.4972336943242
2023-09-25 19:00:00,67.4971565294323
2023-09-25 20:00:00,67.4971308292852
2023-09-25 21:00:00,67.0906103227446
2023-09-25 22:00:00,64.8893983733466
2023-09-25 23:00:00,64.8893497546472
2023-09-26 00:00:00,64.8892400809869
2023-09-26 01:00:00,64.8892160695913
2023-09-26 02:00:00,64.8891869344228
2023-09-26 03:00:00,64.8892102750401
2023-09-26 04:00:00,64.8892616557639
2023-09-26 05:00:00,64.8892644014177
2023-09-26 06:00:00,50.852133591433
2023-09-26 07:00:00,24.5182024260163
2023-09-26 08:00:00,19.8398974457912
2023-09-26 09:00:00,19.8398928915757
2023-09-26 10:00:00,19.8398933823219
2023-09-26 11:00:00,19.8398936104836
2023-09-26 12:00:00,19.8398946527299
2023-09-26 13:00:00,19.8398983984833
2023-09-26 14:00:00,20.2663602195714
2023-09-26 15:00:00,52.8782705021347
2023-09-26 16:00:00,64.8895147490837
2023-09-26 17:00:00,67.7908322968685
2023-09-26 18:00:00,67.79083814748
2023-09-26 19:00:00,67.7906305190787
2023-09-26 20:00:00,67.2829056304914
2023-09-26 21:00:00,66.8810347020195
2023-09-26 22:00:00,66.4579215868787
2023-09-26 23:00:00,66.4579658650118
2023-09-27 00:00:00,66.4579870871888
2023-09-27 01:00:00,66.7045758625845
2023-09-27 02:00:00,66.9447582578365
2023-09-27 03:00:00,67.5010861559163
2023-09-27 04:00:00,67.7908872997989
2023-09-27 05:00:00,67.7908914529314
2023-09-27 06:00:00,51.0783621611885
2023-09-27 07:00:00,17.3359461891715
2023-09-27 08:00:00,14.0223015802852
2023-09-27 09:00:00,14.0222884760882
2023-09-27 10:00:00,14.0222873325284
2023-09-27 11:00:00,14.0222877099334
2023-09-27 12:00:00,14.0222886397504
2023-09-27 13:00:00,14.0222910980411
2023-09-27 14:00:00,14.0223002018164
2023-09-27 15:00:00,14.6577352931555
2023-09-27 16:00:00,54.6515577782144
2023-09-27 17:00:00,62.3608263714227
2023-09-27 18:00:00,62.3608197157416
2023-09-27 19:00:00,61.7016680889816
2023-09-27 20:00:00,61.7016637490397
2023-09-27 21:00:00,60.4393837738019
2023-09-27 22:00:00,57.7159694319492
2023-09-27 23:00:00,57.7148369258032
2023-09-28 00:00:00,57.7148316424328
2023-09-28 01:00:00,57.7178222022882
2023-09-28 02:00:00,59.1625038294182
2023-09-28 03:00:00,60.4282862756884
2023-09-28 04:00:00,61.7016738979488
2023-09-28 05:00:00,61.701634492247
2023-09-28 06:00:00,4.43507123795988
2023-09-28 07:00:00,3.6236085682204
2023-09-28 08:00:00,3.45014872712497
2023-09-28 09:00:00,3.45002264264439
2023-09-28 10:00:00,3.45002262498343
2023-09-28 11:00:00,3.45002250016068
2023-09-28 12:00:00,3.45002291595425
2023-09-28 13:00:00,3.45002525203203
2023-09-28 14:00:00,3.525006864688
2023-09-28 15:00:00,14.5450192664792
2023-09-28 16:00:00,57.0933733334256
2023-09-28 17:00:00,61.7016592229974
2023-09-28 18:00:00,61.7016562143011
2023-09-28 19:00:00,61.7016198752414
2023-09-28 20:00:00,61.7016286471678
2023-09-28 21:00:00,61.701629873954
2023-09-28 22:00:00,61.6996056512768
2023-09-28 23:00:00,55.6748313760363
2023-09-29 00:00:00,53.1348067647338
2023-09-29 01:00:00,49.958528307781
2023-09-29 02:00:00,49.9585120037277
2023-09-29 03:00:00,49.9585225197496
2023-09-29 04:00:00,50.650787985425
2023-09-29 05:00:00,50.701037681469
2023-09-29 06:00:00,16.7500825889749
2023-09-29 07:00:00,13.6875759119342
2023-09-29 08:00:00,13.5477426253498
2023-09-29 09:00:00,13.5477356578478
2023-09-29 10:00:00,13.5477370028179
2023-09-29 11:00:00,13.5477392650036
2023-09-29 12:00:00,13.54774339913
2023-09-29 13:00:00,13.5477589047429
2023-09-29 14:00:00,13.8392541689392
2023-09-29 15:00:00,26.8718048447052
2023-09-29 16:00:00,50.8362242089755
2023-09-29 17:00:00,64.6017280655141
2023-09-29 18:00:00,64.613112232193
2023-09-29 19:00:00,64.6131284726692
2023-09-29 20:00:00,64.6131899025266
2023-09-29 21:00:00,64.6768993326348
2023-09-29 22:00:00,64.6770429890154
2023-09-29 23:00:00,64.6770953876102
2023-09-30 00:00:00,65.2171346909705
2023-09-30 01:00:00,65.2194766182808
2023-09-30 02:00:00,65.2195481862741
2023-09-30 03:00:00,65.2985795313869
2023-09-30 04:00:00,65.2987501023615
2023-09-30 05:00:00,65.2987526760872
2023-09-30 06:00:00,48.5003713903101
2023-09-30 07:00:00,46.3057989829931
2023-09-30 08:00:00,37.4878548714205
2023-09-30 09:00:00,37.4878481307429
2023-09-30 10:00:00,37.4878476914141
2023-09-30 11:00:00,37.4878480584956
2023-09-30 12:00:00,37.4878483402585
2023-09-30 13:00:00,37.4878499624308
2023-09-30 14:00:00,37.4878722320412
2023-09-30 15:00:00,50.6426853112507
2023-09-30 16:00:00,64.6771499491414
2023-09-30 17:00:00,64.6772985489249
2023-09-30 18:00:00,64.6772954020983
2023-09-30 19:00:00,64.6772834335042
2023-09-30 20:00:00,64.6772747321264
2023-09-30 21:00:00,64.6771867109834
2023-09-30 22:00:00,64.6131698304228
2023-09-30 23:00:00,64.6131253189463
2023-10-01 00:00:00,64.6131056552063
2023-10-01 01:00:00,64.6131075268586
2023-10-01 02:00:00,64.6131176178158
2023-10-01 03:00:00,64.6131679645673
2023-10-01 04:00:00,64.6771513788891
2023-10-01 05:00:00,64.6771980599806
2023-10-01 06:00:00,48.4506029224771
2023-10-01 07:00:00,45.5799546106441
2023-10-01 08:00:00,36.8999358057002
2023-10-01 09:00:00,36.8999316814028
2023-10-01 10:00:00,36.8999329998937
2023-10-01 11:00:00,36.8999342146235
2023-10-01 12:00:00,36.8999359510453
2023-10-01 13:00:00,36.8999447896939
2023-10-01 14:00:00,44.8001223570185
2023-10-01 15:00:00,63.2134417536105
2023-10-01 16:00:00,79.1083987999774
2023-10-01 17:00:00,80.803044024196
2023-10-01 18:00:00,80.803043018139
2023-10-01 19:00:00,80.8030178745271
2023-10-01 20:00:00,80.8021567582847
2023-10-01 21:00:00,80.7688318824954
2023-10-01 22:00:00,75.7634229104088
2023-10-01 23:00:00,75.763342005633
2023-10-02 00:00:00,75.7633034987019
2023-10-02 01:00:00,75.7633246383787
2023-10-02 02:00:00,75.7635109248631
2023-10-02 03:00:00,78.9415585077173
2023-10-02 04:00:00,80.1886750735956
2023-10-02 05:00:00,80.1887533520293
2023-10-02 06:00:00,62.4200353538535
2023-10-02 07:00:00,51.1204056296326
2023-10-02 08:00:00,47.2749373017175
2023-10-02 09:00:00,47.2749247372939
2023-10-02 10:00:00,47.2749246961649
2023-10-02 11:00:00,47.2749254764435
2023-10-02 12:00:00,47.2749264017251
2023-10-02 13:00:00,47.2749303332794
2023-10-02 14:00:00,48.6596775253168
2023-10-02 15:00:00,62.3608396850073
2023-10-02 16:00:00,66.8698532532682
2023-10-02 17:00:00,66.8698807106481
2023-10-02 18:00:00,65.1389118829146
2023-10-02 19:00:00,65.138592137683
2023-10-02 20:00:00,64.8892618163649
2023-10-02 21:00:00,64.8892095442119
2023-10-02 22:00:00,63.7825669759424
2023-10-02 23:00:00,62.3608210427749
2023-10-03 00:00:00,62.1054036661559
2023-10-03 01:00:00,56.6803888465302
2023-10-03 02:00:00,56.6803048968287
2023-10-03 03:00:00,56.6803097334014
2023-10-03 04:00:00,56.6811062463559
2023-10-03 05:00:00,56.6821645251092
2023-10-03 06:00:00,0.082955836416206
2023-10-03 07:00:00,0.0619469445897199
2023-10-03 08:00:00,0.0357258079147836
2023-10-03 09:00:00,0.0357194169222766
2023-10-03 10:00:00,0.0357206935588327
2023-10-03 11:00:00,0.0357207908670118
2023-10-03 12:00:00,0.0357212466861855
2023-10-03 13:00:00,0.0357255316279491
2023-10-03 14:00:00,0.0382575726927979
2023-10-03 15:00:00,14.0222820859685
2023-10-03 16:00:00,35.9160060969267
2023-10-03 17:00:00,44.3623068726132
2023-10-03 18:00:00,43.2525146976645
2023-10-03 19:00:00,42.2672191348634
2023-10-03 20:00:00,43.381422303428
2023-10-03 21:00:00,43.3782390083762
2023-10-03 22:00:00,43.3749860227091
2023-10-03 23:00:00,43.3712102305048
2023-10-04 00:00:00,43.2333411862021
2023-10-04 01:00:00,43.2303443369924
2023-10-04 02:00:00,44.3650104707285
2023-10-04 03:00:00,44.3652272704803
2023-10-04 04:00:00,44.365259594725
2023-10-04 05:00:00,44.3652661140155
2023-10-04 06:00:00,18.9120504179536
2023-10-04 07:00:00,16.4006079801884
2023-10-04 08:00:00,14.0229079567453
2023-10-04 09:00:00,14.0223214923159
2023-10-04 10:00:00,14.0223204845758
2023-10-04 11:00:00,14.0223189969486
2023-10-04 12:00:00,14.0223183588116
2023-10-04 13:00:00,14.0223216353073
2023-10-04 14:00:00,14.3240519054742
2023-10-04 15:00:00,31.5498392028329
2023-10-04 16:00:00,48.4506229898752
2023-10-04 17:00:00,52.6007061512207
2023-10-04 18:00:00,52.6006864471644
2023-10-04 19:00:00,52.6006480611551
2023-10-04 20:00:00,52.6007060121726
2023-10-04 21:00:00,52.6006631999899
2023-10-04 22:00:00,52.6005455519185
2023-10-04 23:00:00,52.6005218427499
2023-10-05 00:00:00,52.5988661904182
2023-10-05 01:00:00,46.8082134445004
2023-10-05 02:00:00,46.8510759426577
2023-10-05 03:00:00,47.8583923877923
2023-10-05 04:00:00,52.600509275126
2023-10-05 05:00:00,52.6005544786921
2023-10-05 06:00:00,28.9438878561452
2023-10-05 07:00:00,20.3002411927691
2023-10-05 08:00:00,16.6889102447811
2023-10-05 09:00:00,16.6888636014731
2023-10-05 10:00:00,16.6888626468848
2023-10-05 11:00:00,16.6888632599262
2023-10-05 12:00:00,16.6888633978945
2023-10-05 13:00:00,16.6888649833511
2023-10-05 14:00:00,17.0478140510059
2023-10-05 15:00:00,43.96588055481
2023-10-05 16:00:00,62.125226404184
2023-10-05 17:00:00,64.6128540756911
2023-10-05 18:00:00,64.6125724033032
2023-10-05 19:00:00,64.6125350092018
2023-10-05 20:00:00,64.6125353666379
2023-10-05 21:00:00,64.6125233230311
2023-10-05 22:00:00,64.0395962910129
2023-10-05 23:00:00,64.0381457266945
2023-10-06 00:00:00,62.8813874386987
2023-10-06 01:00:00,62.360820003729
2023-10-06 02:00:00,62.3608017379664
2023-10-06 03:00:00,61.9693329773926
2023-10-06 04:00:00,59.4872173913086
2023-10-06 05:00:00,58.5146437079288
2023-10-06 06:00:00,14.0222639547432
2023-10-06 07:00:00,10.3589109513412
2023-10-06 08:00:00,8.37088473092368
2023-10-06 09:00:00,8.37086109446548
2023-10-06 10:00:00,8.37086074028293
2023-10-06 11:00:00,8.37086043965791
2023-10-06 12:00:00,8.37086084785707
2023-10-06 13:00:00,8.37086453383969
2023-10-06 14:00:00,8.55139018865304
2023-10-06 15:00:00,14.6577389614282
2023-10-06 16:00:00,43.8785596265157
2023-10-06 17:00:00,58.5145808501668
2023-10-06 18:00:00,58.5145808241595
2023-10-06 19:00:00,58.5145463671861
2023-10-06 20:00:00,58.5145783869117
2023-10-06 21:00:00,58.5145622699403
2023-10-06 22:00:00,47.3790478240328
2023-10-06 23:00:00,47.3789637102039
2023-10-07 00:00:00,47.377016516451
2023-10-07 01:00:00,47.3769940145122
2023-10-07 02:00:00,47.6112977096677
2023-10-07 03:00:00,51.2262211369034
2023-10-07 04:00:00,58.5145771952474
2023-10-07 05:00:00,58.5146008217728
2023-10-07 06:00:00,17.3425102437433
2023-10-07 07:00:00,16.0725790409428
2023-10-07 08:00:00,14.0275801405412
2023-10-07 09:00:00,14.0275761712706
2023-10-07 10:00:00,14.027576251949
2023-10-07 11:00:00,14.0275788472939
2023-10-07 12:00:00,14.0275802077895
2023-10-07 13:00:00,14.0280283572818
2023-10-07 14:00:00,23.0259624106322
2023-10-07 15:00:00,51.6667409374161
2023-10-07 16:00:00,64.9424010584979
2023-10-07 17:00:00,65.0587127529852
2023-10-07 18:00:00,65.0419233138468
2023-10-07 19:00:00,65.0185435598202
2023-10-07 20:00:00,64.9143844098955
2023-10-07 21:00:00,65.0685182314033
2023-10-07 22:00:00,65.4908353550321
2023-10-07 23:00:00,65.6772899851358
2023-10-08 00:00:00,65.7883007493667
2023-10-08 01:00:00,66.2923147044563
2023-10-08 02:00:00,66.5931917326298
2023-10-08 03:00:00,66.6000482859869
2023-10-08 04:00:00,67.9287601196862
2023-10-08 05:00:00,69.5903798755649
2023-10-08 06:00:00,67.2526627468415
2023-10-08 07:00:00,62.3608184976544
2023-10-08 08:00:00,54.4548046541608
2023-10-08 09:00:00,54.4548026011242
2023-10-08 10:00:00,54.4548026813548
2023-10-08 11:00:00,54.4548035815072
2023-10-08 12:00:00,54.4548049487213
2023-10-08 13:00:00,54.4548129126177
2023-10-08 14:00:00,62.3608271049677
2023-10-08 15:00:00,82.3550015985754
2023-10-08 16:00:00,99.3374556515952
2023-10-08 17:00:00,101.697309223323
2023-10-08 18:00:00,100.383910454073
2023-10-08 19:00:00,97.4996560496119
2023-10-08 20:00:00,96.4537209305163
2023-10-08 21:00:00,93.4571120270006
2023-10-08 22:00:00,92.4504023418078
2023-10-08 23:00:00,88.7387609067068
2023-10-09 00:00:00,88.7381636247189
2023-10-09 01:00:00,88.7381071219492
2023-10-09 02:00:00,88.7381103540328
2023-10-09 03:00:00,88.7382132116544
2023-10-09 04:00:00,92.3227672110107
2023-10-09 05:00:00,92.5638465173948
2023-10-09 06:00:00,77.0131434009277
2023-10-09 07:00:00,70.5105044176093
2023-10-09 08:00:00,62.3608092034407
2023-10-09 09:00:00,62.3608031966567
2023-10-09 10:00:00,62.36080252743
2023-10-09 11:00:00,62.3608030359245
2023-10-09 12:00:00,62.3608037392599
2023-10-09 13:00:00,62.3608063251017
2023-10-09 14:00:00,65.6820554605357
2023-10-09 15:00:00,86.0397805376695
2023-10-09 16:00:00,106.245888389688
2023-10-09 17:00:00,106.246493441019
2023-10-09 18:00:00,106.246489023869
2023-10-09 19:00:00,106.246392162788
2023-10-09 20:00:00,106.245327404993
2023-10-09 21:00:00,105.129726621611
2023-10-09 22:00:00,96.4538455610721
2023-10-09 23:00:00,92.4587601340108
2023-10-10 00:00:00,92.4504101445687
2023-10-10 01:00:00,92.4503888668803
2023-10-10 02:00:00,92.4503908092083
2023-10-10 03:00:00,92.450402952917
2023-10-10 04:00:00,92.6617121633864
2023-10-10 05:00:00,93.4442448817416
2023-10-10 06:00:00,62.1469392157607
2023-10-10 07:00:00,19.9144804755025
2023-10-10 08:00:00,16.5278041939839
2023-10-10 09:00:00,16.1108723507462
2023-10-10 10:00:00,16.1108718649625
2023-10-10 11:00:00,16.1108717563272
2023-10-10 12:00:00,16.1108723748145
2023-10-10 13:00:00,16.1108728644794
2023-10-10 14:00:00,16.1108789036787
2023-10-10 15:00:00,43.9526030944426
2023-10-10 16:00:00,62.3608045589588
2023-10-10 17:00:00,62.400256560627
2023-10-10 18:00:00,62.3780054006958
2023-10-10 19:00:00,62.3762937004657
2023-10-10 20:00:00,62.3608283706552
2023-10-10 21:00:00,62.3608262111218
2023-10-10 22:00:00,62.3608014180589
2023-10-10 23:00:00,62.3607647535792
2023-10-11 00:00:00,62.2323286928814
2023-10-11 01:00:00,59.1598264431898
2023-10-11 02:00:00,60.4302489017662
2023-10-11 03:00:00,62.36021596358
2023-10-11 04:00:00,62.3607994427438
2023-10-11 05:00:00,62.3608187656205
2023-10-11 06:00:00,14.0223084709423
2023-10-11 07:00:00,14.0222977480103
2023-10-11 08:00:00,11.3382348094137
2023-10-11 09:00:00,11.3382101920602
2023-10-11 10:00:00,11.3382095353766
2023-10-11 11:00:00,11.3382098624302
2023-10-11 12:00:00,11.3382102984769
2023-10-11 13:00:00,11.3382133617637
2023-10-11 14:00:00,11.7626319265399
2023-10-11 15:00:00,24.9921052542972
2023-10-11 16:00:00,50.4943123101074
2023-10-11 17:00:00,62.3608073432365
2023-10-11 18:00:00,62.3608041288922
2023-10-11 19:00:00,62.3608106770023
2023-10-11 20:00:00,62.3608465758173
2023-10-11 21:00:00,62.3608296270604
2023-10-11 22:00:00,62.3608700829189
2023-10-11 23:00:00,62.3608015316325
2023-10-12 00:00:00,62.3607128414908
2023-10-12 01:00:00,62.3242783175988
2023-10-12 02:00:00,62.3606592920943
2023-10-12 03:00:00,62.3606768424051
2023-10-12 04:00:00,62.3607105205812
2023-10-12 05:00:00,62.3607206288375
2023-10-12 06:00:00,46.7631174737891
2023-10-12 07:00:00,42.1626523942442
2023-10-12 08:00:00,37.8582676258608
2023-10-12 09:00:00,37.8582665003228
2023-10-12 10:00:00,37.8582666658093
2023-10-12 11:00:00,37.8582667914046
2023-10-12 12:00:00,37.8582678895298
2023-10-12 13:00:00,37.8582739528053
2023-10-12 14:00:00,42.164313061724
2023-10-12 15:00:00,59.4625405951339
2023-10-12 16:00:00,64.612793953337
2023-10-12 17:00:00,64.6131633753644
2023-10-12 18:00:00,64.6131589413019
2023-10-12 19:00:00,64.6131516750547
2023-10-12 20:00:00,64.6131484970985
2023-10-12 21:00:00,64.6131314248289
2023-10-12 22:00:00,64.6129966590262
2023-10-12 23:00:00,62.3608237455927
2023-10-13 00:00:00,62.3417794471407
2023-10-13 01:00:00,55.8205734913166
2023-10-13 02:00:00,52.3200075677313
2023-10-13 03:00:00,52.3188028177063
2023-10-13 04:00:00,52.3187874609694
2023-10-13 05:00:00,52.3168561767157
2023-10-13 06:00:00,1.0154192117254
2023-10-13 07:00:00,0.7158321787949
2023-10-13 08:00:00,0.592473525658314
2023-10-13 09:00:00,0.592471613615358
2023-10-13 10:00:00,0.592471338449126
2023-10-13 11:00:00,0.592470472106365
2023-10-13 12:00:00,0.592470685334478
2023-10-13 13:00:00,0.592473271965746
2023-10-13 14:00:00,0.605925923822464
2023-10-13 15:00:00,13.729255207779
2023-10-13 16:00:00,14.02230548564
2023-10-13 17:00:00,14.0223138525208
2023-10-13 18:00:00,14.022309666586
2023-10-13 19:00:00,14.0223068597071
2023-10-13 20:00:00,14.0223094330896
2023-10-13 21:00:00,14.0223095204815
2023-10-13 22:00:00,14.0223069201505
2023-10-13 23:00:00,14.0223085483893
2023-10-14 00:00:00,14.0223087077423
2023-10-14 01:00:00,14.137087528758
2023-10-14 02:00:00,14.4431994542887
2023-10-14 03:00:00,19.6621083919361
2023-10-14 04:00:00,20.0838891354926
2023-10-14 05:00:00,20.0838969825392
2023-10-14 06:00:00,18.6087824296451
2023-10-14 07:00:00,15.0829896212995
2023-10-14 08:00:00,15.0532707244552
2023-10-14 09:00:00,15.0532681686066
2023-10-14 10:00:00,15.0532733409636
2023-10-14 11:00:00,15.0532747337333
2023-10-14 12:00:00,15.0532747932645
2023-10-14 13:00:00,15.0532977483053
2023-10-14 14:00:00,16.0714944793077
2023-10-14 15:00:00,39.5526653934376
2023-10-14 16:00:00,52.3145618450787
2023-10-14 17:00:00,59.1613697335941
2023-10-14 18:00:00,59.1615299785844
2023-10-14 19:00:00,59.1615292405774
2023-10-14 20:00:00,59.1615254571664
2023-10-14 21:00:00,58.9471577353653
2023-10-14 22:00:00,58.7371200522837
2023-10-14 23:00:00,58.4223429198758
2023-10-15 00:00:00,54.4989784570692
2023-10-15 01:00:00,53.3377648583725
2023-10-15 02:00:00,53.3375632222097
2023-10-15 03:00:00,54.5032163320778
2023-10-15 04:00:00,58.4531006411104
2023-10-15 05:00:00,58.7371331434852
2023-10-15 06:00:00,48.4475159688427
2023-10-15 07:00:00,40.2728031782514
2023-10-15 08:00:00,39.2227406072431
2023-10-15 09:00:00,39.2227310182406
2023-10-15 10:00:00,39.2227314182248
2023-10-15 11:00:00,39.2227330869827
2023-10-15 12:00:00,39.2227369165841
2023-10-15 13:00:00,39.2227606601454
2023-10-15 14:00:00,44.0455061247082
2023-10-15 15:00:00,62.3608294937002
2023-10-15 16:00:00,65.6276670344827
2023-10-15 17:00:00,65.6850925848435
2023-10-15 18:00:00,65.6849928615571
2023-10-15 19:00:00,65.4906143320208
2023-10-15 20:00:00,65.0083433686587
2023-10-15 21:00:00,64.8892900078621
2023-10-15 22:00:00,64.6131795569777
2023-10-15 23:00:00,64.6131268511451
2023-10-16 00:00:00,64.6130984853758
2023-10-16 01:00:00,64.6130920164487
2023-10-16 02:00:00,64.6130774716232
2023-10-16 03:00:00,64.6130856312637
2023-10-16 04:00:00,64.6131712038687
2023-10-16 05:00:00,64.8892088671383
2023-10-16 06:00:00,65.1045568141249
2023-10-16 07:00:00,57.7852683627366
2023-10-16 08:00:00,54.6507144558996
2023-10-16 09:00:00,54.6506441745023
2023-10-16 10:00:00,54.6506440944909
2023-10-16 11:00:00,54.6506441551817
2023-10-16 12:00:00,54.6506466109359
2023-10-16 13:00:00,54.6506537663741
2023-10-16 14:00:00,57.0927147592136
2023-10-16 15:00:00,64.8891783905457
2023-10-16 16:00:00,67.4949151688846
2023-10-16 17:00:00,67.4162347272248
2023-10-16 18:00:00,66.6950134493098
2023-10-16 19:00:00,64.8901095903666
2023-10-16 20:00:00,64.8894355175264
2023-10-16 21:00:00,64.8891567493543
2023-10-16 22:00:00,64.6130349516316
2023-10-16 23:00:00,63.1183007214824
2023-10-17 00:00:00,62.6790129082641
2023-10-17 01:00:00,62.3608170936184
2023-10-17 02:00:00,62.3607955683967
2023-10-17 03:00:00,62.360781641692
2023-10-17 04:00:00,62.3609432912711
2023-10-17 05:00:00,64.6130271554443
2023-10-17 06:00:00,49.8021530506941
2023-10-17 07:00:00,41.2737631077543
2023-10-17 08:00:00,36.3304539848035
2023-10-17 09:00:00,36.3302823351234
2023-10-17 10:00:00,36.3302803964643
2023-10-17 11:00:00,36.3302792674304
2023-10-17 12:00:00,36.3302793358869
2023-10-17 13:00:00,36.3302807114723
2023-10-17 14:00:00,36.3302845951603
2023-10-17 15:00:00,36.3303988183303
2023-10-17 16:00:00,48.4503679966434
2023-10-17 17:00:00,48.450544599081
2023-10-17 18:00:00,48.4505399376573
2023-10-17 19:00:00,48.4503952911614
2023-10-17 20:00:00,48.4503899543471
2023-10-17 21:00:00,48.4503392627384
2023-10-17 22:00:00,40.600037031301
2023-10-17 23:00:00,39.2772865349042
2023-10-18 00:00:00,39.2255869513288
2023-10-18 01:00:00,39.2251306629124
2023-10-18 02:00:00,39.2251925028432
2023-10-18 03:00:00,40.9320417932248
2023-10-18 04:00:00,47.6735180234051
2023-10-18 05:00:00,48.4505185096744
2023-10-18 06:00:00,29.6257018501231
2023-10-18 07:00:00,29.6256879383557
2023-10-18 08:00:00,26.1764414014331
2023-10-18 09:00:00,26.1764358462252
2023-10-18 10:00:00,26.1764353964791
2023-10-18 11:00:00,26.1764349040608
2023-10-18 12:00:00,26.1764357065719
2023-10-18 13:00:00,26.1764383965421
2023-10-18 14:00:00,26.1764421377901
2023-10-18 15:00:00,26.1764701231186
2023-10-18 16:00:00,27.3383712594579
2023-10-18 17:00:00,33.7756185771241
2023-10-18 18:00:00,33.7756192101623
2023-10-18 19:00:00,33.7756203802621
2023-10-18 20:00:00,33.7756229854577
2023-10-18 21:00:00,33.7756222540385
2023-10-18 22:00:00,27.3562971644986
2023-10-18 23:00:00,27.3386755096984
2023-10-19 00:00:00,27.3384233619707
2023-10-19 01:00:00,27.3384138140439
2023-10-19 02:00:00,27.3384119925394
2023-10-19 03:00:00,27.3384114026714
2023-10-19 04:00:00,27.3384135932981
2023-10-19 05:00:00,27.3384178543771
2023-10-19 06:00:00,27.3375906862835
2023-10-19 07:00:00,27.3375136295733
2023-10-19 08:00:00,27.3374556698819
2023-10-19 09:00:00,27.3374555168185
2023-10-19 10:00:00,27.3374566942965
2023-10-19 11:00:00,27.3374570231321
2023-10-19 12:00:00,27.3374595225302
2023-10-19 13:00:00,27.3374646366884
2023-10-19 14:00:00,27.3374903461187
2023-10-19 15:00:00,28.3134567958173
2023-10-19 16:00:00,32.3340946443634
2023-10-19 17:00:00,34.9799014535521
2023-10-19 18:00:00,34.9799145510441
2023-10-19 19:00:00,34.9799115286059
2023-10-19 20:00:00,34.9798768944345
2023-10-19 21:00:00,34.7634627829275
2023-10-19 22:00:00,31.1066948533057
2023-10-19 23:00:00,31.1067390571668
2023-10-20 00:00:00,31.1065999876075
2023-10-20 01:00:00,31.1065923841354
2023-10-20 02:00:00,31.1065907196117
2023-10-20 03:00:00,31.1065786688222
2023-10-20 04:00:00,31.1065940059133
2023-10-20 05:00:00,31.7738756163207
2023-10-20 06:00:00,28.2126670277445
2023-10-20 07:00:00,27.3373776223879
2023-10-20 08:00:00,24.9389712579552
2023-10-20 09:00:00,24.7190558623624
2023-10-20 10:00:00,24.7190573728958
2023-10-20 11:00:00,24.7190457367755
2023-10-20 12:00:00,24.7190444813302
2023-10-20 13:00:00,24.7190449995417
2023-10-20 14:00:00,24.7190460018729
2023-10-20 15:00:00,24.7190583069782
2023-10-20 16:00:00,26.7633881779457
2023-10-20 17:00:00,31.9516950750338
2023-10-20 18:00:00,30.2218578407133
2023-10-20 19:00:00,27.9586502516436
2023-10-20 20:00:00,27.95768257275
2023-10-20 21:00:00,27.9576480273268
2023-10-20 22:00:00,27.9638453189354
2023-10-20 23:00:00,27.9576992998833
2023-10-21 00:00:00,28.3147570065484
2023-10-21 01:00:00,28.9230803690324
2023-10-21 02:00:00,29.544557394947
2023-10-21 03:00:00,31.5498364524448
2023-10-21 04:00:00,32.7206342757947
2023-10-21 05:00:00,33.4132037176313
2023-10-21 06:00:00,33.413204607583
2023-10-21 07:00:00,32.2266252563051
2023-10-21 08:00:00,27.9576570686653
2023-10-21 09:00:00,27.9576485962347
2023-10-21 10:00:00,27.9576523773454
2023-10-21 11:00:00,27.9576552905802
2023-10-21 12:00:00,27.957662964507
2023-10-21 13:00:00,27.9578603888406
2023-10-21 14:00:00,30.8534629363951
2023-10-21 15:00:00,32.3652588472795
2023-10-21 16:00:00,55.3961586826007
2023-10-21 17:00:00,62.3606286469305
2023-10-21 18:00:00,62.3606244333841
2023-10-21 19:00:00,62.3605150298252
2023-10-21 20:00:00,62.3605395237602
2023-10-21 21:00:00,52.4716180498711
2023-10-21 22:00:00,52.1797106349294
2023-10-21 23:00:00,52.3950303593495
2023-10-22 00:00:00,52.4713575169696
2023-10-22 01:00:00,52.4714454349974
2023-10-22 02:00:00,52.4715056349741
2023-10-22 03:00:00,52.4715932729964
2023-10-22 04:00:00,61.7986003638913
2023-10-22 05:00:00,62.3606525529416
2023-10-22 06:00:00,60.0403536426105
2023-10-22 07:00:00,51.6820701062404
2023-10-22 08:00:00,50.0184398659808
2023-10-22 09:00:00,50.0184399289399
2023-10-22 10:00:00,50.0184474884637
2023-10-22 11:00:00,50.0184561937163
2023-10-22 12:00:00,50.0184987529116
2023-10-22 13:00:00,50.436665215246
2023-10-22 14:00:00,60.383416717382
2023-10-22 15:00:00,65.8167371428473
2023-10-22 16:00:00,70.5105539534193
2023-10-22 17:00:00,71.4376704770996
2023-10-22 18:00:00,70.5105818973602
2023-10-22 19:00:00,70.4931266052076
2023-10-22 20:00:00,69.3474842729924
2023-10-22 21:00:00,67.4971731855308
2023-10-22 22:00:00,65.8167592960508
2023-10-22 23:00:00,64.8892634611501
2023-10-23 00:00:00,64.8890413094185
2023-10-23 01:00:00,64.6131421460262
2023-10-23 02:00:00,64.6131034565703
2023-10-23 03:00:00,64.6131868987921
2023-10-23 04:00:00,64.8892817191039
2023-10-23 05:00:00,65.8167478362355
2023-10-23 06:00:00,64.8964663460126
2023-10-23 07:00:00,62.3607976523146
2023-10-23 08:00:00,60.1265058278673
2023-10-23 09:00:00,60.1265046325889
2023-10-23 10:00:00,60.1265050105087
2023-10-23 11:00:00,60.1265053173764
2023-10-23 12:00:00,60.1265087621318
2023-10-23 13:00:00,60.1266081843934
2023-10-23 14:00:00,62.3607841975063
2023-10-23 15:00:00,65.8167422094586
2023-10-23 16:00:00,67.497240373785
2023-10-23 17:00:00,67.4973839221116
2023-10-23 18:00:00,67.1430815643957
2023-10-23 19:00:00,65.8167175181438
2023-10-23 20:00:00,65.205808266788
2023-10-23 21:00:00,64.8893055939373
2023-10-23 22:00:00,64.6131711678987
2023-10-23 23:00:00,64.6131109180367
2023-10-24 00:00:00,64.6130826458534
2023-10-24 01:00:00,64.6130702112811
2023-10-24 02:00:00,64.6130715320101
2023-10-24 03:00:00,64.6130736204826
2023-10-24 04:00:00,64.6131228813901
2023-10-24 05:00:00,65.2051012331566
2023-10-24 06:00:00,64.8877834362307
2023-10-24 07:00:00,62.3816231092811
2023-10-24 08:00:00,58.6891235205294
2023-10-24 09:00:00,58.6891207709359
2023-10-24 10:00:00,58.6891207090585
2023-10-24 11:00:00,58.6891213447094
2023-10-24 12:00:00,58.6891235234341
2023-10-24 13:00:00,58.6891299025174
2023-10-24 14:00:00,58.689240338013
2023-10-24 15:00:00,62.3607736498101
2023-10-24 16:00:00,65.5136037250864
2023-10-24 17:00:00,65.8166546297042
2023-10-24 18:00:00,65.5109078819675
2023-10-24 19:00:00,64.9337806172731
2023-10-24 20:00:00,64.931579079277
2023-10-24 21:00:00,64.88757413784
2023-10-24 22:00:00,63.8252421203319
2023-10-24 23:00:00,63.8114956428964
2023-10-25 00:00:00,63.8114588802471
2023-10-25 01:00:00,63.8090309754723
2023-10-25 02:00:00,62.743983843888
2023-10-25 03:00:00,62.73538268185
2023-10-25 04:00:00,64.2939892015909
2023-10-25 05:00:00,64.6134041433905
2023-10-25 06:00:00,64.8892783266995
2023-10-25 07:00:00,63.5215971435694
2023-10-25 08:00:00,62.274485675406
2023-10-25 09:00:00,62.2744801180471
2023-10-25 10:00:00,62.2744807183925
2023-10-25 11:00:00,62.2744816469694
2023-10-25 12:00:00,62.2744842028521
2023-10-25 13:00:00,62.2744923179486
2023-10-25 14:00:00,62.2745463256376
2023-10-25 15:00:00,63.8304383952344
2023-10-25 16:00:00,66.2131871887875
2023-10-25 17:00:00,66.2133772211306
2023-10-25 18:00:00,65.7696388894554
2023-10-25 19:00:00,64.8895567478635
2023-10-25 20:00:00,64.8892531081198
2023-10-25 21:00:00,64.6132709685726
2023-10-25 22:00:00,62.4577458965513
2023-10-25 23:00:00,62.3615279529026
2023-10-26 00:00:00,62.3607875664729
2023-10-26 01:00:00,62.3607802072203
2023-10-26 02:00:00,62.3607715625392
2023-10-26 03:00:00,62.3607442591523
2023-10-26 04:00:00,62.360778574808
2023-10-26 05:00:00,62.3609164338702
2023-10-26 06:00:00,62.360805163966
2023-10-26 07:00:00,52.8783146758931
2023-10-26 08:00:00,52.8782499010673
2023-10-26 09:00:00,52.87824969444
2023-10-26 10:00:00,52.8782504617794
2023-10-26 11:00:00,52.8782511598301
2023-10-26 12:00:00,52.8782536568179
2023-10-26 13:00:00,52.878258765061
2023-10-26 14:00:00,52.8782761856261
2023-10-26 15:00:00,52.878406968114
2023-10-26 16:00:00,61.0556968936705
2023-10-26 17:00:00,62.360792367655
2023-10-26 18:00:00,62.3607899260708
2023-10-26 19:00:00,62.3607733481177
2023-10-26 20:00:00,62.3607409350165
2023-10-26 21:00:00,62.2581623427927
2023-10-26 22:00:00,56.4670797675137
2023-10-26 23:00:00,54.2377786459753
2023-10-27 00:00:00,53.7758086839651
2023-10-27 01:00:00,53.7756854291203
2023-10-27 02:00:00,52.8784519162178
2023-10-27 03:00:00,52.8783884397161
2023-10-27 04:00:00,52.8783859141761
2023-10-27 05:00:00,52.8783881687473
2023-10-27 06:00:00,41.5117427126979
2023-10-27 07:00:00,37.5153917339596
2023-10-27 08:00:00,33.6046669296606
2023-10-27 09:00:00,33.6046627385861
2023-10-27 10:00:00,33.6046638051505
2023-10-27 11:00:00,33.604664477727
2023-10-27 12:00:00,33.6046653041166
2023-10-27 13:00:00,33.6046682946872
2023-10-27 14:00:00,33.6047039511949
2023-10-27 15:00:00,36.4958995095703
2023-10-27 16:00:00,48.4449584700569
2023-10-27 17:00:00,48.4506589231512
2023-10-27 18:00:00,48.4506669202966
2023-10-27 19:00:00,48.4506537373362
2023-10-27 20:00:00,48.4506088162269
2023-10-27 21:00:00,48.4504144660449
2023-10-27 22:00:00,48.4485900892194
2023-10-27 23:00:00,46.6168254156914
2023-10-28 00:00:00,46.5924040860266
2023-10-28 01:00:00,46.0686226219744
2023-10-28 02:00:00,41.0690719681744
2023-10-28 03:00:00,41.0681543036154
2023-10-28 04:00:00,41.4247884751479
2023-10-28 05:00:00,46.4209211906763
2023-10-28 06:00:00,36.4959250981323
2023-10-28 07:00:00,33.4132866649852
2023-10-28 08:00:00,30.4309946444886
2023-10-28 09:00:00,30.4308127761085
2023-10-28 10:00:00,30.4308135521068
2023-10-28 11:00:00,30.430811722024
2023-10-28 12:00:00,30.4308130859448
2023-10-28 13:00:00,30.4308187757555
2023-10-28 14:00:00,31.0839095112371
2023-10-28 15:00:00,31.7665735635462
2023-10-28 16:00:00,38.3751052102599
2023-10-28 17:00:00,38.3998030249064
2023-10-28 18:00:00,38.3997635238903
2023-10-28 19:00:00,33.4132231099122
2023-10-28 20:00:00,32.5954292076747
2023-10-28 21:00:00,32.2266298214218
2023-10-28 22:00:00,32.4695709005125
2023-10-28 23:00:00,31.1068889710652
2023-10-29 00:00:00,31.1068335376493
2023-10-29 01:00:00,31.1068135052655
2023-10-29 02:00:00,31.1068027765196
2023-10-29 03:00:00,31.1068312624397
2023-10-29 04:00:00,31.1086681189264
2023-10-29 05:00:00,31.2556706280646
2023-10-29 06:00:00,31.1068269416209
2023-10-29 07:00:00,25.9208279238183
2023-10-29 08:00:00,23.9745574101627
2023-10-29 09:00:00,24.0569748592932
2023-10-29 10:00:00,24.4820913328797
2023-10-29 11:00:00,24.4820918575103
2023-10-29 12:00:00,24.4820948399935
2023-10-29 13:00:00,24.6043988497681
2023-10-29 14:00:00,27.337466900329
2023-10-29 15:00:00,33.4129027550049
2023-10-29 16:00:00,33.4132799273838
2023-10-29 17:00:00,34.0279122745175
2023-10-29 18:00:00,33.8694437136087
2023-10-29 19:00:00,33.4132115075457
2023-10-29 20:00:00,33.4131938432044
2023-10-29 21:00:00,33.4136430604558
2023-10-29 22:00:00,33.4132076640125
2023-10-29 23:00:00,33.4131872305422
2023-10-30 00:00:00,33.4131915335866
2023-10-30 01:00:00,33.4131927221467
2023-10-30 02:00:00,33.4132016118382
2023-10-30 03:00:00,33.4132211765425
2023-10-30 04:00:00,33.5783158090626
2023-10-30 05:00:00,34.9031991128235
2023-10-30 06:00:00,35.0127031130363
2023-10-30 07:00:00,33.4131745858643
2023-10-30 08:00:00,33.4129972522518
2023-10-30 09:00:00,33.4129912083919
2023-10-30 10:00:00,33.4129982278799
2023-10-30 11:00:00,33.4130010881642
2023-10-30 12:00:00,33.4130053035862
2023-10-30 13:00:00,33.4130485548919
2023-10-30 14:00:00,50.0298161005973
2023-10-30 15:00:00,56.9598257477556
2023-10-30 16:00:00,63.5216123187533
2023-10-30 17:00:00,64.6135222140628
2023-10-30 18:00:00,64.6131389750385
2023-10-30 19:00:00,64.6131151938082
2023-10-30 20:00:00,64.613031955221
2023-10-30 21:00:00,64.613042726505
2023-10-30 22:00:00,64.6130080388959
2023-10-30 23:00:00,63.5215508174327
2023-10-31 00:00:00,62.5046550227834
2023-10-31 01:00:00,59.8854216959547
2023-10-31 02:00:00,52.7161995289885
2023-10-31 03:00:00,52.7161040678043
2023-10-31 04:00:00,52.715919192007
2023-10-31 05:00:00,52.7161358111904
2023-10-31 06:00:00,52.7765673676357
2023-10-31 07:00:00,48.5159874539544
2023-10-31 08:00:00,43.370355294786
2023-10-31 09:00:00,43.3703416826585
2023-10-31 10:00:00,43.3703436082137
2023-10-31 11:00:00,43.370343132225
2023-10-31 12:00:00,43.3703441712159
2023-10-31 13:00:00,43.3703490982941
2023-10-31 14:00:00,45.3288776076969
2023-10-31 15:00:00,48.5036581850911
2023-10-31 16:00:00,56.9604560721458
2023-10-31 17:00:00,56.9604651984612
2023-10-31 18:00:00,56.9604646625279
2023-10-31 19:00:00,56.9604614888888
2023-10-31 20:00:00,56.9604394341673
2023-10-31 21:00:00,56.9602436374164
2023-10-31 22:00:00,53.8041668580988
2023-10-31 23:00:00,47.857600070553
2023-11-01 00:00:00,46.8738629350539
2023-11-01 01:00:00,46.1200379738914
2023-11-01 02:00:00,46.1181503339618
2023-11-01 03:00:00,46.1181375639807
2023-11-01 04:00:00,46.1181355376903
2023-11-01 05:00:00,46.1181383735292
2023-11-01 06:00:00,46.1181352779662
2023-11-01 07:00:00,31.106814930147
2023-11-01 08:00:00,27.3376975793012
2023-11-01 09:00:00,26.1763387746668
2023-11-01 10:00:00,26.1763533982968
2023-11-01 11:00:00,26.1763307721032
2023-11-01 12:00:00,26.1748935609151
2023-11-01 13:00:00,25.0510437968687
2023-11-01 14:00:00,26.176255782054
2023-11-01 15:00:00,27.0291098675512
2023-11-01 16:00:00,30.8721465301923
2023-11-01 17:00:00,31.6961267106512
2023-11-01 18:00:00,32.2263131832759
2023-11-01 19:00:00,32.2265558056353
2023-11-01 20:00:00,32.2265702101252
2023-11-01 21:00:00,31.7390248058514
2023-11-01 22:00:00,31.4044487891505
2023-11-01 23:00:00,31.0305774132403
2023-11-02 00:00:00,31.0305996913987
2023-11-02 01:00:00,31.0305874318458
2023-11-02 02:00:00,31.0310929893164
2023-11-02 03:00:00,31.738482050642
2023-11-02 04:00:00,32.2266273116771
2023-11-02 05:00:00,32.2266305764194
2023-11-02 06:00:00,32.2266290366354
2023-11-02 07:00:00,29.3238914015348
2023-11-02 08:00:00,26.1763119595985
2023-11-02 09:00:00,26.0857590034082
2023-11-02 10:00:00,23.7322165840036
2023-11-02 11:00:00,23.7321932132593
2023-11-02 12:00:00,23.732155254017
2023-11-02 13:00:00,22.7110215054336
2023-11-02 14:00:00,22.7109267706594
2023-11-02 15:00:00,23.6787280007525
2023-11-02 16:00:00,24.4100186365565
2023-11-02 17:00:00,26.1761219928731
2023-11-02 18:00:00,26.6975630740945
2023-11-02 19:00:00,28.7047950245659
2023-11-02 20:00:00,29.320758314676
2023-11-02 21:00:00,29.1533181250575
2023-11-02 22:00:00,29.1527959825712
2023-11-02 23:00:00,29.1526370000855
2023-11-03 00:00:00,29.1528378502093
2023-11-03 01:00:00,29.274804788247
2023-11-03 02:00:00,29.7398168851678
2023-11-03 03:00:00,30.8568883881785
2023-11-03 04:00:00,31.1073371655078
2023-11-03 05:00:00,32.2265609044555
2023-11-03 06:00:00,32.0556482428121
2023-11-03 07:00:00,30.8145024459169
2023-11-03 08:00:00,26.1763056427307
2023-11-03 09:00:00,25.6933032638032
2023-11-03 10:00:00,26.1762957439811
2023-11-03 11:00:00,25.6933059417631
2023-11-03 12:00:00,25.6932980546637
2023-11-03 13:00:00,25.6932795358114
2023-11-03 14:00:00,26.7400709752604
2023-11-03 15:00:00,32.2265894793605
2023-11-03 16:00:00,32.2266339048567
2023-11-03 17:00:00,33.0827078625008
2023-11-03 18:00:00,33.0825743276637
2023-11-03 19:00:00,32.3315215816456
2023-11-03 20:00:00,32.2283922282324
2023-11-03 21:00:00,32.2285685476476
2023-11-03 22:00:00,32.2282928558678
2023-11-03 23:00:00,32.2266338550155
2023-11-04 00:00:00,32.2266298879489
2023-11-04 01:00:00,32.2266260729596
2023-11-04 02:00:00,32.2266241986754
2023-11-04 03:00:00,32.2266248677362
2023-11-04 04:00:00,32.2266266908662
2023-11-04 05:00:00,32.2266291969356
2023-11-04 06:00:00,32.226630557406
2023-11-04 07:00:00,32.0364980890408
2023-11-04 08:00:00,30.5034851650729
2023-11-04 09:00:00,30.2490190086298
2023-11-04 10:00:00,28.7476026074532
2023-11-04 11:00:00,28.7475867183871
2023-11-04 12:00:00,28.7475900216032
2023-11-04 13:00:00,28.7476184221364
2023-11-04 14:00:00,29.3648213498481
2023-11-04 15:00:00,31.0839149614441
2023-11-04 16:00:00,32.2266274018059
2023-11-04 17:00:00,33.1444993103454
2023-11-04 18:00:00,33.1443920946523
2023-11-04 19:00:00,32.2283993281828
2023-11-04 20:00:00,32.2266407191692
2023-11-04 21:00:00,32.2266307119258
2023-11-04 22:00:00,32.2266252398447
2023-11-04 23:00:00,32.2266227659343
2023-11-05 00:00:00,32.2266158389392
2023-11-05 01:00:00,32.2266158854528
2023-11-05 02:00:00,32.2266153190932
2023-11-05 03:00:00,32.2266211941062
2023-11-05 04:00:00,32.2266240390733
2023-11-05 05:00:00,32.2266324117155
2023-11-05 06:00:00,32.2283173029204
2023-11-05 07:00:00,31.3547235410438
2023-11-05 08:00:00,29.9368861324941
2023-11-05 09:00:00,29.3224465382253
2023-11-05 10:00:00,29.9353047404381
2023-11-05 11:00:00,29.9352963652211
2023-11-05 12:00:00,29.9353022767236
2023-11-05 13:00:00,30.3121725799827
2023-11-05 14:00:00,31.4182626741452
2023-11-05 15:00:00,34.8591683633006
2023-11-05 16:00:00,43.5170793642866
2023-11-05 17:00:00,43.5915308631872
2023-11-05 18:00:00,43.5915301411992
2023-11-05 19:00:00,43.5915215295087
2023-11-05 20:00:00,43.5915182418741
2023-11-05 21:00:00,43.5896933410836
2023-11-05 22:00:00,42.9821198436288
2023-11-05 23:00:00,36.3151886830725
2023-11-06 00:00:00,36.1735862483144
2023-11-06 01:00:00,35.2893418474873
2023-11-06 02:00:00,35.289310602479
2023-11-06 03:00:00,35.2893064492058
2023-11-06 04:00:00,35.2893065673124
2023-11-06 05:00:00,35.2893232266747
2023-11-06 06:00:00,35.6790890450337
2023-11-06 07:00:00,32.2266350636174
2023-11-06 08:00:00,28.6847062983471
2023-11-06 09:00:00,27.1592689344446
2023-11-06 10:00:00,27.2621648309114
2023-11-06 11:00:00,27.2619287121395
2023-11-06 12:00:00,27.0307244027244
2023-11-06 13:00:00,27.2619586222053
2023-11-06 14:00:00,31.3424809759371
2023-11-06 15:00:00,32.2283816451919
2023-11-06 16:00:00,43.0402177744975
2023-11-06 17:00:00,43.0406157358946
2023-11-06 18:00:00,43.0403075176148
2023-11-06 19:00:00,43.0402171900237
2023-11-06 20:00:00,42.9809578850645
2023-11-06 21:00:00,42.9809366813597
2023-11-06 22:00:00,38.9621051493358
2023-11-06 23:00:00,35.754827210954
2023-11-07 00:00:00,34.845577547104
2023-11-07 01:00:00,34.8447603409047
2023-11-07 02:00:00,34.8447292103507
2023-11-07 03:00:00,34.8447269103997
2023-11-07 04:00:00,34.8456609149696
2023-11-07 05:00:00,42.6793443799778
2023-11-07 06:00:00,43.0406072894451
2023-11-07 07:00:00,34.8447212102629
2023-11-07 08:00:00,32.2284123400506
2023-11-07 09:00:00,32.2283761279896
2023-11-07 10:00:00,32.2283763451433
2023-11-07 11:00:00,32.2283769513828
2023-11-07 12:00:00,32.2283792386082
2023-11-07 13:00:00,32.2283859477239
2023-11-07 14:00:00,33.6693408021001
2023-11-07 15:00:00,42.9809330358875
2023-11-07 16:00:00,47.8711988355613
2023-11-07 17:00:00,47.8712046503658
2023-11-07 18:00:00,47.8710453091637
2023-11-07 19:00:00,47.8687910970285
2023-11-07 20:00:00,47.8687734206034
2023-11-07 21:00:00,47.8687733385355
2023-11-07 22:00:00,47.4239659332451
2023-11-07 23:00:00,42.9807305476915
2023-11-08 00:00:00,38.7559926926288
2023-11-08 01:00:00,38.7558609575613
2023-11-08 02:00:00,38.7558547716475
2023-11-08 03:00:00,38.7558421780999
2023-11-08 04:00:00,38.7558356106516
2023-11-08 05:00:00,38.7558407881664
2023-11-08 06:00:00,38.7558505067308
2023-11-08 07:00:00,32.2266285924244
2023-11-08 08:00:00,31.5383421557992
2023-11-08 09:00:00,31.089797601835
2023-11-08 10:00:00,31.0898146332687
2023-11-08 11:00:00,31.0898047056616
2023-11-08 12:00:00,31.089804871677
2023-11-08 13:00:00,31.4889933655576
2023-11-08 14:00:00,32.2178041017152
2023-11-08 15:00:00,33.4131924146982
2023-11-08 16:00:00,38.9821265924344
2023-11-08 17:00:00,39.8960590948792
2023-11-08 18:00:00,36.9449248364304
2023-11-08 19:00:00,33.4132193612544
2023-11-08 20:00:00,33.4131880477968
2023-11-08 21:00:00,33.4131948983201
2023-11-08 22:00:00,33.4131857170445
2023-11-08 23:00:00,33.4131908088944
2023-11-09 00:00:00,33.413187981278
2023-11-09 01:00:00,33.4131797954341
2023-11-09 02:00:00,33.4130922186458
2023-11-09 03:00:00,33.41316384582
2023-11-09 04:00:00,33.4131731728285
2023-11-09 05:00:00,33.4132158573937
2023-11-09 06:00:00,33.5468830106532
2023-11-09 07:00:00,32.2283345117976
2023-11-09 08:00:00,32.2266271941373
2023-11-09 09:00:00,32.0875341958649
2023-11-09 10:00:00,31.5534067054289
2023-11-09 11:00:00,31.5533953824141
2023-11-09 12:00:00,31.5533930473068
2023-11-09 13:00:00,31.5534145881287
2023-11-09 14:00:00,32.226621501194
2023-11-09 15:00:00,32.2266907161867
2023-11-09 16:00:00,41.2733177220124
2023-11-09 17:00:00,41.2733334160921
2023-11-09 18:00:00,41.2733332899772
2023-11-09 19:00:00,41.2733186081773
2023-11-09 20:00:00,41.273313779744
2023-11-09 21:00:00,41.2733403608037
2023-11-09 22:00:00,41.2733400656886
2023-11-09 23:00:00,36.4690634324099
2023-11-10 00:00:00,34.6758013907494
2023-11-10 01:00:00,33.5296851874369
2023-11-10 02:00:00,33.4115734857756
2023-11-10 03:00:00,33.4115662725887
2023-11-10 04:00:00,33.4115634169258
2023-11-10 05:00:00,33.4115637340005
2023-11-10 06:00:00,33.4115662604525
2023-11-10 07:00:00,32.2596304803133
2023-11-10 08:00:00,32.2266325210048
2023-11-10 09:00:00,32.2266283214967
2023-11-10 10:00:00,32.2266283950808
2023-11-10 11:00:00,32.2266277717859
2023-11-10 12:00:00,32.2266285368629
2023-11-10 13:00:00,32.2266326358967
2023-11-10 14:00:00,32.226688611897
2023-11-10 15:00:00,44.4200043555549
2023-11-10 16:00:00,57.8462107045704
2023-11-10 17:00:00,62.3567477725
2023-11-10 18:00:00,62.3572181361424
2023-11-10 19:00:00,62.3606816192239
2023-11-10 20:00:00,62.3607049905776
2023-11-10 21:00:00,62.3607620800277
2023-11-10 22:00:00,62.3615027675112
2023-11-10 23:00:00,62.3607576975324
2023-11-11 00:00:00,62.3607458386798
2023-11-11 01:00:00,62.3607323793498
2023-11-11 02:00:00,62.3607087429876
2023-11-11 03:00:00,62.3607054274511
2023-11-11 04:00:00,62.3607131345549
2023-11-11 05:00:00,62.3613870535959
2023-11-11 06:00:00,63.5559245285392
2023-11-11 07:00:00,62.7884703461445
2023-11-11 08:00:00,57.2846247532614
2023-11-11 09:00:00,57.2846208370025
2023-11-11 10:00:00,57.2846204673733
2023-11-11 11:00:00,57.2846223465407
2023-11-11 12:00:00,57.2846277580659
2023-11-11 13:00:00,57.2846501663595
2023-11-11 14:00:00,62.360765617298
2023-11-11 15:00:00,72.0575732848037
2023-11-11 16:00:00,75.9912374490682
2023-11-11 17:00:00,75.9382649598783
2023-11-11 18:00:00,75.6335473190816
2023-11-11 19:00:00,74.7091613132433
2023-11-11 20:00:00,72.05591486315
2023-11-11 21:00:00,70.5105740892798
2023-11-11 22:00:00,67.4972360511104
2023-11-11 23:00:00,65.6753169865943
2023-11-12 00:00:00,65.6751061958643
2023-11-12 01:00:00,64.8893611564386
2023-11-12 02:00:00,64.8892685673057
2023-11-12 03:00:00,64.8892639206566
2023-11-12 04:00:00,64.8893251153052
2023-11-12 05:00:00,65.6753357896399
2023-11-12 06:00:00,67.4971841577158
2023-11-12 07:00:00,64.8893068063367
2023-11-12 08:00:00,62.3609705387231
2023-11-12 09:00:00,62.3606797594129
2023-11-12 10:00:00,62.3606798500112
2023-11-12 11:00:00,62.3606794652933
2023-11-12 12:00:00,62.3606797710132
2023-11-12 13:00:00,62.3606809566218
2023-11-12 14:00:00,62.3606834446347
2023-11-12 15:00:00,62.3608184262318
2023-11-12 16:00:00,67.4971068392438
2023-11-12 17:00:00,67.4971334757937
2023-11-12 18:00:00,67.4970453829327
2023-11-12 19:00:00,66.6772761366374
2023-11-12 20:00:00,66.677036249029
2023-11-12 21:00:00,66.6770237534143
2023-11-12 22:00:00,65.6752877400371
2023-11-12 23:00:00,64.6131237284278
2023-11-13 00:00:00,64.6131017622816
2023-11-13 01:00:00,62.3616766172669
2023-11-13 02:00:00,62.3607482788404
2023-11-13 03:00:00,62.3607158811674
2023-11-13 04:00:00,62.3607342951505
2023-11-13 05:00:00,62.360772323932
2023-11-13 06:00:00,62.3609673123084
2023-11-13 07:00:00,36.1856960381172
2023-11-13 08:00:00,29.2905986942819
2023-11-13 09:00:00,25.044287921338
2023-11-13 10:00:00,25.0441026608527
2023-11-13 11:00:00,25.0440980212383
2023-11-13 12:00:00,25.0440981880638
2023-11-13 13:00:00,25.0441062954627
2023-11-13 14:00:00,23.9672461282015
2023-11-13 15:00:00,30.0117541697224
2023-11-13 16:00:00,32.4641720519565
2023-11-13 17:00:00,32.9467266168362
2023-11-13 18:00:00,32.4641824875855
2023-11-13 19:00:00,32.4641145215353
2023-11-13 20:00:00,32.2266374855657
2023-11-13 21:00:00,32.2270753441554
2023-11-13 22:00:00,33.3862158743108
2023-11-13 23:00:00,33.3858903099
2023-11-14 00:00:00,33.3858653968257
2023-11-14 01:00:00,33.3858562914539
2023-11-14 02:00:00,33.3858797047965
2023-11-14 03:00:00,33.4130866568621
2023-11-14 04:00:00,33.4132349661626
2023-11-14 05:00:00,34.3937437876029
2023-11-14 06:00:00,35.1271522095249
2023-11-14 07:00:00,33.4131889596987
2023-11-14 08:00:00,32.2266410651121
2023-11-14 09:00:00,30.0113119091666
2023-11-14 10:00:00,30.0113078027619
2023-11-14 11:00:00,30.0112896032105
2023-11-14 12:00:00,30.0112920180974
2023-11-14 13:00:00,30.0112899184898
2023-11-14 14:00:00,32.2266102107773
2023-11-14 15:00:00,46.5808401101263
2023-11-14 16:00:00,52.4715041092693
2023-11-14 17:00:00,56.8023363621292
2023-11-14 18:00:00,56.8017587427054
2023-11-14 19:00:00,53.7764251920018
2023-11-14 20:00:00,50.1678144272793
2023-11-14 21:00:00,49.8408848851768
2023-11-14 22:00:00,49.9278976884554
2023-11-14 23:00:00,49.8406377024513
2023-11-15 00:00:00,49.7080670307538
2023-11-15 01:00:00,49.7080452185277
2023-11-15 02:00:00,49.7080435346195
2023-11-15 03:00:00,49.7080526413035
2023-11-15 04:00:00,49.8406872772247
2023-11-15 05:00:00,61.3924339459869
2023-11-15 06:00:00,61.3924526802496
2023-11-15 07:00:00,51.2604365499001
2023-11-15 08:00:00,47.7400546174627
2023-11-15 09:00:00,47.7398929245506
2023-11-15 10:00:00,47.7398943481525
2023-11-15 11:00:00,47.7398950583028
2023-11-15 12:00:00,47.7398967096422
2023-11-15 13:00:00,47.7399024811566
2023-11-15 14:00:00,51.3148322903084
2023-11-15 15:00:00,64.0481821177698
2023-11-15 16:00:00,65.7364294203543
2023-11-15 17:00:00,65.7378872352609
2023-11-15 18:00:00,65.7364570575703
2023-11-15 19:00:00,65.675353184173
2023-11-15 20:00:00,65.6753520695217
2023-11-15 21:00:00,65.6753419463499
2023-11-15 22:00:00,65.6753077127054
2023-11-15 23:00:00,64.6131348326859
2023-11-16 00:00:00,64.6131191287749
2023-11-16 01:00:00,64.6130883339647
2023-11-16 02:00:00,64.6130691340268
2023-11-16 03:00:00,64.6131205719374
2023-11-16 04:00:00,64.6130008180857
2023-11-16 05:00:00,64.3587463863047
2023-11-16 06:00:00,64.0482260014753
2023-11-16 07:00:00,59.8431000757045
2023-11-16 08:00:00,52.8987928440956
2023-11-16 09:00:00,52.8783173939518
2023-11-16 10:00:00,52.878311311234
2023-11-16 11:00:00,52.8783116900152
2023-11-16 12:00:00,52.8783120275417
2023-11-16 13:00:00,52.8783137236393
2023-11-16 14:00:00,52.8843051667149
2023-11-16 15:00:00,62.3607532914068
2023-11-16 16:00:00,65.7365378682354
2023-11-16 17:00:00,66.9745187330661
2023-11-16 18:00:00,66.0918359846972
2023-11-16 19:00:00,65.7365690436944
2023-11-16 20:00:00,65.7365486107317
2023-11-16 21:00:00,65.7365733858205
2023-11-16 22:00:00,65.7365476245645
2023-11-16 23:00:00,65.7363873771555
2023-11-17 00:00:00,65.6753041693439
2023-11-17 01:00:00,64.889258291155
2023-11-17 02:00:00,64.6131466476004
2023-11-17 03:00:00,64.6131381364851
2023-11-17 04:00:00,64.6131303108394
2023-11-17 05:00:00,64.6131281738812
2023-11-17 06:00:00,64.6132060218926
2023-11-17 07:00:00,61.6665884585159
2023-11-17 08:00:00,54.8022893441072
2023-11-17 09:00:00,54.8022274206163
2023-11-17 10:00:00,54.8022277816979
2023-11-17 11:00:00,54.8022289578997
2023-11-17 12:00:00,54.8022316587271
2023-11-17 13:00:00,54.8022427590953
2023-11-17 14:00:00,62.3607744291897
2023-11-17 15:00:00,67.5357878689521
2023-11-17 16:00:00,67.826816330049
2023-11-17 17:00:00,67.8268263853243
2023-11-17 18:00:00,67.826807737048
2023-11-17 19:00:00,67.5359301379608
2023-11-17 20:00:00,67.5355864314269
2023-11-17 21:00:00,67.4971920302183
2023-11-17 22:00:00,65.736446069625
2023-11-17 23:00:00,64.6131378367602
2023-11-18 00:00:00,64.6130555591976
2023-11-18 01:00:00,62.4570060963515
2023-11-18 02:00:00,62.4554376895959
2023-11-18 03:00:00,62.4552714680873
2023-11-18 04:00:00,62.4552708399165
2023-11-18 05:00:00,62.4553590494122
2023-11-18 06:00:00,62.4554051236994
2023-11-18 07:00:00,39.8104688666598
2023-11-18 08:00:00,33.4033373932148
2023-11-18 09:00:00,31.6155090240214
2023-11-18 10:00:00,31.6197989674816
2023-11-18 11:00:00,31.5942316365475
2023-11-18 12:00:00,31.5942167753689
2023-11-18 13:00:00,31.5942284515255
2023-11-18 14:00:00,32.2283826531929
2023-11-18 15:00:00,42.1170941493133
2023-11-18 16:00:00,46.6438865310344
2023-11-18 17:00:00,46.6438864047517
2023-11-18 18:00:00,44.1149644045363
2023-11-18 19:00:00,40.5214124472883
2023-11-18 20:00:00,40.4531898868676
2023-11-18 21:00:00,38.5978138865039
2023-11-18 22:00:00,38.5115471866617
2023-11-18 23:00:00,37.7617611635132
2023-11-19 00:00:00,37.7617711185286
2023-11-19 01:00:00,37.7617363371421
2023-11-19 02:00:00,37.7617231743459
2023-11-19 03:00:00,37.7617240082833
2023-11-19 04:00:00,37.7617558050156
2023-11-19 05:00:00,37.785683109724
2023-11-19 06:00:00,40.5213623267363
2023-11-19 07:00:00,32.1003455645432
2023-11-19 08:00:00,30.9992421767935
2023-11-19 09:00:00,25.9443166867296
2023-11-19 10:00:00,27.5359080338126
2023-11-19 11:00:00,27.4514711464631
2023-11-19 12:00:00,27.4514292184986
2023-11-19 13:00:00,27.4514785302507
2023-11-19 14:00:00,32.2266141984484
2023-11-19 15:00:00,46.6480353715122
2023-11-19 16:00:00,58.082758415798
2023-11-19 17:00:00,59.3226651907615
2023-11-19 18:00:00,59.2629514414465
2023-11-19 19:00:00,59.2629216024939
2023-11-19 20:00:00,58.709204329693
2023-11-19 21:00:00,62.0570746723929
2023-11-19 22:00:00,62.3607581865186
2023-11-19 23:00:00,59.3125950459925
2023-11-20 00:00:00,57.0817286192031
2023-11-20 01:00:00,55.2366931929195
2023-11-20 02:00:00,55.2358168349835
2023-11-20 03:00:00,55.2358141182202
2023-11-20 04:00:00,57.5981784657195
2023-11-20 05:00:00,62.0791613056497
2023-11-20 06:00:00,62.3607668991957
2023-11-20 07:00:00,59.8430784300878
2023-11-20 08:00:00,54.0408720110862
2023-11-20 09:00:00,52.8782982479279
2023-11-20 10:00:00,52.8782970029501
2023-11-20 11:00:00,52.8782960703253
2023-11-20 12:00:00,52.8782986658214
2023-11-20 13:00:00,52.8783072060127
2023-11-20 14:00:00,58.362582322627
2023-11-20 15:00:00,63.9883455638933
2023-11-20 16:00:00,66.892924648151
2023-11-20 17:00:00,66.9343453257753
2023-11-20 18:00:00,66.1882929621239
2023-11-20 19:00:00,66.1878411754899
2023-11-20 20:00:00,64.613163010238
2023-11-20 21:00:00,64.6131391792091
2023-11-20 22:00:00,64.6131192908918
2023-11-20 23:00:00,64.6130971549995
2023-11-21 00:00:00,64.612952638886
2023-11-21 01:00:00,64.2935127216076
2023-11-21 02:00:00,63.9888312387313
2023-11-21 03:00:00,63.9887927676289
2023-11-21 04:00:00,63.9887900997781
2023-11-21 05:00:00,64.6117225441554
2023-11-21 06:00:00,65.0993709751706
2023-11-21 07:00:00,65.0995636286135
2023-11-21 08:00:00,63.5191501264934
2023-11-21 09:00:00,63.5185715884376
2023-11-21 10:00:00,63.518577038849
2023-11-21 11:00:00,63.5185763192851
2023-11-21 12:00:00,63.5185806155303
2023-11-21 13:00:00,63.5185878769767
2023-11-21 14:00:00,63.5186291530414
2023-11-21 15:00:00,66.1874033616935
2023-11-21 16:00:00,67.5607395988138
2023-11-21 17:00:00,67.8263455214001
2023-11-21 18:00:00,67.5606946932911
2023-11-21 19:00:00,67.4972555187358
2023-11-21 20:00:00,67.4972161683222
2023-11-21 21:00:00,67.4972365096434
2023-11-21 22:00:00,67.4972307867714
2023-11-21 23:00:00,67.4971424068147
2023-11-22 00:00:00,67.4642548350399
2023-11-22 01:00:00,66.189770836538
2023-11-22 02:00:00,66.18830672212
2023-11-22 03:00:00,66.1876185816124
2023-11-22 04:00:00,66.1876008240387
2023-11-22 05:00:00,66.1876207239677
2023-11-22 06:00:00,66.1883199563001
2023-11-22 07:00:00,54.0447802412844
2023-11-22 08:00:00,44.1845260251041
2023-11-22 09:00:00,43.7564187980919
2023-11-22 10:00:00,43.7564166204782
2023-11-22 11:00:00,43.7564160314579
2023-11-22 12:00:00,43.7564164447234
2023-11-22 13:00:00,43.7564191421447
2023-11-22 14:00:00,43.7564488753331
2023-11-22 15:00:00,52.8758603525367
2023-11-22 16:00:00,59.8398575746929
2023-11-22 17:00:00,59.8401475736089
2023-11-22 18:00:00,59.840147367068
2023-11-22 19:00:00,59.6970231975335
2023-11-22 20:00:00,59.6031218457328
2023-11-22 21:00:00,59.6030645672948
2023-11-22 22:00:00,50.0366482856124
2023-11-22 23:00:00,49.2583219821777
2023-11-23 00:00:00,49.2137713697931
2023-11-23 01:00:00,48.7446476777281
2023-11-23 02:00:00,48.4507011845986
2023-11-23 03:00:00,48.4506778200351
2023-11-23 04:00:00,48.4506750843665
2023-11-23 05:00:00,48.4506769246034
2023-11-23 06:00:00,48.4506793005684
2023-11-23 07:00:00,32.2283720472241
2023-11-23 08:00:00,30.4903098645616
2023-11-23 09:00:00,24.0443503562106
2023-11-23 10:00:00,24.0442967738721
2023-11-23 11:00:00,24.0442334896558
2023-11-23 12:00:00,24.0441519472669
2023-11-23 13:00:00,24.0436267862735
2023-11-23 14:00:00,24.0439609344665
2023-11-23 15:00:00,32.2267430838595
2023-11-23 16:00:00,32.7078565433057
2023-11-23 17:00:00,32.7083995488427
2023-11-23 18:00:00,32.7077717437315
2023-11-23 19:00:00,32.707647824629
2023-11-23 20:00:00,32.228584404185
2023-11-23 21:00:00,32.7078020143776
2023-11-23 22:00:00,39.8110323116763
2023-11-23 23:00:00,32.7579869769354
2023-11-24 00:00:00,34.5037750319952
2023-11-24 01:00:00,33.0216497462694
2023-11-24 02:00:00,32.2284334212041
2023-11-24 03:00:00,32.2283651813426
2023-11-24 04:00:00,32.228359933704
2023-11-24 05:00:00,32.2283432393554
2023-11-24 06:00:00,32.2283560951719
2023-11-24 07:00:00,32.2265578908151
2023-11-24 08:00:00,31.0846115125454
2023-11-24 09:00:00,26.0827633486915
2023-11-24 10:00:00,27.2544659966343
2023-11-24 11:00:00,27.2540036485809
2023-11-24 12:00:00,26.6911726672543
2023-11-24 13:00:00,27.2527998755778
2023-11-24 14:00:00,32.2266268716727
2023-11-24 15:00:00,33.4131907125696
2023-11-24 16:00:00,52.3143462264798
2023-11-24 17:00:00,57.7767035869914
2023-11-24 18:00:00,57.777235763658
2023-11-24 19:00:00,57.7773322118028
2023-11-24 20:00:00,57.7773954206527
2023-11-24 21:00:00,62.3607561476324
2023-11-24 22:00:00,62.3607597987177
2023-11-24 23:00:00,62.3607534914951
2023-11-25 00:00:00,61.0136323803237
2023-11-25 01:00:00,59.8469472947451
2023-11-25 02:00:00,58.8922699423045
2023-11-25 03:00:00,57.7774465289929
2023-11-25 04:00:00,57.7774235931238
2023-11-25 05:00:00,62.3607587895561
2023-11-25 06:00:00,64.6100573130281
2023-11-25 07:00:00,62.2528439228386
2023-11-25 08:00:00,50.4050520137955
2023-11-25 09:00:00,50.4049591297524
2023-11-25 10:00:00,50.404958614103
2023-11-25 11:00:00,50.4049594105277
2023-11-25 12:00:00,50.4049631046786
2023-11-25 13:00:00,50.4049794598891
2023-11-25 14:00:00,52.8782292183507
2023-11-25 15:00:00,67.0383509945966
2023-11-25 16:00:00,78.6437472412752
2023-11-25 17:00:00,80.4613043595489
2023-11-25 18:00:00,79.0581826849114
2023-11-25 19:00:00,78.6439486170464
2023-11-25 20:00:00,79.1959763656395
2023-11-25 21:00:00,80.4612297778115
2023-11-25 22:00:00,80.6192522054207
2023-11-25 23:00:00,79.2108404934091
2023-11-26 00:00:00,78.6437620708119
2023-11-26 01:00:00,75.4787363476209
2023-11-26 02:00:00,75.2340697958825
2023-11-26 03:00:00,75.478561102289
2023-11-26 04:00:00,79.6283247511901
2023-11-26 05:00:00,81.3364341517035
2023-11-26 06:00:00,81.969640925644
2023-11-26 07:00:00,73.9399346030316
2023-11-26 08:00:00,63.6733503791169
2023-11-26 09:00:00,60.9965134004766
2023-11-26 10:00:00,60.9965127198283
2023-11-26 11:00:00,60.996512987487
2023-11-26 12:00:00,60.9965148492477
2023-11-26 13:00:00,60.996526777862
2023-11-26 14:00:00,68.1615885830275
2023-11-26 15:00:00,86.0389606277064
2023-11-26 16:00:00,86.1403860145569
2023-11-26 17:00:00,86.1403925256114
2023-11-26 18:00:00,86.140389592146
2023-11-26 19:00:00,86.1403806661738
2023-11-26 20:00:00,86.1403689299672
2023-11-26 21:00:00,86.14035764899
2023-11-26 22:00:00,83.1574164702338
2023-11-26 23:00:00,69.7543279493015
2023-11-27 00:00:00,69.755645375262
2023-11-27 01:00:00,69.7540631768042
2023-11-27 02:00:00,69.7538820710179
2023-11-27 03:00:00,69.7538772564572
2023-11-27 04:00:00,69.7538769023921
2023-11-27 05:00:00,69.7538809872696
2023-11-27 06:00:00,69.753917982289
2023-11-27 07:00:00,64.6131549436472
2023-11-27 08:00:00,62.3607373073262
2023-11-27 09:00:00,61.9870457262543
2023-11-27 10:00:00,61.9870433535084
2023-11-27 11:00:00,61.9870404713779
2023-11-27 12:00:00,61.9870389963427
2023-11-27 13:00:00,61.9870407024543
2023-11-27 14:00:00,61.9870389406086
2023-11-27 15:00:00,61.9870953046383
2023-11-27 16:00:00,62.3607500039335
2023-11-27 17:00:00,62.3607278274774
2023-11-27 18:00:00,62.3607071216042
2023-11-27 19:00:00,62.3607037131384
2023-11-27 20:00:00,62.3607082653003
2023-11-27 21:00:00,62.3607257302217
2023-11-27 22:00:00,62.3607392695951
2023-11-27 23:00:00,62.3607408592497
2023-11-28 00:00:00,62.3607552114498
2023-11-28 01:00:00,62.3607575921279
2023-11-28 02:00:00,62.3607622526148
2023-11-28 03:00:00,62.3607727895383
2023-11-28 04:00:00,62.3608092691535
2023-11-28 05:00:00,64.6131213270016
2023-11-28 06:00:00,66.8801703330061
2023-11-28 07:00:00,67.5526802206118
2023-11-28 08:00:00,67.5527256080176
2023-11-28 09:00:00,67.5527332915522
2023-11-28 10:00:00,70.0076097062928
2023-11-28 11:00:00,70.0077249924134
2023-11-28 12:00:00,70.0078934233136
2023-11-28 13:00:00,71.9339280886482
2023-11-28 14:00:00,89.7650822044257
2023-11-28 15:00:00,92.8961077346463
2023-11-28 16:00:00,94.0235782067416
2023-11-28 17:00:00,93.97083747488
2023-11-28 18:00:00,93.9168808758426
2023-11-28 19:00:00,93.5660696041401
2023-11-28 20:00:00,92.8950950416163
2023-11-28 21:00:00,92.8950634637576
2023-11-28 22:00:00,80.7511259589534
2023-11-28 23:00:00,78.9312089963057
2023-11-29 00:00:00,78.9294454313734
2023-11-29 01:00:00,78.9274642385636
2023-11-29 02:00:00,78.9274414587828
2023-11-29 03:00:00,78.9274324688191
2023-11-29 04:00:00,79.1293140385123
2023-11-29 05:00:00,83.9397666744747
2023-11-29 06:00:00,85.7566804607464
2023-11-29 07:00:00,82.0143084894163
2023-11-29 08:00:00,70.5105439187967
2023-11-29 09:00:00,70.5105422670322
2023-11-29 10:00:00,70.5105430904124
2023-11-29 11:00:00,70.510544547338
2023-11-29 12:00:00,70.5105536407204
2023-11-29 13:00:00,70.5106332116549
2023-11-29 14:00:00,90.2441125325225
2023-11-29 15:00:00,112.307066833996
2023-11-29 16:00:00,113.71196396009
2023-11-29 17:00:00,113.712109912697
2023-11-29 18:00:00,113.71206463331
2023-11-29 19:00:00,113.711907158872
2023-11-29 20:00:00,112.307109553352
2023-11-29 21:00:00,112.307058901647
2023-11-29 22:00:00,96.4538205009441
2023-11-29 23:00:00,93.0997265792257
2023-11-30 00:00:00,93.0996313692785
2023-11-30 01:00:00,93.0671773748234
2023-11-30 02:00:00,92.0872828799534
2023-11-30 03:00:00,92.0869986254061
2023-11-30 04:00:00,92.0869993449549
2023-11-30 05:00:00,92.0870819463362
2023-11-30 06:00:00,95.0917184418298
2023-11-30 07:00:00,89.7732071082038
2023-11-30 08:00:00,89.7732056123637
2023-11-30 09:00:00,89.7732051412903
2023-11-30 10:00:00,89.7732062537627
2023-11-30 11:00:00,89.7732073343326
2023-11-30 12:00:00,89.7732099147182
2023-11-30 13:00:00,89.7732180154734
2023-11-30 14:00:00,89.7733307585162
2023-11-30 15:00:00,89.8386685678418
2023-11-30 16:00:00,93.1004932923673
2023-11-30 17:00:00,93.4526531702377
2023-11-30 18:00:00,93.4526025206434
2023-11-30 19:00:00,93.0996536946729
2023-11-30 20:00:00,93.0990220240558
2023-11-30 21:00:00,93.0996269908893
2023-11-30 22:00:00,93.0996336631437
2023-11-30 23:00:00,92.0864158052266
2023-12-01 00:00:00,90.5257638876495
2023-12-01 01:00:00,89.8387061711493
2023-12-01 02:00:00,89.8386908003239
2023-12-01 03:00:00,89.8386883060456
2023-12-01 04:00:00,89.8386885228235
2023-12-01 05:00:00,91.6907791604146
2023-12-01 06:00:00,92.8951112745901
2023-12-01 07:00:00,89.8387343576163
2023-12-01 08:00:00,89.8387432970556
2023-12-01 09:00:00,89.8387518938409
2023-12-01 10:00:00,89.838767635569
2023-12-01 11:00:00,89.838802772916
2023-12-01 12:00:00,89.8388359009336
2023-12-01 13:00:00,89.9763865387285
2023-12-01 14:00:00,118.001545905293
2023-12-01 15:00:00,139.555639202282
2023-12-01 16:00:00,139.590848789805
2023-12-01 17:00:00,142.912797500983
2023-12-01 18:00:00,145.386003881501
2023-12-01 19:00:00,144.639966805716
2023-12-01 20:00:00,139.555796800747
2023-12-01 21:00:00,139.555922362154
2023-12-01 22:00:00,139.555782058708
2023-12-01 23:00:00,139.555772640764
2023-12-02 00:00:00,139.555768977998
2023-12-02 01:00:00,139.555770031766
2023-12-02 02:00:00,139.555772647075
2023-12-02 03:00:00,139.555780658877
2023-12-02 04:00:00,513.715881102339
2023-12-02 05:00:00,524.735363796809
2023-12-02 06:00:00,524.735371485389
2023-12-02 07:00:00,524.7353768861
2023-12-02 08:00:00,524.735352938723
2023-12-02 09:00:00,425.015806023155
2023-12-02 10:00:00,425.015805820667
2023-12-02 11:00:00,425.015807129293
2023-12-02 12:00:00,425.015809395641
2023-12-02 13:00:00,425.01581605139
2023-12-02 14:00:00,1283.41111245654
2023-12-02 15:00:00,1691.55133153787
2023-12-02 16:00:00,1697.43362497161
2023-12-02 17:00:00,1713.66101720053
2023-12-02 18:00:00,1713.6610178328
2023-12-02 19:00:00,1713.66099163909
2023-12-02 20:00:00,1640.6752327639
2023-12-02 21:00:00,1412.04560302781
2023-12-02 22:00:00,1388.0457974709
2023-12-02 23:00:00,1388.04564232807
2023-12-03 00:00:00,1388.04561044858
2023-12-03 01:00:00,1388.0455972831
2023-12-03 02:00:00,1388.04559143448
2023-12-03 03:00:00,1388.04559118068
2023-12-03 04:00:00,1388.04587305939
2023-12-03 05:00:00,1585.51427882474
2023-12-03 06:00:00,1619.5243637709
2023-12-03 07:00:00,67.4968994655674
2023-12-03 08:00:00,62.3607836325396
2023-12-03 09:00:00,54.6500241672675
2023-12-03 10:00:00,54.6500237404289
2023-12-03 11:00:00,54.6500242437404
2023-12-03 12:00:00,54.6500254306907
2023-12-03 13:00:00,54.6500292086962
2023-12-03 14:00:00,56.450379113115
2023-12-03 15:00:00,67.4971429241297
2023-12-03 16:00:00,70.2053466703733
2023-12-03 17:00:00,70.355889953193
2023-12-03 18:00:00,70.355895466295
2023-12-03 19:00:00,70.3493983733955
2023-12-03 20:00:00,64.6129947710779
2023-12-03 21:00:00,62.3607605168277
2023-12-03 22:00:00,62.3607585630335
2023-12-03 23:00:00,60.3538846640057
2023-12-04 00:00:00,61.2199861889645
2023-12-04 01:00:00,59.753769585514
2023-12-04 02:00:00,59.7535453984721
2023-12-04 03:00:00,59.753501313999
2023-12-04 04:00:00,59.9853720269324
2023-12-04 05:00:00,61.2199907583127
2023-12-04 06:00:00,61.2201726769378
2023-12-04 07:00:00,61.4666182628406
2023-12-04 08:00:00,54.9275047477918
2023-12-04 09:00:00,54.9274767330131
2023-12-04 10:00:00,54.9274775583981
2023-12-04 11:00:00,54.9274762703097
2023-12-04 12:00:00,54.9274777432555
2023-12-04 13:00:00,54.9274807909971
2023-12-04 14:00:00,54.9274862548596
2023-12-04 15:00:00,54.9278346616547
2023-12-04 16:00:00,59.9142481572402
2023-12-04 17:00:00,60.8579489883669
2023-12-04 18:00:00,59.1563627310727
2023-12-04 19:00:00,55.0571410074709
2023-12-04 20:00:00,55.0344032853016
2023-12-04 21:00:00,54.9281564025576
2023-12-04 22:00:00,54.9280888240677
2023-12-04 23:00:00,54.9280056943736
2023-12-05 00:00:00,54.927937882885
2023-12-05 01:00:00,54.9278747246668
2023-12-05 02:00:00,54.9278672237841
2023-12-05 03:00:00,54.9278647092884
2023-12-05 04:00:00,54.9278644333476
2023-12-05 05:00:00,54.9281763559535
2023-12-05 06:00:00,62.3607124538899
2023-12-05 07:00:00,62.7536532837327
2023-12-05 08:00:00,62.3604995489549
2023-12-05 09:00:00,60.8827654856426
2023-12-05 10:00:00,60.8827730253602
2023-12-05 11:00:00,60.882777878083
2023-12-05 12:00:00,60.8827902826072
2023-12-05 13:00:00,62.0116434548437
2023-12-05 14:00:00,67.4971787204354
2023-12-05 15:00:00,70.927282788234
2023-12-05 16:00:00,74.3001295886196
2023-12-05 17:00:00,74.4232066233457
2023-12-05 18:00:00,74.3020655536346
2023-12-05 19:00:00,74.3001424330202
2023-12-05 20:00:00,74.3001190031628
2023-12-05 21:00:00,74.3000693668637
2023-12-05 22:00:00,74.2999622629272
2023-12-05 23:00:00,71.3088013630477
2023-12-06 00:00:00,71.3077855588337
2023-12-06 01:00:00,71.3077467394326
2023-12-06 02:00:00,71.3077304215349
2023-12-06 03:00:00,71.3077135318178
2023-12-06 04:00:00,71.3292828151245
2023-12-06 05:00:00,73.2468665882537
2023-12-06 06:00:00,74.8178357155851
2023-12-06 07:00:00,75.1762468062287
2023-12-06 08:00:00,67.0592731275781
2023-12-06 09:00:00,63.5214958223928
2023-12-06 10:00:00,63.5214923486789
2023-12-06 11:00:00,63.5214921038702
2023-12-06 12:00:00,63.5214933664032
2023-12-06 13:00:00,63.521496820918
2023-12-06 14:00:00,63.5215075189025
2023-12-06 15:00:00,67.1638312473513
2023-12-06 16:00:00,67.4972489518045
2023-12-06 17:00:00,67.4972427439022
2023-12-06 18:00:00,66.4114919615099
2023-12-06 19:00:00,66.4071449117239
2023-12-06 20:00:00,64.6131526045899
2023-12-06 21:00:00,64.613282380342
2023-12-06 22:00:00,64.6131544904476
2023-12-06 23:00:00,64.6131231067713
2023-12-07 00:00:00,64.6131114045029
2023-12-07 01:00:00,64.6130295031623
2023-12-07 02:00:00,63.5217021056283
2023-12-07 03:00:00,63.5215491585473
2023-12-07 04:00:00,63.5215289823885
2023-12-07 05:00:00,63.5215312041845
2023-12-07 06:00:00,63.5215336914331
2023-12-07 07:00:00,48.4642990308818
2023-12-07 08:00:00,41.6152730943634
2023-12-07 09:00:00,41.6152490597332
2023-12-07 10:00:00,41.6152488873919
2023-12-07 11:00:00,41.6152496974019
2023-12-07 12:00:00,41.6152513319137
2023-12-07 13:00:00,41.615257230404
2023-12-07 14:00:00,43.2088232447069
2023-12-07 15:00:00,48.4506306489208
2023-12-07 16:00:00,55.4639108441582
2023-12-07 17:00:00,53.2552958122947
2023-12-07 18:00:00,50.2270939771999
2023-12-07 19:00:00,48.4506463765739
2023-12-07 20:00:00,48.4507555542807
2023-12-07 21:00:00,51.4925048330866
2023-12-07 22:00:00,54.9708720200415
2023-12-07 23:00:00,53.6329374278663
2023-12-08 00:00:00,54.1538837847696
2023-12-08 01:00:00,53.6442316949701
2023-12-08 02:00:00,51.9564328209878
2023-12-08 03:00:00,48.6351732401312
2023-12-08 04:00:00,48.4506958350926
2023-12-08 05:00:00,48.4506778340919
2023-12-08 06:00:00,50.4880318929491
2023-12-08 07:00:00,43.5324523324719
2023-12-08 08:00:00,41.6682965861818
2023-12-08 09:00:00,35.241454665628
2023-12-08 10:00:00,35.2414539799859
2023-12-08 11:00:00,35.2414530338968
2023-12-08 12:00:00,35.2414536118348
2023-12-08 13:00:00,35.2414556406416
2023-12-08 14:00:00,35.2414620552053
2023-12-08 15:00:00,48.8252492964153
2023-12-08 16:00:00,57.5281761341785
2023-12-08 17:00:00,60.3016307962234
2023-12-08 18:00:00,60.3011393017955
2023-12-08 19:00:00,57.8775929116253
2023-12-08 20:00:00,56.2887043171391
2023-12-08 21:00:00,56.6215154560099
2023-12-08 22:00:00,57.0164434801296
2023-12-08 23:00:00,55.6522290007747
2023-12-09 00:00:00,55.5673381706733
2023-12-09 01:00:00,52.4520545278183
2023-12-09 02:00:00,52.4499740050706
2023-12-09 03:00:00,51.543047171085
2023-12-09 04:00:00,51.5429958040182
2023-12-09 05:00:00,54.7601800253151
2023-12-09 06:00:00,55.7480327511942
2023-12-09 07:00:00,42.8543746034093
2023-12-09 08:00:00,36.8165332443702
2023-12-09 09:00:00,34.6923304886191
2023-12-09 10:00:00,34.6923376913067
2023-12-09 11:00:00,34.6923073614806
2023-12-09 12:00:00,34.6921910171143
2023-12-09 13:00:00,34.6921932795086
2023-12-09 14:00:00,34.6923389658121
2023-12-09 15:00:00,34.692373053418
2023-12-09 16:00:00,34.6946560248501
2023-12-09 17:00:00,34.6946854224246
2023-12-09 18:00:00,34.6946469893317
2023-12-09 19:00:00,34.6923897741466
2023-12-09 20:00:00,34.6923809748074
2023-12-09 21:00:00,34.6946081055169
2023-12-09 22:00:00,34.6946723772271
2023-12-09 23:00:00,34.6946674999827
2023-12-10 00:00:00,35.097077759163
2023-12-10 01:00:00,35.0329031251242
2023-12-10 02:00:00,34.6951417902617
2023-12-10 03:00:00,34.6947082018802
2023-12-10 04:00:00,34.7579247207873
2023-12-10 05:00:00,37.061729819062
2023-12-10 06:00:00,42.8545950665098
2023-12-10 07:00:00,42.8545543278345
2023-12-10 08:00:00,34.6947732265531
2023-12-10 09:00:00,34.6923880941289
2023-12-10 10:00:00,34.6923863662523
2023-12-10 11:00:00,34.6923853090029
2023-12-10 12:00:00,34.6923868042886
2023-12-10 13:00:00,34.6923937717369
2023-12-10 14:00:00,34.6925314530679
2023-12-10 15:00:00,48.4506371286037
2023-12-10 16:00:00,50.1650683774436
2023-12-10 17:00:00,50.1650976107744
2023-12-10 18:00:00,50.1650962827353
2023-12-10 19:00:00,50.1650987021676
2023-12-10 20:00:00,50.1651096976209
2023-12-10 21:00:00,50.1651412949902
2023-12-10 22:00:00,50.1653380309136
2023-12-10 23:00:00,50.1652017286047
2023-12-11 00:00:00,50.1652607677064
2023-12-11 01:00:00,50.1653473188112
2023-12-11 02:00:00,50.1663111688609
2023-12-11 03:00:00,50.5034904521897
2023-12-11 04:00:00,52.3139839967384
2023-12-11 05:00:00,62.3606673138197
2023-12-11 06:00:00,62.3607942938387
2023-12-11 07:00:00,62.3617901539668
2023-12-11 08:00:00,62.360634202551
2023-12-11 09:00:00,58.7469390406155
2023-12-11 10:00:00,59.5769369786193
2023-12-11 11:00:00,59.5769486717499
2023-12-11 12:00:00,59.5769742462219
2023-12-11 13:00:00,61.0267950343657
2023-12-11 14:00:00,62.8606035582826
2023-12-11 15:00:00,67.6597768134771
2023-12-11 16:00:00,68.5521206430753
2023-12-11 17:00:00,69.358297910879
2023-12-11 18:00:00,68.9277601081224
2023-12-11 19:00:00,68.5521186876443
2023-12-11 20:00:00,68.5515592942371
2023-12-11 21:00:00,68.0734911074627
2023-12-11 22:00:00,68.5517232798535
2023-12-11 23:00:00,67.4972115203364
2023-12-12 00:00:00,65.6567241263217
2023-12-12 01:00:00,65.6556950029744
2023-12-12 02:00:00,65.5803120196523
2023-12-12 03:00:00,65.5802708561359
2023-12-12 04:00:00,65.5802681357073
2023-12-12 05:00:00,65.5806799001185
2023-12-12 06:00:00,67.4972714041983
2023-12-12 07:00:00,66.993164211582
2023-12-12 08:00:00,64.1934466650563
2023-12-12 09:00:00,62.3607801865567
2023-12-12 10:00:00,62.3607635577988
2023-12-12 11:00:00,62.3607581810262
2023-12-12 12:00:00,62.3607579507162
2023-12-12 13:00:00,62.3607611906166
2023-12-12 14:00:00,62.3607768899459
2023-12-12 15:00:00,62.3607988907694
2023-12-12 16:00:00,64.6133282166791
2023-12-12 17:00:00,66.01268626178
2023-12-12 18:00:00,65.1692215177039
2023-12-12 19:00:00,64.6131532107704
2023-12-12 20:00:00,64.6131259954807
2023-12-12 21:00:00,64.6131216849463
2023-12-12 22:00:00,64.6131082244923
2023-12-12 23:00:00,63.2138770916186
2023-12-13 00:00:00,62.3608448425372
2023-12-13 01:00:00,62.3608245694722
2023-12-13 02:00:00,62.3608159153857
2023-12-13 03:00:00,62.3608182973989
2023-12-13 04:00:00,62.3608230251334
2023-12-13 05:00:00,62.3608373633612
2023-12-13 06:00:00,62.3625109477678
2023-12-13 07:00:00,64.6130646364747
2023-12-13 08:00:00,62.3607638640175
2023-12-13 09:00:00,61.4700501417628
2023-12-13 10:00:00,61.4700426945905
2023-12-13 11:00:00,61.4700417920024
2023-12-13 12:00:00,61.470042085208
2023-12-13 13:00:00,61.4700448115259
2023-12-13 14:00:00,61.4700504824947
2023-12-13 15:00:00,61.4703087786311
2023-12-13 16:00:00,64.6127818148151
2023-12-13 17:00:00,64.6131447017644
2023-12-13 18:00:00,64.6131256463712
2023-12-13 19:00:00,64.6130464766558
2023-12-13 20:00:00,63.9521244831528
2023-12-13 21:00:00,63.9521190739136
2023-12-13 22:00:00,64.6102119847308
2023-12-13 23:00:00,64.1803747561913
2023-12-14 00:00:00,63.0130239539428
2023-12-14 01:00:00,63.0124811994756
2023-12-14 02:00:00,63.0124681811365
2023-12-14 03:00:00,63.0124607085539
2023-12-14 04:00:00,63.0124717819124
2023-12-14 05:00:00,63.0125452719625
2023-12-14 06:00:00,64.6131089473662
2023-12-14 07:00:00,65.1823231860796
2023-12-14 08:00:00,62.3607870887301
2023-12-14 09:00:00,62.3607849814571
2023-12-14 10:00:00,62.3607854642536
2023-12-14 11:00:00,62.3607859192003
2023-12-14 12:00:00,62.3607867852987
2023-12-14 13:00:00,62.3607882365263
2023-12-14 14:00:00,62.3607956298138
2023-12-14 15:00:00,62.5691845190431
2023-12-14 16:00:00,70.3871707313574
2023-12-14 17:00:00,70.5105991819716
2023-12-14 18:00:00,70.3250053218743
2023-12-14 19:00:00,68.552014844958
2023-12-14 20:00:00,68.0737826207188
2023-12-14 21:00:00,68.5516902508626
2023-12-14 22:00:00,68.0734429223368
2023-12-14 23:00:00,67.2965870034255
2023-12-15 00:00:00,66.086769404858
2023-12-15 01:00:00,65.1823719466409
2023-12-15 02:00:00,64.6138086567701
2023-12-15 03:00:00,64.6131402432423
2023-12-15 04:00:00,64.6130825266562
2023-12-15 05:00:00,64.6131207427321
2023-12-15 06:00:00,64.6136395631462
2023-12-15 07:00:00,58.6353356486804
2023-12-15 08:00:00,48.1492433012495
2023-12-15 09:00:00,48.1492047542452
2023-12-15 10:00:00,48.1492047886456
2023-12-15 11:00:00,48.1492055632459
2023-12-15 12:00:00,48.1492067813522
2023-12-15 13:00:00,48.1492099396722
2023-12-15 14:00:00,48.1492332490703
2023-12-15 15:00:00,53.4855304272074
2023-12-15 16:00:00,63.5215459273361
2023-12-15 17:00:00,64.3047956214667
2023-12-15 18:00:00,64.2754671959143
2023-12-15 19:00:00,64.2089765933001
2023-12-15 20:00:00,64.2089141263164
2023-12-15 21:00:00,64.2635873604643
2023-12-15 22:00:00,64.0370999609028
2023-12-15 23:00:00,62.3607154986096
2023-12-16 00:00:00,62.2220505125344
2023-12-16 01:00:00,59.9999810382206
2023-12-16 02:00:00,59.9675573921672
2023-12-16 03:00:00,59.776413881032
2023-12-16 04:00:00,60.0078323755673
2023-12-16 05:00:00,62.246734146097
2023-12-16 06:00:00,62.7158942350998
2023-12-16 07:00:00,38.7583063027169
2023-12-16 08:00:00,32.7159152191179
2023-12-16 09:00:00,32.2266272698936
2023-12-16 10:00:00,32.226628649125
2023-12-16 11:00:00,32.2266286902634
2023-12-16 12:00:00,32.2266262939157
2023-12-16 13:00:00,32.2250429846182
2023-12-16 14:00:00,32.2266696672332
2023-12-16 15:00:00,36.8868075953354
2023-12-16 16:00:00,45.5637578993536
2023-12-16 17:00:00,45.1850893639667
2023-12-16 18:00:00,45.1812587079304
2023-12-16 19:00:00,45.1770470144652
2023-12-16 20:00:00,45.1809584457602
2023-12-16 21:00:00,45.1811280506452
2023-12-16 22:00:00,45.4806259296851
2023-12-16 23:00:00,45.1810861825976
2023-12-17 00:00:00,45.1810672470773
2023-12-17 01:00:00,42.239377927129
2023-12-17 02:00:00,41.7438204483726
2023-12-17 03:00:00,41.8043017041694
2023-12-17 04:00:00,41.8383113051122
2023-12-17 05:00:00,44.9219687174118
2023-12-17 06:00:00,45.5637643983746
2023-12-17 07:00:00,38.4102453022133
2023-12-17 08:00:00,32.22663745227
2023-12-17 09:00:00,31.3059099877762
2023-12-17 10:00:00,31.6560475621287
2023-12-17 11:00:00,31.3056704000147
2023-12-17 12:00:00,31.3056502248412
2023-12-17 13:00:00,31.3919851189356
2023-12-17 14:00:00,32.2266312433758
2023-12-17 15:00:00,35.6597425418744
2023-12-17 16:00:00,41.7507695284072
2023-12-17 17:00:00,41.7507172048725
2023-12-17 18:00:00,40.0060415071833
2023-12-17 19:00:00,39.9647880071601
2023-12-17 20:00:00,38.2590825306245
2023-12-17 21:00:00,41.6582655979335
2023-12-17 22:00:00,41.7484808490514
2023-12-17 23:00:00,38.0710419733704
2023-12-18 00:00:00,37.9011893503251
2023-12-18 01:00:00,37.8138823483868
2023-12-18 02:00:00,34.9182736972284
2023-12-18 03:00:00,34.9182494356203
2023-12-18 04:00:00,34.9214747255885
2023-12-18 05:00:00,36.396599337438
2023-12-18 06:00:00,40.4457743340025
2023-12-18 07:00:00,35.842530806089
2023-12-18 08:00:00,32.2266329021934
2023-12-18 09:00:00,32.1259754567886
2023-12-18 10:00:00,32.2255491785616
2023-12-18 11:00:00,32.2254969888435
2023-12-18 12:00:00,32.2110884998063
2023-12-18 13:00:00,32.0277120824268
2023-12-18 14:00:00,32.2266385655362
2023-12-18 15:00:00,33.1717574263256
2023-12-18 16:00:00,40.977237636775
2023-12-18 17:00:00,39.4333712091691
2023-12-18 18:00:00,37.1811592932493
2023-12-18 19:00:00,33.1717705906493
2023-12-18 20:00:00,33.1717675421728
2023-12-18 21:00:00,33.3859322485605
2023-12-18 22:00:00,34.9564464074607
2023-12-18 23:00:00,33.4131614134663
2023-12-19 00:00:00,33.4131687551329
2023-12-19 01:00:00,33.4129771662936
2023-12-19 02:00:00,33.4131367737429
2023-12-19 03:00:00,33.4130908851381
2023-12-19 04:00:00,33.4131890655982
2023-12-19 05:00:00,33.4132045871334
2023-12-19 06:00:00,33.4367678705647
2023-12-19 07:00:00,33.4132034035207
2023-12-19 08:00:00,32.2266364279913
2023-12-19 09:00:00,32.1330150552105
2023-12-19 10:00:00,32.2266171293693
2023-12-19 11:00:00,32.2249435947001
2023-12-19 12:00:00,32.2037834598947
2023-12-19 13:00:00,31.0898139945537
2023-12-19 14:00:00,32.225041279843
2023-12-19 15:00:00,32.2283777013007
2023-12-19 16:00:00,36.1736031262368
2023-12-19 17:00:00,36.9779401613228
2023-12-19 18:00:00,33.4138056375083
2023-12-19 19:00:00,32.2283893616893
2023-12-19 20:00:00,32.2283844681266
2023-12-19 21:00:00,32.2284225853754
2023-12-19 22:00:00,35.5531443914876
2023-12-19 23:00:00,32.2510568995503
2023-12-20 00:00:00,33.385881405929
2023-12-20 01:00:00,32.2284792083062
2023-12-20 02:00:00,32.2266699606753
2023-12-20 03:00:00,32.226649824937
2023-12-20 04:00:00,32.2266504820541
2023-12-20 05:00:00,32.2266563568916
2023-12-20 06:00:00,32.2267072493858
2023-12-20 07:00:00,32.226637883141
2023-12-20 08:00:00,28.9545104907942
2023-12-20 09:00:00,28.8708602295455
2023-12-20 10:00:00,25.6790360224651
2023-12-20 11:00:00,25.6790324890663
2023-12-20 12:00:00,25.6790005847976
2023-12-20 13:00:00,25.6789692552592
2023-12-20 14:00:00,25.6790196242617
2023-12-20 15:00:00,30.842988608761
2023-12-20 16:00:00,32.2266582756306
2023-12-20 17:00:00,32.226698045555
2023-12-20 18:00:00,32.2266583273122
2023-12-20 19:00:00,32.226637076968
2023-12-20 20:00:00,32.2264994314381
2023-12-20 21:00:00,32.2265954456384
2023-12-20 22:00:00,32.226636748855
2023-12-20 23:00:00,32.2266317902855
2023-12-21 00:00:00,32.2266316058364
2023-12-21 01:00:00,32.2266382766782
2023-12-21 02:00:00,32.2266346711172
2023-12-21 03:00:00,30.8556319348237
2023-12-21 04:00:00,24.6157294676881
2023-12-21 05:00:00,24.6222175630567
2023-12-21 06:00:00,22.8020780514772
2023-12-21 07:00:00,20.4037282374628
2023-12-21 08:00:00,19.4589063088941
2023-12-21 09:00:00,14.0223060017769
2023-12-21 10:00:00,14.0223042834724
2023-12-21 11:00:00,14.0223037993954
2023-12-21 12:00:00,14.0223034219535
2023-12-21 13:00:00,14.022303380416
2023-12-21 14:00:00,14.0223049357366
2023-12-21 15:00:00,17.8841701789656
2023-12-21 16:00:00,17.8841595880026
2023-12-21 17:00:00,17.8841776534619
2023-12-21 18:00:00,17.8841644581658
2023-12-21 19:00:00,17.8841593127156
2023-12-21 20:00:00,17.8841610192622
2023-12-21 21:00:00,17.8841645096142
2023-12-21 22:00:00,17.8842023032945
2023-12-21 23:00:00,17.8841608894573
2023-12-22 00:00:00,17.8841586491355
2023-12-22 01:00:00,17.8841588184803
2023-12-22 02:00:00,17.8841578687806
2023-12-22 03:00:00,17.8841759895155
2023-12-22 04:00:00,17.8841866213458
2023-12-22 05:00:00,17.884188137504
2023-12-22 06:00:00,17.8842216138525
2023-12-22 07:00:00,17.8842511489666
2023-12-22 08:00:00,17.8841644031404
2023-12-22 09:00:00,14.0223021693877
2023-12-22 10:00:00,14.0223027774918
2023-12-22 11:00:00,14.0223035984649
2023-12-22 12:00:00,14.0223028795468
2023-12-22 13:00:00,14.0223027243209
2023-12-22 14:00:00,14.0223025647544
2023-12-22 15:00:00,17.8841876937763
2023-12-22 16:00:00,17.8843024898329
2023-12-22 17:00:00,18.336307370473
2023-12-22 18:00:00,20.9994950996092
2023-12-22 19:00:00,20.4862941615695
2023-12-22 20:00:00,20.3702780998832
2023-12-22 21:00:00,20.8063006029082
2023-12-22 22:00:00,21.0024187536107
2023-12-22 23:00:00,22.8534997442126
2023-12-23 00:00:00,26.5514775238662
2023-12-23 01:00:00,26.5514274055577
2023-12-23 02:00:00,26.640097496068
2023-12-23 03:00:00,28.5661123046387
2023-12-23 04:00:00,30.5687008479241
2023-12-23 05:00:00,32.1733663448333
2023-12-23 06:00:00,31.8557399987313
2023-12-23 07:00:00,32.2262330996793
2023-12-23 08:00:00,31.0896859840716
2023-12-23 09:00:00,25.4813527612775
2023-12-23 10:00:00,25.4006924220894
2023-12-23 11:00:00,25.4006842283563
2023-12-23 12:00:00,25.4006827369109
2023-12-23 13:00:00,25.4006846841424
2023-12-23 14:00:00,25.400981860488
2023-12-23 15:00:00,30.8448212519262
2023-12-23 16:00:00,32.226707942391
2023-12-23 17:00:00,32.226706910323
2023-12-23 18:00:00,32.2266948713927
2023-12-23 19:00:00,32.2267117263892
2023-12-23 20:00:00,32.2267006867832
2023-12-23 21:00:00,32.2266487195454
2023-12-23 22:00:00,32.2266514188759
2023-12-23 23:00:00,32.2266343093743
2023-12-24 00:00:00,32.226631655826
2023-12-24 01:00:00,32.2266291030445
2023-12-24 02:00:00,32.226629182172
2023-12-24 03:00:00,32.2266303556277
2023-12-24 04:00:00,32.2266318883674
2023-12-24 05:00:00,32.226636151415
2023-12-24 06:00:00,32.2266412537316
2023-12-24 07:00:00,32.2266332824553
2023-12-24 08:00:00,30.8436132404502
2023-12-24 09:00:00,23.8721749047768
2023-12-24 10:00:00,22.1942283640153
2023-12-24 11:00:00,22.194215601686
2023-12-24 12:00:00,22.1942218826301
2023-12-24 13:00:00,22.194227240089
2023-12-24 14:00:00,22.194240190754
2023-12-24 15:00:00,24.1633792826388
2023-12-24 16:00:00,27.1649137543495
2023-12-24 17:00:00,27.1651820025403
2023-12-24 18:00:00,27.1649637674624
2023-12-24 19:00:00,27.1638907246132
2023-12-24 20:00:00,24.2625099228207
2023-12-24 21:00:00,27.1638262110647
2023-12-24 22:00:00,27.5167645484148
2023-12-24 23:00:00,27.1730578466746
2023-12-25 00:00:00,27.1643685197636
2023-12-25 01:00:00,27.1600766218436
2023-12-25 02:00:00,27.1599102076513
2023-12-25 03:00:00,27.1595469010677
2023-12-25 04:00:00,27.1652100480222
2023-12-25 05:00:00,30.9620902797953
2023-12-25 06:00:00,32.2265621187416
2023-12-25 07:00:00,31.9450867574359
2023-12-25 08:00:00,31.0897271257222
2023-12-25 09:00:00,25.4839694688092
2023-12-25 10:00:00,26.6276083977658
2023-12-25 11:00:00,26.3611074832742
2023-12-25 12:00:00,25.4839561738519
2023-12-25 13:00:00,25.4840805288661
2023-12-25 14:00:00,25.9442044439812
2023-12-25 15:00:00,30.9272323122915
2023-12-25 16:00:00,32.2266628288486
2023-12-25 17:00:00,32.2266968693418
2023-12-25 18:00:00,32.2267200905924
2023-12-25 19:00:00,32.2266771612793
2023-12-25 20:00:00,32.226652729922
2023-12-25 21:00:00,32.226678767646
2023-12-25 22:00:00,32.2266549279775
2023-12-25 23:00:00,32.2266407078915
2023-12-26 00:00:00,32.2266353486762
2023-12-26 01:00:00,32.2266307975296
2023-12-26 02:00:00,32.2266319313713
2023-12-26 03:00:00,32.2266337403454
2023-12-26 04:00:00,32.2266378612298
2023-12-26 05:00:00,32.2267283023252
2023-12-26 06:00:00,33.4131879354082
2023-12-26 07:00:00,32.8064337848496
2023-12-26 08:00:00,32.2283768888329
2023-12-26 09:00:00,32.2266362073258
2023-12-26 10:00:00,32.2266518884273
2023-12-26 11:00:00,32.2266434891341
2023-12-26 12:00:00,32.2266439531872
2023-12-26 13:00:00,32.2266484574361
2023-12-26 14:00:00,32.5895320170493
2023-12-26 15:00:00,40.8665896752475
2023-12-26 16:00:00,43.3109484784641
2023-12-26 17:00:00,43.3108943582389
2023-12-26 18:00:00,42.788613610263
2023-12-26 19:00:00,42.788415959403
2023-12-26 20:00:00,42.7883901871764
2023-12-26 21:00:00,42.7898658460875
2023-12-26 22:00:00,42.7898934765754
2023-12-26 23:00:00,40.3220897927196
2023-12-27 00:00:00,40.3219915063546
2023-12-27 01:00:00,39.5994556241997
2023-12-27 02:00:00,39.5993956088891
2023-12-27 03:00:00,37.7626263279425
2023-12-27 04:00:00,37.762554857788
2023-12-27 05:00:00,37.9650217648205
2023-12-27 06:00:00,37.7624635894851
2023-12-27 07:00:00,36.8155744647317
2023-12-27 08:00:00,32.2266313811734
2023-12-27 09:00:00,31.2984005647733
2023-12-27 10:00:00,31.2983997103562
2023-12-27 11:00:00,31.2984416442234
2023-12-27 12:00:00,31.2984890977325
2023-12-27 13:00:00,31.2985086517195
2023-12-27 14:00:00,32.2251800661656
2023-12-27 15:00:00,32.2266627774274
2023-12-27 16:00:00,32.2283925429185
2023-12-27 17:00:00,32.2266446850467
2023-12-27 18:00:00,32.2265238255834
2023-12-27 19:00:00,32.2231208494307
2023-12-27 20:00:00,32.2253340366015
2023-12-27 21:00:00,32.2265841064156
2023-12-27 22:00:00,32.2266195147452
2023-12-27 23:00:00,32.2266201291644
2023-12-28 00:00:00,32.2266034748504
2023-12-28 01:00:00,31.8891173361759
2023-12-28 02:00:00,31.8615584764144
2023-12-28 03:00:00,32.2265369761018
2023-12-28 04:00:00,32.2265857527769
2023-12-28 05:00:00,32.2266233810414
2023-12-28 06:00:00,32.2266225223482
2023-12-28 07:00:00,30.2340746970641
2023-12-28 08:00:00,30.2341226217279
2023-12-28 09:00:00,30.234059005943
2023-12-28 10:00:00,30.2340475552949
2023-12-28 11:00:00,30.2340654788444
2023-12-28 12:00:00,30.2340689938485
2023-12-28 13:00:00,30.2340459449631
2023-12-28 14:00:00,30.2336588787726
2023-12-28 15:00:00,32.2266249092882
2023-12-28 16:00:00,32.2266330828036
2023-12-28 17:00:00,32.2266322642426
2023-12-28 18:00:00,32.2266311495179
2023-12-28 19:00:00,32.2266297047641
2023-12-28 20:00:00,32.2266264077085
2023-12-28 21:00:00,32.2266270651949
2023-12-28 22:00:00,32.2266269410501
2023-12-28 23:00:00,32.2266248566618
2023-12-29 00:00:00,32.2266241721272
2023-12-29 01:00:00,32.2266244747171
2023-12-29 02:00:00,32.2265985624364
2023-12-29 03:00:00,32.046955233665
2023-12-29 04:00:00,32.0440039181612
2023-12-29 05:00:00,32.0478716110323
2023-12-29 06:00:00,31.9523115251707
2023-12-29 07:00:00,31.1909746157907
2023-12-29 08:00:00,30.2341042426973
2023-12-29 09:00:00,30.2340698756307
2023-12-29 10:00:00,30.234075798511
2023-12-29 11:00:00,30.234051580878
2023-12-29 12:00:00,30.234055629297
2023-12-29 13:00:00,30.2340611586387
2023-12-29 14:00:00,30.2339020284465
2023-12-29 15:00:00,32.2266219466801
2023-12-29 16:00:00,32.2266429940021
2023-12-29 17:00:00,32.2267570793959
2023-12-29 18:00:00,32.2283918058918
2023-12-29 19:00:00,32.2284002590877
2023-12-29 20:00:00,33.4139809379322
2023-12-29 21:00:00,34.1955586448609
2023-12-29 22:00:00,34.319739440064
2023-12-29 23:00:00,34.3162671518935
2023-12-30 00:00:00,34.5428087901787
2023-12-30 01:00:00,33.5715739834996
2023-12-30 02:00:00,33.5699814662394
2023-12-30 03:00:00,33.5699239646507
2023-12-30 04:00:00,33.5623748746877
2023-12-30 05:00:00,33.5697589972656
2023-12-30 06:00:00,33.5715750429425
2023-12-30 07:00:00,33.4132261187031
2023-12-30 08:00:00,32.2284056621224
2023-12-30 09:00:00,31.9447991571082
2023-12-30 10:00:00,31.5890840014634
2023-12-30 11:00:00,30.2341478288353
2023-12-30 12:00:00,30.2341207642466
2023-12-30 13:00:00,30.2341366507815
2023-12-30 14:00:00,31.1072662222008
2023-12-30 15:00:00,32.2266419378992
2023-12-30 16:00:00,37.0546144259036
2023-12-30 17:00:00,37.0547162261954
2023-12-30 18:00:00,36.9715193138244
2023-12-30 19:00:00,35.2520090977243
2023-12-30 20:00:00,35.1329397765121
2023-12-30 21:00:00,35.7549071282646
2023-12-30 22:00:00,35.2884302284146
2023-12-30 23:00:00,33.4149518366619
2023-12-31 00:00:00,33.4135660588866
2023-12-31 01:00:00,33.4132040537672
2023-12-31 02:00:00,33.4131958164804
2023-12-31 03:00:00,33.2596750214052
2023-12-31 04:00:00,32.2284041460757
2023-12-31 05:00:00,32.2283910317752
2023-12-31 06:00:00,32.2284265933249
2023-12-31 07:00:00,32.2283823627344
2023-12-31 08:00:00,32.2266699631648
2023-12-31 09:00:00,30.8430371702216
2023-12-31 10:00:00,30.8429560965215
2023-12-31 11:00:00,30.8429422629698
2023-12-31 12:00:00,30.842961911623
2023-12-31 13:00:00,30.8429675396786
2023-12-31 14:00:00,30.842987751895
2023-12-31 15:00:00,31.8654550860201
2023-12-31 16:00:00,32.2281711521429
2023-12-31 17:00:00,32.2280576840978
2023-12-31 18:00:00,32.2266672116932
2023-12-31 19:00:00,32.2283692563151
2023-12-31 20:00:00,32.2283889389236
2023-12-31 21:00:00,32.9701918995448
2023-12-31 22:00:00,32.9702476013276
2023-12-31 23:00:00,32.9701805072121
