snapshot,Price (EUR/MWhe)
2023-01-01 00:00:00,50.6158849086399
2023-01-01 01:00:00,50.6158756810042
2023-01-01 02:00:00,50.6158678074591
2023-01-01 03:00:00,50.6158629846906
2023-01-01 04:00:00,50.6158601153407
2023-01-01 05:00:00,50.6158572173228
2023-01-01 06:00:00,50.615855343824
2023-01-01 07:00:00,32.8507188353128
2023-01-01 08:00:00,32.2246972689884
2023-01-01 09:00:00,26.5877774775243
2023-01-01 10:00:00,26.5877563823893
2023-01-01 11:00:00,26.5877552379752
2023-01-01 12:00:00,26.587758268839
2023-01-01 13:00:00,26.587830903886
2023-01-01 14:00:00,28.936155403292
2023-01-01 15:00:00,33.4133695999466
2023-01-01 16:00:00,50.6159047885718
2023-01-01 17:00:00,56.1109425177844
2023-01-01 18:00:00,54.7740724423036
2023-01-01 19:00:00,59.0127313179879
2023-01-01 20:00:00,59.0127786540708
2023-01-01 21:00:00,59.6486407577544
2023-01-01 22:00:00,59.6506851849862
2023-01-01 23:00:00,59.6506683075448
2023-01-02 00:00:00,59.6485794092838
2023-01-02 01:00:00,59.6477957141313
2023-01-02 02:00:00,59.6401716318532
2023-01-02 03:00:00,56.1777170423855
2023-01-02 04:00:00,56.1111060524469
2023-01-02 05:00:00,56.5691761541733
2023-01-02 06:00:00,62.073237261153
2023-01-02 07:00:00,62.514992452432
2023-01-02 08:00:00,58.945504173112
2023-01-02 09:00:00,50.6158865072866
2023-01-02 10:00:00,50.6158452115408
2023-01-02 11:00:00,50.6158408228858
2023-01-02 12:00:00,50.6158412957749
2023-01-02 13:00:00,50.6158473037493
2023-01-02 14:00:00,50.615896283015
2023-01-02 15:00:00,62.3607378106298
2023-01-02 16:00:00,67.4971913094424
2023-01-02 17:00:00,67.4972255471921
2023-01-02 18:00:00,67.4972249692278
2023-01-02 19:00:00,67.4972203908652
2023-01-02 20:00:00,67.4972128961614
2023-01-02 21:00:00,67.4972070301949
2023-01-02 22:00:00,67.4971975091037
2023-01-02 23:00:00,67.4971795379022
2023-01-03 00:00:00,67.4970213569364
2023-01-03 01:00:00,67.1638334010896
2023-01-03 02:00:00,64.7786914095929
2023-01-03 03:00:00,64.7785810157455
2023-01-03 04:00:00,64.778580598545
2023-01-03 05:00:00,67.4968664253784
2023-01-03 06:00:00,67.497190738026
2023-01-03 07:00:00,50.6158742692059
2023-01-03 08:00:00,43.1165231065651
2023-01-03 09:00:00,33.4131238433625
2023-01-03 10:00:00,32.2269495971038
2023-01-03 11:00:00,32.22694489104
2023-01-03 12:00:00,32.2269442523417
2023-01-03 13:00:00,32.2269472748801
2023-01-03 14:00:00,32.226960268346
2023-01-03 15:00:00,33.4140911098868
2023-01-03 16:00:00,50.6158879761505
2023-01-03 17:00:00,67.4972062397728
2023-01-03 18:00:00,67.4972127638862
2023-01-03 19:00:00,67.4972125781141
2023-01-03 20:00:00,67.4972116238356
2023-01-03 21:00:00,67.4972044401758
2023-01-03 22:00:00,67.4971933129659
2023-01-03 23:00:00,67.4971692928619
2023-01-04 00:00:00,67.4969423126891
2023-01-04 01:00:00,67.1638567781788
2023-01-04 02:00:00,67.1634209437717
2023-01-04 03:00:00,64.7787841616795
2023-01-04 04:00:00,66.0796806536772
2023-01-04 05:00:00,67.4971740918353
2023-01-04 06:00:00,67.4972059719169
2023-01-04 07:00:00,50.6158844081012
2023-01-04 08:00:00,38.1462637728706
2023-01-04 09:00:00,23.8416880846634
2023-01-04 10:00:00,23.8414189506013
2023-01-04 11:00:00,23.8414122334562
2023-01-04 12:00:00,23.8414112658212
2023-01-04 13:00:00,23.8414152004308
2023-01-04 14:00:00,23.8414342639643
2023-01-04 15:00:00,32.225048661119
2023-01-04 16:00:00,50.6158832479685
2023-01-04 17:00:00,67.4972062883171
2023-01-04 18:00:00,67.4972103674502
2023-01-04 19:00:00,67.497212285879
2023-01-04 20:00:00,67.4972102222295
2023-01-04 21:00:00,67.4972055571935
2023-01-04 22:00:00,67.497200140134
2023-01-04 23:00:00,67.4971894243945
2023-01-05 00:00:00,67.4971560042085
2023-01-05 01:00:00,67.4968578705698
2023-01-05 02:00:00,67.1638899451575
2023-01-05 03:00:00,64.7807602555747
2023-01-05 04:00:00,66.0798745835871
2023-01-05 05:00:00,67.4971789654259
2023-01-05 06:00:00,67.4971946099333
2023-01-05 07:00:00,50.6158771919307
2023-01-05 08:00:00,39.8102644189384
2023-01-05 09:00:00,32.2260629121003
2023-01-05 10:00:00,32.2250565077178
2023-01-05 11:00:00,32.2250435580673
2023-01-05 12:00:00,32.2250380297306
2023-01-05 13:00:00,32.2250427954641
2023-01-05 14:00:00,32.2250722956573
2023-01-05 15:00:00,39.0958866122469
2023-01-05 16:00:00,52.7056952844612
2023-01-05 17:00:00,67.497196075032
2023-01-05 18:00:00,67.4971995845122
2023-01-05 19:00:00,67.4972018798195
2023-01-05 20:00:00,67.4972038476576
2023-01-05 21:00:00,67.4972025552761
2023-01-05 22:00:00,67.4971987619288
2023-01-05 23:00:00,67.4971850732476
2023-01-06 00:00:00,67.4971190973556
2023-01-06 01:00:00,67.4944879011514
2023-01-06 02:00:00,67.1637885030578
2023-01-06 03:00:00,64.778717048753
2023-01-06 04:00:00,67.1638987114206
2023-01-06 05:00:00,67.4971970959024
2023-01-06 06:00:00,67.4972011540671
2023-01-06 07:00:00,50.6158763265616
2023-01-06 08:00:00,39.8104415580106
2023-01-06 09:00:00,32.2268421544924
2023-01-06 10:00:00,32.2254205212292
2023-01-06 11:00:00,32.2251395487132
2023-01-06 12:00:00,32.2251194407176
2023-01-06 13:00:00,32.2251451409943
2023-01-06 14:00:00,32.2254019796322
2023-01-06 15:00:00,32.9193854552715
2023-01-06 16:00:00,50.6158021362662
2023-01-06 17:00:00,62.5139993918093
2023-01-06 18:00:00,62.5141953343348
2023-01-06 19:00:00,62.5142064741474
2023-01-06 20:00:00,62.5140433893136
2023-01-06 21:00:00,62.5140178409308
2023-01-06 22:00:00,62.507555875941
2023-01-06 23:00:00,50.6159422008094
2023-01-07 00:00:00,50.6158947029424
2023-01-07 01:00:00,50.615883436771
2023-01-07 02:00:00,50.6158765380831
2023-01-07 03:00:00,50.6158725881753
2023-01-07 04:00:00,50.6158685630052
2023-01-07 05:00:00,50.6158687473245
2023-01-07 06:00:00,50.6158735107308
2023-01-07 07:00:00,39.8113397159994
2023-01-07 08:00:00,34.9096893228997
2023-01-07 09:00:00,32.2264418177182
2023-01-07 10:00:00,32.2258543560535
2023-01-07 11:00:00,32.2258456134203
2023-01-07 12:00:00,32.2258401621733
2023-01-07 13:00:00,32.2258444372706
2023-01-07 14:00:00,32.2265344082721
2023-01-07 15:00:00,33.4038757139299
2023-01-07 16:00:00,41.4825254868353
2023-01-07 17:00:00,50.6158417653193
2023-01-07 18:00:00,50.6158518789932
2023-01-07 19:00:00,50.6158553359891
2023-01-07 20:00:00,50.6158545040017
2023-01-07 21:00:00,50.6158486499985
2023-01-07 22:00:00,50.6158300799005
2023-01-07 23:00:00,50.6157122266428
2023-01-08 00:00:00,40.9806766382162
2023-01-08 01:00:00,40.9785749601267
2023-01-08 02:00:00,40.9785121559766
2023-01-08 03:00:00,40.9785535198455
2023-01-08 04:00:00,40.9785714798846
2023-01-08 05:00:00,42.7052274564534
2023-01-08 06:00:00,50.6157779549267
2023-01-08 07:00:00,41.5967278659878
2023-01-08 08:00:00,41.5967116932287
2023-01-08 09:00:00,33.6720602806775
2023-01-08 10:00:00,33.6720496481925
2023-01-08 11:00:00,33.6720417837901
2023-01-08 12:00:00,33.6720394693645
2023-01-08 13:00:00,33.6720392313491
2023-01-08 14:00:00,33.6720544223223
2023-01-08 15:00:00,34.9109774624352
2023-01-08 16:00:00,44.5611798715177
2023-01-08 17:00:00,50.6157612504936
2023-01-08 18:00:00,50.6158427903726
2023-01-08 19:00:00,50.6158540919349
2023-01-08 20:00:00,50.6158594298533
2023-01-08 21:00:00,50.6158593566454
2023-01-08 22:00:00,50.615813844883
2023-01-08 23:00:00,50.6155888571065
2023-01-09 00:00:00,48.5724768817255
2023-01-09 01:00:00,48.5724306972878
2023-01-09 02:00:00,48.5724663367432
2023-01-09 03:00:00,48.5725466343635
2023-01-09 04:00:00,50.6154472111601
2023-01-09 05:00:00,50.6158227605616
2023-01-09 06:00:00,50.6158593105499
2023-01-09 07:00:00,40.978992456721
2023-01-09 08:00:00,39.8102507435806
2023-01-09 09:00:00,32.22670788799
2023-01-09 10:00:00,32.2250178622482
2023-01-09 11:00:00,32.2250132600305
2023-01-09 12:00:00,32.2250137537553
2023-01-09 13:00:00,32.2250168640419
2023-01-09 14:00:00,32.2250309473507
2023-01-09 15:00:00,32.2268128894941
2023-01-09 16:00:00,50.6158948297763
2023-01-09 17:00:00,67.4972025203417
2023-01-09 18:00:00,67.4972088041082
2023-01-09 19:00:00,67.4972105897597
2023-01-09 20:00:00,67.4972096019801
2023-01-09 21:00:00,67.4972042025728
2023-01-09 22:00:00,67.4971924116334
2023-01-09 23:00:00,67.497152112358
2023-01-10 00:00:00,67.4965919871326
2023-01-10 01:00:00,67.1638320123334
2023-01-10 02:00:00,64.7762174917498
2023-01-10 03:00:00,64.7759535161728
2023-01-10 04:00:00,64.7758895843245
2023-01-10 05:00:00,67.1638371155256
2023-01-10 06:00:00,67.4970793485981
2023-01-10 07:00:00,50.6158882610953
2023-01-10 08:00:00,39.810446718648
2023-01-10 09:00:00,33.6699414399189
2023-01-10 10:00:00,33.6699029745581
2023-01-10 11:00:00,33.6698848775488
2023-01-10 12:00:00,33.6698838077698
2023-01-10 13:00:00,33.6699093326859
2023-01-10 14:00:00,33.6699607339996
2023-01-10 15:00:00,33.6701325622201
2023-01-10 16:00:00,50.6159027454772
2023-01-10 17:00:00,67.4971877598018
2023-01-10 18:00:00,67.4971959449211
2023-01-10 19:00:00,67.4971959392372
2023-01-10 20:00:00,67.49719049524
2023-01-10 21:00:00,67.4971663504894
2023-01-10 22:00:00,67.49705716111
2023-01-10 23:00:00,67.1638958183145
2023-01-11 00:00:00,54.6525694918496
2023-01-11 01:00:00,54.6524053525713
2023-01-11 02:00:00,54.6523471631024
2023-01-11 03:00:00,54.6523500330152
2023-01-11 04:00:00,54.6523757129748
2023-01-11 05:00:00,56.9488171537573
2023-01-11 06:00:00,67.4971194705553
2023-01-11 07:00:00,50.6158862746887
2023-01-11 08:00:00,39.8102700722487
2023-01-11 09:00:00,32.225098756718
2023-01-11 10:00:00,32.2250034571485
2023-01-11 11:00:00,32.2249967487569
2023-01-11 12:00:00,32.2249939802434
2023-01-11 13:00:00,32.2249969220568
2023-01-11 14:00:00,32.2250160687672
2023-01-11 15:00:00,33.3893971095302
2023-01-11 16:00:00,50.6158832011278
2023-01-11 17:00:00,67.497200224355
2023-01-11 18:00:00,67.4972048577817
2023-01-11 19:00:00,67.4972048884724
2023-01-11 20:00:00,67.4972047574224
2023-01-11 21:00:00,67.4972014360387
2023-01-11 22:00:00,67.4971918929381
2023-01-11 23:00:00,67.4971663294843
2023-01-12 00:00:00,67.4968535189329
2023-01-12 01:00:00,67.163877711224
2023-01-12 02:00:00,67.1632582119711
2023-01-12 03:00:00,64.7782898989882
2023-01-12 04:00:00,64.7782427874486
2023-01-12 05:00:00,66.1678924658904
2023-01-12 06:00:00,67.4970569444552
2023-01-12 07:00:00,50.6157677102343
2023-01-12 08:00:00,32.2270972657244
2023-01-12 09:00:00,25.633100933893
2023-01-12 10:00:00,25.4038993496873
2023-01-12 11:00:00,25.4038728221827
2023-01-12 12:00:00,25.4038714818882
2023-01-12 13:00:00,25.4038837703366
2023-01-12 14:00:00,25.4039326530446
2023-01-12 15:00:00,32.2249340250327
2023-01-12 16:00:00,50.6158535389982
2023-01-12 17:00:00,67.4959192340115
2023-01-12 18:00:00,67.4959379293101
2023-01-12 19:00:00,67.4959392990031
2023-01-12 20:00:00,67.4959400959973
2023-01-12 21:00:00,67.4959314395594
2023-01-12 22:00:00,67.4958985326608
2023-01-12 23:00:00,67.4955939732352
2023-01-13 00:00:00,67.1637952084038
2023-01-13 01:00:00,54.651315475191
2023-01-13 02:00:00,54.651263709934
2023-01-13 03:00:00,54.6506842275456
2023-01-13 04:00:00,54.6505586853521
2023-01-13 05:00:00,54.6512819618114
2023-01-13 06:00:00,54.6513746385169
2023-01-13 07:00:00,39.0062076353059
2023-01-13 08:00:00,32.2252403969416
2023-01-13 09:00:00,24.3731834440606
2023-01-13 10:00:00,24.3726189373592
2023-01-13 11:00:00,24.3726082206845
2023-01-13 12:00:00,24.3726035531473
2023-01-13 13:00:00,24.3726015807274
2023-01-13 14:00:00,24.3726213027818
2023-01-13 15:00:00,30.0952372810315
2023-01-13 16:00:00,50.6157701517761
2023-01-13 17:00:00,67.4971524726616
2023-01-13 18:00:00,67.4971795270681
2023-01-13 19:00:00,67.4971878947548
2023-01-13 20:00:00,67.4971916180448
2023-01-13 21:00:00,67.4971890996297
2023-01-13 22:00:00,67.4971690245706
2023-01-13 23:00:00,67.4970397843047
2023-01-14 00:00:00,67.1638787275546
2023-01-14 01:00:00,54.6524712188602
2023-01-14 02:00:00,54.652355073786
2023-01-14 03:00:00,54.6523222177509
2023-01-14 04:00:00,54.6523006918048
2023-01-14 05:00:00,54.652390256155
2023-01-14 06:00:00,67.4952577356786
2023-01-14 07:00:00,50.6158743326782
2023-01-14 08:00:00,33.2154554407333
2023-01-14 09:00:00,32.2269542116529
2023-01-14 10:00:00,32.2267740342919
2023-01-14 11:00:00,26.8841308756677
2023-01-14 12:00:00,26.8832721686217
2023-01-14 13:00:00,26.8832421473122
2023-01-14 14:00:00,26.8833012475072
2023-01-14 15:00:00,32.2236437893702
2023-01-14 16:00:00,50.6158596317036
2023-01-14 17:00:00,62.5149224764302
2023-01-14 18:00:00,62.5149325310368
2023-01-14 19:00:00,62.514931256232
2023-01-14 20:00:00,62.5149265202529
2023-01-14 21:00:00,62.5149177998444
2023-01-14 22:00:00,62.5148802343985
2023-01-14 23:00:00,50.6167762083532
2023-01-15 00:00:00,50.6159636800948
2023-01-15 01:00:00,50.615910239369
2023-01-15 02:00:00,50.6159045882233
2023-01-15 03:00:00,50.6159051309842
2023-01-15 04:00:00,50.6159066732793
2023-01-15 05:00:00,50.6166937797495
2023-01-15 06:00:00,51.7027681615696
2023-01-15 07:00:00,48.185706101844
2023-01-15 08:00:00,39.8097484547241
2023-01-15 09:00:00,32.2256131895413
2023-01-15 10:00:00,32.2246737640356
2023-01-15 11:00:00,32.2246341950824
2023-01-15 12:00:00,32.2245893102326
2023-01-15 13:00:00,32.2244983026254
2023-01-15 14:00:00,32.2246246475972
2023-01-15 15:00:00,32.2255718361009
2023-01-15 16:00:00,49.9055010123077
2023-01-15 17:00:00,61.6374036749144
2023-01-15 18:00:00,61.6374405860651
2023-01-15 19:00:00,61.6374396091731
2023-01-15 20:00:00,61.6374001350874
2023-01-15 21:00:00,61.6357248458452
2023-01-15 22:00:00,61.6346221492941
2023-01-15 23:00:00,50.6158665830253
2023-01-16 00:00:00,50.6154508338029
2023-01-16 01:00:00,49.9059234591168
2023-01-16 02:00:00,49.9057970486279
2023-01-16 03:00:00,49.9055949832942
2023-01-16 04:00:00,49.9057586886374
2023-01-16 05:00:00,50.6158490287818
2023-01-16 06:00:00,50.6159481204171
2023-01-16 07:00:00,52.0045087829315
2023-01-16 08:00:00,49.2341678455919
2023-01-16 09:00:00,42.8404404559481
2023-01-16 10:00:00,42.8404269912571
2023-01-16 11:00:00,42.8404229999489
2023-01-16 12:00:00,42.8404218426391
2023-01-16 13:00:00,42.8404272468785
2023-01-16 14:00:00,42.8406040696362
2023-01-16 15:00:00,50.615828287773
2023-01-16 16:00:00,56.3730126525009
2023-01-16 17:00:00,67.1646640379316
2023-01-16 18:00:00,67.4971595225928
2023-01-16 19:00:00,67.4971965208833
2023-01-16 20:00:00,67.4971889037652
2023-01-16 21:00:00,67.2727267226546
2023-01-16 22:00:00,67.1643585826555
2023-01-16 23:00:00,63.8737103768494
2023-01-17 00:00:00,59.6945459317725
2023-01-17 01:00:00,59.6944986709127
2023-01-17 02:00:00,59.694475538463
2023-01-17 03:00:00,59.6938515900566
2023-01-17 04:00:00,59.6945019165899
2023-01-17 05:00:00,62.9559401238529
2023-01-17 06:00:00,64.306632446307
2023-01-17 07:00:00,60.1484462704759
2023-01-17 08:00:00,60.1483643528135
2023-01-17 09:00:00,48.6990662394172
2023-01-17 10:00:00,48.6989185319943
2023-01-17 11:00:00,48.6989161588161
2023-01-17 12:00:00,48.6989164057949
2023-01-17 13:00:00,48.6989188027965
2023-01-17 14:00:00,48.69892984849
2023-01-17 15:00:00,50.6158009263445
2023-01-17 16:00:00,60.4920177330003
2023-01-17 17:00:00,66.1887453036835
2023-01-17 18:00:00,66.1884169681216
2023-01-17 19:00:00,66.1884221842112
2023-01-17 20:00:00,66.1884630342782
2023-01-17 21:00:00,66.0707308934252
2023-01-17 22:00:00,62.3609927129968
2023-01-17 23:00:00,62.3607761257699
2023-01-18 00:00:00,62.3604862132216
2023-01-18 01:00:00,60.4921651627169
2023-01-18 02:00:00,60.4920788552372
2023-01-18 03:00:00,60.4920690213571
2023-01-18 04:00:00,67.4969618608803
2023-01-18 05:00:00,67.4972074810628
2023-01-18 06:00:00,67.4972158594869
2023-01-18 07:00:00,65.1823857525066
2023-01-18 08:00:00,62.5135153644699
2023-01-18 09:00:00,50.6148790980373
2023-01-18 10:00:00,50.6146463896571
2023-01-18 11:00:00,50.6146417586864
2023-01-18 12:00:00,50.6146408279158
2023-01-18 13:00:00,50.6146443823429
2023-01-18 14:00:00,50.6146553649275
2023-01-18 15:00:00,51.474698448801
2023-01-18 16:00:00,62.3608575735161
2023-01-18 17:00:00,67.1386742154156
2023-01-18 18:00:00,67.4972074922998
2023-01-18 19:00:00,66.5444526810009
2023-01-18 20:00:00,65.3057914444202
2023-01-18 21:00:00,65.3056720599553
2023-01-18 22:00:00,65.3056983244851
2023-01-18 23:00:00,65.3056817264362
2023-01-19 00:00:00,65.3056826181506
2023-01-19 01:00:00,65.3056826612972
2023-01-19 02:00:00,65.3056763744452
2023-01-19 03:00:00,65.3056733581021
2023-01-19 04:00:00,67.4972056798107
2023-01-19 05:00:00,67.4972724532278
2023-01-19 06:00:00,68.9454486421925
2023-01-19 07:00:00,67.497208795385
2023-01-19 08:00:00,62.5149698345655
2023-01-19 09:00:00,50.6158606214438
2023-01-19 10:00:00,50.6158330670133
2023-01-19 11:00:00,50.6158315568128
2023-01-19 12:00:00,50.6158317261241
2023-01-19 13:00:00,50.615835459219
2023-01-19 14:00:00,50.6158638027938
2023-01-19 15:00:00,51.7180058558462
2023-01-19 16:00:00,67.4971996423667
2023-01-19 17:00:00,67.4977737199951
2023-01-19 18:00:00,67.4979578156513
2023-01-19 19:00:00,67.4978365293675
2023-01-19 20:00:00,67.4972782827911
2023-01-19 21:00:00,67.4972282766882
2023-01-19 22:00:00,67.4972303537835
2023-01-19 23:00:00,67.49722332763
2023-01-20 00:00:00,67.497224697841
2023-01-20 01:00:00,67.4972239218254
2023-01-20 02:00:00,67.4972250302144
2023-01-20 03:00:00,67.4972272562
2023-01-20 04:00:00,67.4972292577237
2023-01-20 05:00:00,67.4972352040422
2023-01-20 06:00:00,67.4972523894804
2023-01-20 07:00:00,67.4972136031927
2023-01-20 08:00:00,67.4971821037544
2023-01-20 09:00:00,54.6514422964954
2023-01-20 10:00:00,54.6514226411207
2023-01-20 11:00:00,54.6514194947756
2023-01-20 12:00:00,54.6514197940443
2023-01-20 13:00:00,54.6514232862124
2023-01-20 14:00:00,54.6514377966744
2023-01-20 15:00:00,67.4971838796394
2023-01-20 16:00:00,67.4974325145804
2023-01-20 17:00:00,99.5249545850853
2023-01-20 18:00:00,99.5270802023602
2023-01-20 19:00:00,99.5270279722899
2023-01-20 20:00:00,88.7047964472516
2023-01-20 21:00:00,88.3389067961714
2023-01-20 22:00:00,88.3388577930952
2023-01-20 23:00:00,81.7793233159873
2023-01-21 00:00:00,80.5964344184759
2023-01-21 01:00:00,80.5963100658993
2023-01-21 02:00:00,80.596299199214
2023-01-21 03:00:00,80.5962977433195
2023-01-21 04:00:00,92.3356585215381
2023-01-21 05:00:00,99.5248857249003
2023-01-21 06:00:00,99.5270943558259
2023-01-21 07:00:00,67.4972559198983
2023-01-21 08:00:00,67.4971944661912
2023-01-21 09:00:00,50.6161871673809
2023-01-21 10:00:00,50.6158983629062
2023-01-21 11:00:00,50.6158951895488
2023-01-21 12:00:00,50.6158952984836
2023-01-21 13:00:00,50.6158983437845
2023-01-21 14:00:00,50.6159048448625
2023-01-21 15:00:00,50.6159437364217
2023-01-21 16:00:00,67.4972203828158
2023-01-21 17:00:00,89.2975508256676
2023-01-21 18:00:00,91.213268831441
2023-01-21 19:00:00,89.2970125355705
2023-01-21 20:00:00,76.6624011618169
2023-01-21 21:00:00,76.6624074948249
2023-01-21 22:00:00,78.5261892486304
2023-01-21 23:00:00,76.6752915691635
2023-01-22 00:00:00,76.6624412947949
2023-01-22 01:00:00,76.6623842795352
2023-01-22 02:00:00,76.6623612775864
2023-01-22 03:00:00,76.6624110715701
2023-01-22 04:00:00,80.9574072338854
2023-01-22 05:00:00,91.155648595796
2023-01-22 06:00:00,93.1094027373196
2023-01-22 07:00:00,67.4973913754385
2023-01-22 08:00:00,67.4972099288214
2023-01-22 09:00:00,39.8127366949749
2023-01-22 10:00:00,32.2270169938928
2023-01-22 11:00:00,32.2270124146092
2023-01-22 12:00:00,32.2270134299956
2023-01-22 13:00:00,32.2270175701106
2023-01-22 14:00:00,32.2270351243247
2023-01-22 15:00:00,50.6158458537723
2023-01-22 16:00:00,67.4972353633819
2023-01-22 17:00:00,140.087739626071
2023-01-22 18:00:00,140.088382796859
2023-01-22 19:00:00,140.086034201364
2023-01-22 20:00:00,136.838570718566
2023-01-22 21:00:00,113.548046537722
2023-01-22 22:00:00,113.548102808365
2023-01-22 23:00:00,113.548077702797
2023-01-23 00:00:00,113.548066901256
2023-01-23 01:00:00,113.548053648464
2023-01-23 02:00:00,113.54805204067
2023-01-23 03:00:00,113.548071061744
2023-01-23 04:00:00,135.375606227823
2023-01-23 05:00:00,139.880505103691
2023-01-23 06:00:00,140.209186941344
2023-01-23 07:00:00,135.380900871573
2023-01-23 08:00:00,67.4972360737066
2023-01-23 09:00:00,62.5138149053148
2023-01-23 10:00:00,50.6159084777955
2023-01-23 11:00:00,50.6159047224463
2023-01-23 12:00:00,50.6159035162323
2023-01-23 13:00:00,50.615905614322
2023-01-23 14:00:00,50.615917929095
2023-01-23 15:00:00,67.4971634675112
2023-01-23 16:00:00,125.703705775929
2023-01-23 17:00:00,135.989859251557
2023-01-23 18:00:00,132.981754061151
2023-01-23 19:00:00,125.703757537241
2023-01-23 20:00:00,109.637600494883
2023-01-23 21:00:00,109.638066994763
2023-01-23 22:00:00,114.525026312728
2023-01-23 23:00:00,114.525136106241
2023-01-24 00:00:00,114.525188051104
2023-01-24 01:00:00,114.52518532864
2023-01-24 02:00:00,114.525183315335
2023-01-24 03:00:00,114.525186396026
2023-01-24 04:00:00,117.635126753177
2023-01-24 05:00:00,121.661611697244
2023-01-24 06:00:00,124.271349912454
2023-01-24 07:00:00,109.751281566728
2023-01-24 08:00:00,83.356212087798
2023-01-24 09:00:00,67.4972213532872
2023-01-24 10:00:00,67.4971923764375
2023-01-24 11:00:00,67.4971851875112
2023-01-24 12:00:00,67.497184393088
2023-01-24 13:00:00,67.4971881082237
2023-01-24 14:00:00,67.4971984680376
2023-01-24 15:00:00,67.4972234536785
2023-01-24 16:00:00,114.222708601638
2023-01-24 17:00:00,123.644457321182
2023-01-24 18:00:00,123.644442144647
2023-01-24 19:00:00,120.806879813573
2023-01-24 20:00:00,114.525017441605
2023-01-24 21:00:00,114.524459094322
2023-01-24 22:00:00,110.086123908128
2023-01-24 23:00:00,110.086065353073
2023-01-25 00:00:00,110.086045243526
2023-01-25 01:00:00,110.085981242446
2023-01-25 02:00:00,110.085948040558
2023-01-25 03:00:00,110.085925962265
2023-01-25 04:00:00,125.247793656452
2023-01-25 05:00:00,131.305655771263
2023-01-25 06:00:00,133.730207790012
2023-01-25 07:00:00,105.385280278779
2023-01-25 08:00:00,67.4972613883096
2023-01-25 09:00:00,62.5150648065708
2023-01-25 10:00:00,50.6159325183991
2023-01-25 11:00:00,50.615928736528
2023-01-25 12:00:00,50.6159280596215
2023-01-25 13:00:00,50.6159300272997
2023-01-25 14:00:00,50.6159427831452
2023-01-25 15:00:00,67.4971497932997
2023-01-25 16:00:00,85.3411203865359
2023-01-25 17:00:00,95.9065829692314
2023-01-25 18:00:00,95.906564101888
2023-01-25 19:00:00,93.1420227250067
2023-01-25 20:00:00,91.7235737559028
2023-01-25 21:00:00,92.3963429850758
2023-01-25 22:00:00,87.6132398841565
2023-01-25 23:00:00,85.3410921424264
2023-01-26 00:00:00,85.3410816293161
2023-01-26 01:00:00,85.3410800199573
2023-01-26 02:00:00,85.3410790723209
2023-01-26 03:00:00,85.341082303545
2023-01-26 04:00:00,89.1480244551212
2023-01-26 05:00:00,91.0602902666373
2023-01-26 06:00:00,89.1495229659823
2023-01-26 07:00:00,75.0948866320853
2023-01-26 08:00:00,67.4972244160469
2023-01-26 09:00:00,60.8058497682027
2023-01-26 10:00:00,60.8055539814203
2023-01-26 11:00:00,60.8055487504212
2023-01-26 12:00:00,60.8055491636125
2023-01-26 13:00:00,60.8055513880531
2023-01-26 14:00:00,60.8055629814354
2023-01-26 15:00:00,60.8059038733565
2023-01-26 16:00:00,67.1641706719876
2023-01-26 17:00:00,67.4972320536989
2023-01-26 18:00:00,67.4972304065322
2023-01-26 19:00:00,67.4972257644256
2023-01-26 20:00:00,67.4972148173659
2023-01-26 21:00:00,67.4972174620389
2023-01-26 22:00:00,67.4972169731416
2023-01-26 23:00:00,67.4972021680144
2023-01-27 00:00:00,67.4971518520792
2023-01-27 01:00:00,67.4168342783859
2023-01-27 02:00:00,67.4166507869779
2023-01-27 03:00:00,67.4160926942369
2023-01-27 04:00:00,67.4971650477176
2023-01-27 05:00:00,67.4972293068799
2023-01-27 06:00:00,67.4972251313525
2023-01-27 07:00:00,67.1642471977596
2023-01-27 08:00:00,61.776497242521
2023-01-27 09:00:00,50.6158356993401
2023-01-27 10:00:00,49.5518854782055
2023-01-27 11:00:00,49.5518808671511
2023-01-27 12:00:00,49.5518789552157
2023-01-27 13:00:00,49.5518819916254
2023-01-27 14:00:00,49.5518989279723
2023-01-27 15:00:00,50.615856122466
2023-01-27 16:00:00,67.4972198216008
2023-01-27 17:00:00,82.4990177297315
2023-01-27 18:00:00,82.499380175735
2023-01-27 19:00:00,81.7107252539608
2023-01-27 20:00:00,80.9297555493883
2023-01-27 21:00:00,81.7331193313544
2023-01-27 22:00:00,82.5008102457554
2023-01-27 23:00:00,81.2166313405733
2023-01-28 00:00:00,78.0909486071001
2023-01-28 01:00:00,78.0901923272687
2023-01-28 02:00:00,78.0900937852899
2023-01-28 03:00:00,78.0900939422083
2023-01-28 04:00:00,91.8351808357073
2023-01-28 05:00:00,93.8053015397404
2023-01-28 06:00:00,95.5418971709223
2023-01-28 07:00:00,85.9323943818984
2023-01-28 08:00:00,67.4972227444804
2023-01-28 09:00:00,50.6158934572479
2023-01-28 10:00:00,50.6152871859242
2023-01-28 11:00:00,50.6152804912205
2023-01-28 12:00:00,50.6152796308767
2023-01-28 13:00:00,50.6152823176826
2023-01-28 14:00:00,50.6152935279742
2023-01-28 15:00:00,50.6158965756956
2023-01-28 16:00:00,67.4972283828538
2023-01-28 17:00:00,92.7397935955281
2023-01-28 18:00:00,92.7379166826945
2023-01-28 19:00:00,91.8374401034773
2023-01-28 20:00:00,90.332892478917
2023-01-28 21:00:00,86.2265520650318
2023-01-28 22:00:00,81.6848453066307
2023-01-28 23:00:00,76.1719512668053
2023-01-29 00:00:00,76.171948781409
2023-01-29 01:00:00,76.1719498373586
2023-01-29 02:00:00,76.1719522438396
2023-01-29 03:00:00,76.1719767701291
2023-01-29 04:00:00,86.181696389883
2023-01-29 05:00:00,88.4225811149314
2023-01-29 06:00:00,90.3186231824475
2023-01-29 07:00:00,50.7478025576827
2023-01-29 08:00:00,43.4537230556623
2023-01-29 09:00:00,33.6707601752327
2023-01-29 10:00:00,32.2267927139964
2023-01-29 11:00:00,32.2267866242313
2023-01-29 12:00:00,32.2267877578996
2023-01-29 13:00:00,32.2267935114988
2023-01-29 14:00:00,32.2268166435633
2023-01-29 15:00:00,35.3361998646827
2023-01-29 16:00:00,50.6158787979765
2023-01-29 17:00:00,67.4972342043213
2023-01-29 18:00:00,67.4972333535124
2023-01-29 19:00:00,67.4972320868604
2023-01-29 20:00:00,67.4972316823926
2023-01-29 21:00:00,67.4972309105592
2023-01-29 22:00:00,67.4972296589901
2023-01-29 23:00:00,67.4972298815517
2023-01-30 00:00:00,67.4972300087236
2023-01-30 01:00:00,67.4972303776431
2023-01-30 02:00:00,67.4972306550864
2023-01-30 03:00:00,67.4972309714044
2023-01-30 04:00:00,67.4972329336285
2023-01-30 05:00:00,67.4972331289667
2023-01-30 06:00:00,67.4972333003785
2023-01-30 07:00:00,67.4972102755012
2023-01-30 08:00:00,50.6158750923437
2023-01-30 09:00:00,31.0901167440023
2023-01-30 10:00:00,31.0899234314784
2023-01-30 11:00:00,31.0899153237084
2023-01-30 12:00:00,31.0899176350585
2023-01-30 13:00:00,31.0899238063451
2023-01-30 14:00:00,31.0899479726689
2023-01-30 15:00:00,32.2271453280897
2023-01-30 16:00:00,50.615843755795
2023-01-30 17:00:00,67.4972361245852
2023-01-30 18:00:00,67.4972360053334
2023-01-30 19:00:00,67.4972347975687
2023-01-30 20:00:00,67.4972339335072
2023-01-30 21:00:00,67.4972305345417
2023-01-30 22:00:00,67.4972218852727
2023-01-30 23:00:00,67.4972133802267
2023-01-31 00:00:00,67.4972068749137
2023-01-31 01:00:00,67.4972037500006
2023-01-31 02:00:00,67.4972033612925
2023-01-31 03:00:00,67.4972036665487
2023-01-31 04:00:00,67.4972317536645
2023-01-31 05:00:00,67.4972344193945
2023-01-31 06:00:00,67.4972347959527
2023-01-31 07:00:00,67.1638283522514
2023-01-31 08:00:00,33.6701342211684
2023-01-31 09:00:00,29.5022333027578
2023-01-31 10:00:00,27.2514957608235
2023-01-31 11:00:00,27.2514713809794
2023-01-31 12:00:00,27.2514674744842
2023-01-31 13:00:00,27.2514746101207
2023-01-31 14:00:00,27.2515090058948
2023-01-31 15:00:00,32.2250831464484
2023-01-31 16:00:00,33.672842627468
2023-01-31 17:00:00,67.4972356942527
2023-01-31 18:00:00,67.4972370566528
2023-01-31 19:00:00,67.4972362750545
2023-01-31 20:00:00,67.4972360809612
2023-01-31 21:00:00,67.4972307244006
2023-01-31 22:00:00,67.4972194778186
2023-01-31 23:00:00,67.4972066230657
2023-02-01 00:00:00,67.4971602725629
2023-02-01 01:00:00,67.4965810394716
2023-02-01 02:00:00,67.4903719698446
2023-02-01 03:00:00,67.490168108935
2023-02-01 04:00:00,67.4972166741248
2023-02-01 05:00:00,67.4972367013831
2023-02-01 06:00:00,67.4972370788475
2023-02-01 07:00:00,50.6159457004632
2023-02-01 08:00:00,39.8109172042339
2023-02-01 09:00:00,32.2268736115917
2023-02-01 10:00:00,32.2263734237987
2023-02-01 11:00:00,32.2262475282954
2023-02-01 12:00:00,27.1168616215245
2023-02-01 13:00:00,27.1160577233786
2023-02-01 14:00:00,32.2262835527625
2023-02-01 15:00:00,32.2265463094022
2023-02-01 16:00:00,34.3684950253087
2023-02-01 17:00:00,67.4972248254959
2023-02-01 18:00:00,67.4972374799691
2023-02-01 19:00:00,67.4972367119675
2023-02-01 20:00:00,67.4972342774224
2023-02-01 21:00:00,67.4972275899372
2023-02-01 22:00:00,67.4972167848942
2023-02-01 23:00:00,67.4972032888442
2023-02-02 00:00:00,67.4971584259135
2023-02-02 01:00:00,67.4969847803466
2023-02-02 02:00:00,67.1644102232763
2023-02-02 03:00:00,67.1642023230613
2023-02-02 04:00:00,67.4971701698189
2023-02-02 05:00:00,67.4972336158616
2023-02-02 06:00:00,67.4972345649902
2023-02-02 07:00:00,50.6159345581866
2023-02-02 08:00:00,38.1048893319951
2023-02-02 09:00:00,32.2250498671938
2023-02-02 10:00:00,30.8437058109614
2023-02-02 11:00:00,30.8436966274367
2023-02-02 12:00:00,30.8436948238074
2023-02-02 13:00:00,30.843701465457
2023-02-02 14:00:00,30.8437306085263
2023-02-02 15:00:00,32.2250348525532
2023-02-02 16:00:00,48.7940824858531
2023-02-02 17:00:00,67.4971934929774
2023-02-02 18:00:00,67.4972352512607
2023-02-02 19:00:00,67.4972357243253
2023-02-02 20:00:00,67.4972322258959
2023-02-02 21:00:00,67.4972247533445
2023-02-02 22:00:00,67.4972208353561
2023-02-02 23:00:00,67.4972124257314
2023-02-03 00:00:00,67.4971953278673
2023-02-03 01:00:00,67.4971396852817
2023-02-03 02:00:00,67.4969556926888
2023-02-03 03:00:00,67.1644086335009
2023-02-03 04:00:00,67.4898002119162
2023-02-03 05:00:00,67.4972158151224
2023-02-03 06:00:00,67.4972209169484
2023-02-03 07:00:00,50.6159206386838
2023-02-03 08:00:00,34.7302446647954
2023-02-03 09:00:00,29.3746711964181
2023-02-03 10:00:00,28.1110896942861
2023-02-03 11:00:00,28.1110842741205
2023-02-03 12:00:00,28.1110847401401
2023-02-03 13:00:00,28.1111053558802
2023-02-03 14:00:00,28.1111452740041
2023-02-03 15:00:00,32.2249950490779
2023-02-03 16:00:00,50.6158466975997
2023-02-03 17:00:00,67.4971569895852
2023-02-03 18:00:00,67.4972243464609
2023-02-03 19:00:00,67.497225915125
2023-02-03 20:00:00,67.4972237143256
2023-02-03 21:00:00,67.4972229534782
2023-02-03 22:00:00,67.4972181839892
2023-02-03 23:00:00,67.4972241564544
2023-02-04 00:00:00,67.497231153756
2023-02-04 01:00:00,67.4972293830893
2023-02-04 02:00:00,67.4972283086893
2023-02-04 03:00:00,67.4972273230712
2023-02-04 04:00:00,67.4972575909519
2023-02-04 05:00:00,69.8879372752067
2023-02-04 06:00:00,70.2264981499597
2023-02-04 07:00:00,67.4973727279359
2023-02-04 08:00:00,58.6027192992696
2023-02-04 09:00:00,34.2727224127191
2023-02-04 10:00:00,32.2268287276858
2023-02-04 11:00:00,32.2267633564702
2023-02-04 12:00:00,32.2267387237408
2023-02-04 13:00:00,32.2267649180404
2023-02-04 14:00:00,32.2268572440563
2023-02-04 15:00:00,35.5231584311724
2023-02-04 16:00:00,67.4972118377551
2023-02-04 17:00:00,71.9991668058775
2023-02-04 18:00:00,71.9991787194418
2023-02-04 19:00:00,71.9988140475196
2023-02-04 20:00:00,71.9985828149685
2023-02-04 21:00:00,70.2270740947993
2023-02-04 22:00:00,67.7603856099129
2023-02-04 23:00:00,67.4972437075601
2023-02-05 00:00:00,67.4972362792664
2023-02-05 01:00:00,67.4972248893263
2023-02-05 02:00:00,67.4972226727012
2023-02-05 03:00:00,67.4972158428421
2023-02-05 04:00:00,67.4972056379922
2023-02-05 05:00:00,67.4972176008632
2023-02-05 06:00:00,67.4972305665426
2023-02-05 07:00:00,62.3607008086796
2023-02-05 08:00:00,50.324150419773
2023-02-05 09:00:00,32.2273233780014
2023-02-05 10:00:00,32.225165271136
2023-02-05 11:00:00,32.2251578653206
2023-02-05 12:00:00,32.2251578812929
2023-02-05 13:00:00,32.2251621830674
2023-02-05 14:00:00,32.2251875676321
2023-02-05 15:00:00,32.2275514925143
2023-02-05 16:00:00,67.4972159632854
2023-02-05 17:00:00,77.7216899686331
2023-02-05 18:00:00,78.4591226526173
2023-02-05 19:00:00,80.9937378690075
2023-02-05 20:00:00,78.4622663265513
2023-02-05 21:00:00,75.5101006265337
2023-02-05 22:00:00,76.5215792738298
2023-02-05 23:00:00,75.9098963086163
2023-02-06 00:00:00,75.3025775365582
2023-02-06 01:00:00,75.3020793853675
2023-02-06 02:00:00,74.4950349669855
2023-02-06 03:00:00,74.4944137705048
2023-02-06 04:00:00,83.1375318581311
2023-02-06 05:00:00,91.403068778677
2023-02-06 06:00:00,91.9937176534571
2023-02-06 07:00:00,85.9324497855778
2023-02-06 08:00:00,67.4972132380178
2023-02-06 09:00:00,50.6158541816789
2023-02-06 10:00:00,50.6158054259977
2023-02-06 11:00:00,50.6158020647459
2023-02-06 12:00:00,50.6158018830598
2023-02-06 13:00:00,50.6158031205542
2023-02-06 14:00:00,50.6158105707817
2023-02-06 15:00:00,50.6159175798313
2023-02-06 16:00:00,67.4972186797361
2023-02-06 17:00:00,114.018056569288
2023-02-06 18:00:00,114.018108953454
2023-02-06 19:00:00,114.017369737951
2023-02-06 20:00:00,107.977990758015
2023-02-06 21:00:00,92.3357250276034
2023-02-06 22:00:00,92.3357034401187
2023-02-06 23:00:00,92.3354590665587
2023-02-07 00:00:00,92.3340022395674
2023-02-07 01:00:00,92.3336857065489
2023-02-07 02:00:00,92.3336357461058
2023-02-07 03:00:00,92.3336381623278
2023-02-07 04:00:00,107.978623955525
2023-02-07 05:00:00,114.018370453743
2023-02-07 06:00:00,114.01843162777
2023-02-07 07:00:00,83.3561525720406
2023-02-07 08:00:00,67.4972768466173
2023-02-07 09:00:00,67.4971939719141
2023-02-07 10:00:00,67.4971529289427
2023-02-07 11:00:00,67.497149247543
2023-02-07 12:00:00,67.4971503172943
2023-02-07 13:00:00,67.4971548461471
2023-02-07 14:00:00,67.4971740462663
2023-02-07 15:00:00,67.4973270296697
2023-02-07 16:00:00,124.198905594836
2023-02-07 17:00:00,136.435873355401
2023-02-07 18:00:00,139.362021904822
2023-02-07 19:00:00,139.362020784122
2023-02-07 20:00:00,130.694502738377
2023-02-07 21:00:00,112.862065517698
2023-02-07 22:00:00,112.862609749004
2023-02-07 23:00:00,112.861982172785
2023-02-08 00:00:00,112.861977779466
2023-02-08 01:00:00,112.861976858879
2023-02-08 02:00:00,112.861977727928
2023-02-08 03:00:00,112.861983484596
2023-02-08 04:00:00,136.435510139534
2023-02-08 05:00:00,139.362219817604
2023-02-08 06:00:00,139.362241737376
2023-02-08 07:00:00,67.4972551550975
2023-02-08 08:00:00,63.5775110228749
2023-02-08 09:00:00,51.4764817980837
2023-02-08 10:00:00,51.4764732969814
2023-02-08 11:00:00,51.4764721440408
2023-02-08 12:00:00,51.4764733168937
2023-02-08 13:00:00,51.4764771076898
2023-02-08 14:00:00,51.4764992072926
2023-02-08 15:00:00,53.8262679550258
2023-02-08 16:00:00,67.497203499682
2023-02-08 17:00:00,68.8993602985652
2023-02-08 18:00:00,70.4196574372249
2023-02-08 19:00:00,67.4972394582547
2023-02-08 20:00:00,67.4972274872664
2023-02-08 21:00:00,67.4972313780768
2023-02-08 22:00:00,67.4972310282049
2023-02-08 23:00:00,67.4972281945024
2023-02-09 00:00:00,67.4972258849092
2023-02-09 01:00:00,67.4972213405433
2023-02-09 02:00:00,67.4972154754232
2023-02-09 03:00:00,67.4972066437901
2023-02-09 04:00:00,67.4972331076329
2023-02-09 05:00:00,68.940911359556
2023-02-09 06:00:00,70.4196789978262
2023-02-09 07:00:00,65.144689583904
2023-02-09 08:00:00,58.7963390719444
2023-02-09 09:00:00,48.3315667492264
2023-02-09 10:00:00,48.3315361011712
2023-02-09 11:00:00,48.3315330568816
2023-02-09 12:00:00,48.3315326435986
2023-02-09 13:00:00,48.3315350239301
2023-02-09 14:00:00,48.3315805629789
2023-02-09 15:00:00,50.6158513540393
2023-02-09 16:00:00,64.5739408132431
2023-02-09 17:00:00,67.4972440338091
2023-02-09 18:00:00,68.9453309147277
2023-02-09 19:00:00,68.9463476817101
2023-02-09 20:00:00,67.4979536046497
2023-02-09 21:00:00,67.4974132400903
2023-02-09 22:00:00,67.4972879377175
2023-02-09 23:00:00,67.4972352842458
2023-02-10 00:00:00,67.4972259069372
2023-02-10 01:00:00,67.4972230878397
2023-02-10 02:00:00,67.4972210288791
2023-02-10 03:00:00,67.4972185234496
2023-02-10 04:00:00,67.4972230019978
2023-02-10 05:00:00,67.4972295371696
2023-02-10 06:00:00,67.4972336549856
2023-02-10 07:00:00,50.6158880405925
2023-02-10 08:00:00,38.5117053392144
2023-02-10 09:00:00,32.2250054138282
2023-02-10 10:00:00,31.1742143277842
2023-02-10 11:00:00,31.1742063431237
2023-02-10 12:00:00,31.1742056475951
2023-02-10 13:00:00,31.174208277458
2023-02-10 14:00:00,31.174223587101
2023-02-10 15:00:00,32.2249759276895
2023-02-10 16:00:00,50.6159158637315
2023-02-10 17:00:00,66.0797549012803
2023-02-10 18:00:00,67.4972157764562
2023-02-10 19:00:00,67.4972194369984
2023-02-10 20:00:00,67.4972041322873
2023-02-10 21:00:00,67.4971801056856
2023-02-10 22:00:00,67.4971832958107
2023-02-10 23:00:00,67.4949557581205
2023-02-11 00:00:00,67.16432394014
2023-02-11 01:00:00,65.1447023227421
2023-02-11 02:00:00,64.6407178633205
2023-02-11 03:00:00,63.0415760406126
2023-02-11 04:00:00,66.0796610152965
2023-02-11 05:00:00,67.4971477741405
2023-02-11 06:00:00,67.4972121406843
2023-02-11 07:00:00,50.6158893894538
2023-02-11 08:00:00,41.4644409376059
2023-02-11 09:00:00,37.5441258943694
2023-02-11 10:00:00,33.5648757507154
2023-02-11 11:00:00,33.5648711742682
2023-02-11 12:00:00,33.5648726071038
2023-02-11 13:00:00,33.5648779853819
2023-02-11 14:00:00,33.5649001359291
2023-02-11 15:00:00,50.6158462650692
2023-02-11 16:00:00,67.4972226993043
2023-02-11 17:00:00,86.1437613469698
2023-02-11 18:00:00,87.9917298516566
2023-02-11 19:00:00,87.9917382375919
2023-02-11 20:00:00,87.9916420188894
2023-02-11 21:00:00,87.9909602852965
2023-02-11 22:00:00,84.2335807709471
2023-02-11 23:00:00,83.6000667012154
2023-02-12 00:00:00,83.6000519557137
2023-02-12 01:00:00,81.5362284465634
2023-02-12 02:00:00,80.8456653672443
2023-02-12 03:00:00,80.845541000913
2023-02-12 04:00:00,83.5999451355727
2023-02-12 05:00:00,84.2377183937499
2023-02-12 06:00:00,86.0879766626529
2023-02-12 07:00:00,67.4974122306737
2023-02-12 08:00:00,62.5149752681282
2023-02-12 09:00:00,50.6159180987164
2023-02-12 10:00:00,50.6158416820289
2023-02-12 11:00:00,50.6158347835637
2023-02-12 12:00:00,50.6158354449195
2023-02-12 13:00:00,50.6158408879523
2023-02-12 14:00:00,50.6158590210963
2023-02-12 15:00:00,50.6159697293132
2023-02-12 16:00:00,67.4972323805732
2023-02-12 17:00:00,86.9702392761976
2023-02-12 18:00:00,88.8367153233795
2023-02-12 19:00:00,88.8367040213506
2023-02-12 20:00:00,87.3299509530325
2023-02-12 21:00:00,87.3295912009611
2023-02-12 22:00:00,83.6009326325995
2023-02-12 23:00:00,79.1533417918655
2023-02-13 00:00:00,78.5610631960399
2023-02-13 01:00:00,78.5463999935547
2023-02-13 02:00:00,78.5463088003583
2023-02-13 03:00:00,78.5463178705758
2023-02-13 04:00:00,78.9712630044864
2023-02-13 05:00:00,81.7677619830441
2023-02-13 06:00:00,83.5185454201785
2023-02-13 07:00:00,67.4973014265821
2023-02-13 08:00:00,62.3607543555294
2023-02-13 09:00:00,50.615894665961
2023-02-13 10:00:00,50.4912682676566
2023-02-13 11:00:00,50.4909624843657
2023-02-13 12:00:00,50.4909550384951
2023-02-13 13:00:00,50.4909606574639
2023-02-13 14:00:00,50.4910141724201
2023-02-13 15:00:00,50.6158425503851
2023-02-13 16:00:00,67.497226251234
2023-02-13 17:00:00,87.5571626825219
2023-02-13 18:00:00,91.1609474488747
2023-02-13 19:00:00,91.1609504812047
2023-02-13 20:00:00,91.1608276309767
2023-02-13 21:00:00,91.1606933709908
2023-02-13 22:00:00,87.2683477337113
2023-02-13 23:00:00,83.6000562645097
2023-02-14 00:00:00,83.5999812005631
2023-02-14 01:00:00,79.7502125692893
2023-02-14 02:00:00,78.5118153823345
2023-02-14 03:00:00,78.5114826473885
2023-02-14 04:00:00,78.5097808588508
2023-02-14 05:00:00,80.1935959454652
2023-02-14 06:00:00,83.5999449561249
2023-02-14 07:00:00,67.4972327971499
2023-02-14 08:00:00,62.5149816454396
2023-02-14 09:00:00,52.9986986550548
2023-02-14 10:00:00,50.61591469719
2023-02-14 11:00:00,50.6159089936241
2023-02-14 12:00:00,50.6159076577621
2023-02-14 13:00:00,50.6159093183964
2023-02-14 14:00:00,50.6159191881236
2023-02-14 15:00:00,60.8057901471957
2023-02-14 16:00:00,67.4972278627796
2023-02-14 17:00:00,84.0105459107546
2023-02-14 18:00:00,84.0105907744218
2023-02-14 19:00:00,84.0104770020795
2023-02-14 20:00:00,84.0104047186685
2023-02-14 21:00:00,80.8541435882745
2023-02-14 22:00:00,80.8517152764141
2023-02-14 23:00:00,80.8516302471898
2023-02-15 00:00:00,80.8510579718245
2023-02-15 01:00:00,80.0893757254188
2023-02-15 02:00:00,77.6055380351339
2023-02-15 03:00:00,71.5654797818709
2023-02-15 04:00:00,71.5649046262359
2023-02-15 05:00:00,73.9858816996756
2023-02-15 06:00:00,80.851487201409
2023-02-15 07:00:00,59.5976550250753
2023-02-15 08:00:00,39.8102894289761
2023-02-15 09:00:00,32.2253204015478
2023-02-15 10:00:00,32.2250203146076
2023-02-15 11:00:00,32.2250141335567
2023-02-15 12:00:00,32.2250137771716
2023-02-15 13:00:00,32.225017238522
2023-02-15 14:00:00,32.2250311090929
2023-02-15 15:00:00,50.6158695939788
2023-02-15 16:00:00,67.4972093342902
2023-02-15 17:00:00,68.3919667738904
2023-02-15 18:00:00,71.4449476529452
2023-02-15 19:00:00,67.4972820643827
2023-02-15 20:00:00,67.4972648382797
2023-02-15 21:00:00,67.4972534927778
2023-02-15 22:00:00,67.4972405807068
2023-02-15 23:00:00,67.4972351764506
2023-02-16 00:00:00,67.4972330321574
2023-02-16 01:00:00,67.4972294991927
2023-02-16 02:00:00,67.4972276337788
2023-02-16 03:00:00,67.4972192015333
2023-02-16 04:00:00,67.4971582794475
2023-02-16 05:00:00,67.4970868861566
2023-02-16 06:00:00,67.4972087738087
2023-02-16 07:00:00,50.6159153736675
2023-02-16 08:00:00,34.8993646616617
2023-02-16 09:00:00,32.2043869331946
2023-02-16 10:00:00,30.84529844358
2023-02-16 11:00:00,30.8452913934325
2023-02-16 12:00:00,30.8452917306064
2023-02-16 13:00:00,30.8452946913384
2023-02-16 14:00:00,30.8453108704456
2023-02-16 15:00:00,32.2250029081412
2023-02-16 16:00:00,43.3951487347401
2023-02-16 17:00:00,54.6522337028365
2023-02-16 18:00:00,67.4971968428063
2023-02-16 19:00:00,67.4971995846881
2023-02-16 20:00:00,67.497197658508
2023-02-16 21:00:00,67.4971925983575
2023-02-16 22:00:00,67.4971669812309
2023-02-16 23:00:00,67.4970960397298
2023-02-17 00:00:00,67.4966872933834
2023-02-17 01:00:00,67.1643926759411
2023-02-17 02:00:00,54.6523901738965
2023-02-17 03:00:00,54.65231927155
2023-02-17 04:00:00,54.6517506494248
2023-02-17 05:00:00,54.65167529042
2023-02-17 06:00:00,54.6519832146188
2023-02-17 07:00:00,40.2928309178099
2023-02-17 08:00:00,30.9533006991619
2023-02-17 09:00:00,25.0509586037436
2023-02-17 10:00:00,25.0508501060723
2023-02-17 11:00:00,25.0508453468158
2023-02-17 12:00:00,25.0508444675083
2023-02-17 13:00:00,25.0508471993116
2023-02-17 14:00:00,25.0508617745341
2023-02-17 15:00:00,25.5885783478847
2023-02-17 16:00:00,34.9114490047205
2023-02-17 17:00:00,57.8664248949376
2023-02-17 18:00:00,67.4971716988705
2023-02-17 19:00:00,67.4971792397028
2023-02-17 20:00:00,67.4971791733687
2023-02-17 21:00:00,67.4971641184725
2023-02-17 22:00:00,67.4970745222784
2023-02-17 23:00:00,67.4938799250395
2023-02-18 00:00:00,67.1643591502065
2023-02-18 01:00:00,64.7785718572676
2023-02-18 02:00:00,64.7785206635211
2023-02-18 03:00:00,64.7784943239772
2023-02-18 04:00:00,64.7786652114671
2023-02-18 05:00:00,67.4967825969964
2023-02-18 06:00:00,67.4971760651578
2023-02-18 07:00:00,50.6159095422119
2023-02-18 08:00:00,39.8091404381244
2023-02-18 09:00:00,32.2252583934379
2023-02-18 10:00:00,32.2250227028694
2023-02-18 11:00:00,32.2250173583007
2023-02-18 12:00:00,32.2250185303646
2023-02-18 13:00:00,32.2250238163532
2023-02-18 14:00:00,32.2250412215692
2023-02-18 15:00:00,32.2272838117252
2023-02-18 16:00:00,50.6159520023557
2023-02-18 17:00:00,67.4972005462816
2023-02-18 18:00:00,67.4972336083486
2023-02-18 19:00:00,67.4972337238894
2023-02-18 20:00:00,67.4972316698311
2023-02-18 21:00:00,67.4972286403419
2023-02-18 22:00:00,67.4972248309676
2023-02-18 23:00:00,67.4972171912304
2023-02-19 00:00:00,67.497207318366
2023-02-19 01:00:00,67.4971916772586
2023-02-19 02:00:00,67.4971656641346
2023-02-19 03:00:00,67.4971455822457
2023-02-19 04:00:00,67.4971415476636
2023-02-19 05:00:00,67.4971975477892
2023-02-19 06:00:00,67.4972171729508
2023-02-19 07:00:00,59.7613996786205
2023-02-19 08:00:00,50.6158703970836
2023-02-19 09:00:00,44.3346247867175
2023-02-19 10:00:00,44.3345745638132
2023-02-19 11:00:00,44.3345440961129
2023-02-19 12:00:00,44.3345317912678
2023-02-19 13:00:00,44.3345487841743
2023-02-19 14:00:00,44.3345799943742
2023-02-19 15:00:00,50.0797371966998
2023-02-19 16:00:00,62.3607976147289
2023-02-19 17:00:00,67.4972397936063
2023-02-19 18:00:00,67.497271085699
2023-02-19 19:00:00,67.4972549453136
2023-02-19 20:00:00,67.4972442180138
2023-02-19 21:00:00,67.497241512537
2023-02-19 22:00:00,67.4972227588685
2023-02-19 23:00:00,67.4972149894391
2023-02-20 00:00:00,67.4971972478797
2023-02-20 01:00:00,67.4971668919089
2023-02-20 02:00:00,67.4971319769083
2023-02-20 03:00:00,67.4971033662871
2023-02-20 04:00:00,67.4970917411135
2023-02-20 05:00:00,67.4971853303742
2023-02-20 06:00:00,67.4972177420128
2023-02-20 07:00:00,50.6159424450004
2023-02-20 08:00:00,36.7606053573906
2023-02-20 09:00:00,31.0898164553325
2023-02-20 10:00:00,29.7557552511856
2023-02-20 11:00:00,29.7557429116015
2023-02-20 12:00:00,29.7557440329961
2023-02-20 13:00:00,29.7557578738737
2023-02-20 14:00:00,29.7558233843402
2023-02-20 15:00:00,32.2266833595837
2023-02-20 16:00:00,54.651843031387
2023-02-20 17:00:00,67.4972389668191
2023-02-20 18:00:00,67.4972770546
2023-02-20 19:00:00,67.4972623980869
2023-02-20 20:00:00,67.4972528817942
2023-02-20 21:00:00,67.4972471696988
2023-02-20 22:00:00,67.4972504321136
2023-02-20 23:00:00,67.4972434655183
2023-02-21 00:00:00,67.4972401037166
2023-02-21 01:00:00,67.4972383674729
2023-02-21 02:00:00,67.4972373204434
2023-02-21 03:00:00,67.4972352242947
2023-02-21 04:00:00,67.4972306342089
2023-02-21 05:00:00,67.4972397719278
2023-02-21 06:00:00,67.4972478896205
2023-02-21 07:00:00,67.4972241513696
2023-02-21 08:00:00,62.2139883430482
2023-02-21 09:00:00,50.6158621610202
2023-02-21 10:00:00,50.6151007537427
2023-02-21 11:00:00,50.6150906342464
2023-02-21 12:00:00,50.6150920871292
2023-02-21 13:00:00,50.6151013888909
2023-02-21 14:00:00,50.6158537951363
2023-02-21 15:00:00,67.4972101416922
2023-02-21 16:00:00,67.4973614368234
2023-02-21 17:00:00,107.074527865023
2023-02-21 18:00:00,111.847641718505
2023-02-21 19:00:00,111.847634953469
2023-02-21 20:00:00,111.847609407844
2023-02-21 21:00:00,111.847592052492
2023-02-21 22:00:00,111.847532097346
2023-02-21 23:00:00,111.846739175482
2023-02-22 00:00:00,103.56833375856
2023-02-22 01:00:00,92.3361629807891
2023-02-22 02:00:00,92.3358087499584
2023-02-22 03:00:00,92.3357539447707
2023-02-22 04:00:00,92.3357398836721
2023-02-22 05:00:00,93.8452884596237
2023-02-22 06:00:00,96.4542386435953
2023-02-22 07:00:00,79.068669956113
2023-02-22 08:00:00,67.1469933934052
2023-02-22 09:00:00,64.0246763427195
2023-02-22 10:00:00,54.3686173171195
2023-02-22 11:00:00,54.3686137988386
2023-02-22 12:00:00,54.3686164688134
2023-02-22 13:00:00,54.3686210874531
2023-02-22 14:00:00,54.3686394069062
2023-02-22 15:00:00,67.4971816566387
2023-02-22 16:00:00,67.4972442458213
2023-02-22 17:00:00,85.3788451890863
2023-02-22 18:00:00,89.1878640216861
2023-02-22 19:00:00,89.1878698908582
2023-02-22 20:00:00,89.1878598202507
2023-02-22 21:00:00,89.1878558084918
2023-02-22 22:00:00,89.1878218049042
2023-02-22 23:00:00,88.3932251890927
2023-02-23 00:00:00,80.5399129661384
2023-02-23 01:00:00,73.2830052874709
2023-02-23 02:00:00,72.2218589394451
2023-02-23 03:00:00,72.2218090542463
2023-02-23 04:00:00,72.2210392141298
2023-02-23 05:00:00,73.6188503730002
2023-02-23 06:00:00,75.1976762183129
2023-02-23 07:00:00,67.497240632421
2023-02-23 08:00:00,60.625752753564
2023-02-23 09:00:00,55.5213448649007
2023-02-23 10:00:00,55.5213026544919
2023-02-23 11:00:00,55.5212883403986
2023-02-23 12:00:00,55.5212845953411
2023-02-23 13:00:00,55.5212825979074
2023-02-23 14:00:00,55.5212884235416
2023-02-23 15:00:00,55.5213127094123
2023-02-23 16:00:00,58.5860876159319
2023-02-23 17:00:00,67.4972019726957
2023-02-23 18:00:00,67.4972394607616
2023-02-23 19:00:00,67.4972459162709
2023-02-23 20:00:00,67.4972384999773
2023-02-23 21:00:00,67.4972408456721
2023-02-23 22:00:00,67.497242757259
2023-02-23 23:00:00,67.4972328505661
2023-02-24 00:00:00,67.4972218047225
2023-02-24 01:00:00,67.4972066996982
2023-02-24 02:00:00,67.3993649947011
2023-02-24 03:00:00,67.1644319598978
2023-02-24 04:00:00,67.4972290152576
2023-02-24 05:00:00,67.4972417534122
2023-02-24 06:00:00,67.4972408235853
2023-02-24 07:00:00,50.6159559770172
2023-02-24 08:00:00,38.7362885432698
2023-02-24 09:00:00,32.2250777309941
2023-02-24 10:00:00,31.3559965359126
2023-02-24 11:00:00,31.3559931508073
2023-02-24 12:00:00,31.3560009255487
2023-02-24 13:00:00,31.3560100837826
2023-02-24 14:00:00,31.356061036387
2023-02-24 15:00:00,32.4723938558612
2023-02-24 16:00:00,50.6158667279835
2023-02-24 17:00:00,67.1645561137046
2023-02-24 18:00:00,67.4972420955464
2023-02-24 19:00:00,67.4972420753188
2023-02-24 20:00:00,67.4972410924877
2023-02-24 21:00:00,67.4972338595537
2023-02-24 22:00:00,67.4972234212108
2023-02-24 23:00:00,67.4972107857362
2023-02-25 00:00:00,67.497187217367
2023-02-25 01:00:00,67.4971395807474
2023-02-25 02:00:00,67.4970468589645
2023-02-25 03:00:00,67.4969526114901
2023-02-25 04:00:00,67.4972344593984
2023-02-25 05:00:00,67.4972430971345
2023-02-25 06:00:00,67.4972433654301
2023-02-25 07:00:00,67.1643723541693
2023-02-25 08:00:00,50.6170314098524
2023-02-25 09:00:00,50.6158925958537
2023-02-25 10:00:00,50.6158698968108
2023-02-25 11:00:00,50.6158671333962
2023-02-25 12:00:00,50.6158721456963
2023-02-25 13:00:00,50.6158788430847
2023-02-25 14:00:00,50.6158937141347
2023-02-25 15:00:00,50.6160531499689
2023-02-25 16:00:00,55.252104984017
2023-02-25 17:00:00,67.4972256048403
2023-02-25 18:00:00,67.497241042623
2023-02-25 19:00:00,67.4972404622189
2023-02-25 20:00:00,67.4972399218619
2023-02-25 21:00:00,67.4972327716889
2023-02-25 22:00:00,67.4972182773015
2023-02-25 23:00:00,67.4972062465138
2023-02-26 00:00:00,67.4971842629701
2023-02-26 01:00:00,67.4971014493218
2023-02-26 02:00:00,67.4965427179467
2023-02-26 03:00:00,67.1644188407934
2023-02-26 04:00:00,67.4971689720099
2023-02-26 05:00:00,67.4972220353407
2023-02-26 06:00:00,67.4972285598186
2023-02-26 07:00:00,50.6159648666198
2023-02-26 08:00:00,39.8103840946005
2023-02-26 09:00:00,32.2269580891217
2023-02-26 10:00:00,32.2257212113325
2023-02-26 11:00:00,32.2257066571849
2023-02-26 12:00:00,32.2257030569842
2023-02-26 13:00:00,32.2257020351647
2023-02-26 14:00:00,32.2257214766025
2023-02-26 15:00:00,32.2257828283541
2023-02-26 16:00:00,50.6158322441094
2023-02-26 17:00:00,67.4971462701516
2023-02-26 18:00:00,67.49722490894
2023-02-26 19:00:00,67.4972059470687
2023-02-26 20:00:00,67.4971710720503
2023-02-26 21:00:00,67.4972013573663
2023-02-26 22:00:00,67.4972027467699
2023-02-26 23:00:00,67.4971695125392
2023-02-27 00:00:00,67.4971723792176
2023-02-27 01:00:00,67.4971793889749
2023-02-27 02:00:00,67.4971864104719
2023-02-27 03:00:00,67.4971947617547
2023-02-27 04:00:00,67.4972442479725
2023-02-27 05:00:00,67.690799567981
2023-02-27 06:00:00,69.1431454736388
2023-02-27 07:00:00,67.4969624484698
2023-02-27 08:00:00,50.6159520208697
2023-02-27 09:00:00,45.9745650420965
2023-02-27 10:00:00,40.9776059920169
2023-02-27 11:00:00,40.9776020150186
2023-02-27 12:00:00,40.9776014556778
2023-02-27 13:00:00,40.9776016403861
2023-02-27 14:00:00,40.9776160021006
2023-02-27 15:00:00,41.8593007864025
2023-02-27 16:00:00,63.8127776247745
2023-02-27 17:00:00,74.5854534127665
2023-02-27 18:00:00,77.7126873395119
2023-02-27 19:00:00,77.9140429313817
2023-02-27 20:00:00,77.9139857497516
2023-02-27 21:00:00,77.7127011976652
2023-02-27 22:00:00,74.7384199057609
2023-02-27 23:00:00,74.5855224636046
2023-02-28 00:00:00,74.5855094618125
2023-02-28 01:00:00,74.5854932624484
2023-02-28 02:00:00,74.5854876583117
2023-02-28 03:00:00,74.5854878851312
2023-02-28 04:00:00,80.2545900242281
2023-02-28 05:00:00,81.9761709127836
2023-02-28 06:00:00,82.3235115978959
2023-02-28 07:00:00,69.0745142853352
2023-02-28 08:00:00,61.2016798049934
2023-02-28 09:00:00,50.6158472372485
2023-02-28 10:00:00,49.5520499874894
2023-02-28 11:00:00,49.5520448070283
2023-02-28 12:00:00,49.5520458692555
2023-02-28 13:00:00,49.5520466397471
2023-02-28 14:00:00,49.5520582637968
2023-02-28 15:00:00,50.6158406642482
2023-02-28 16:00:00,67.4971947268592
2023-02-28 17:00:00,74.0868899362915
2023-02-28 18:00:00,79.0511763703634
2023-02-28 19:00:00,77.9140297301186
2023-02-28 20:00:00,76.5445519191381
2023-02-28 21:00:00,77.9138956957901
2023-02-28 22:00:00,75.4455034564196
2023-02-28 23:00:00,75.4454542879307
2023-03-01 00:00:00,75.4454491744882
2023-03-01 01:00:00,75.4454305712057
2023-03-01 02:00:00,75.4453505387055
2023-03-01 03:00:00,75.4452927480413
2023-03-01 04:00:00,77.914105100126
2023-03-01 05:00:00,83.1352934766964
2023-03-01 06:00:00,83.3805867004888
2023-03-01 07:00:00,67.49724307222
2023-03-01 08:00:00,59.8435502463376
2023-03-01 09:00:00,50.6159548473461
2023-03-01 10:00:00,50.6158364431045
2023-03-01 11:00:00,50.6158326924319
2023-03-01 12:00:00,50.6158331430819
2023-03-01 13:00:00,50.6158336621464
2023-03-01 14:00:00,50.6158457053298
2023-03-01 15:00:00,51.7022908735106
2023-03-01 16:00:00,67.4972040616038
2023-03-01 17:00:00,76.0971720724669
2023-03-01 18:00:00,79.7964657562066
2023-03-01 19:00:00,75.4465699465686
2023-03-01 20:00:00,78.807471426488
2023-03-01 21:00:00,76.3903452888895
2023-03-01 22:00:00,76.3587524164806
2023-03-01 23:00:00,75.4489964422546
2023-03-02 00:00:00,75.4453718092433
2023-03-02 01:00:00,75.4453447425688
2023-03-02 02:00:00,75.4453366760723
2023-03-02 03:00:00,75.4453261759949
2023-03-02 04:00:00,75.4454998001162
2023-03-02 05:00:00,78.6083283640509
2023-03-02 06:00:00,79.797952606066
2023-03-02 07:00:00,67.1343034891258
2023-03-02 08:00:00,58.4774357416296
2023-03-02 09:00:00,50.6158389589359
2023-03-02 10:00:00,47.3453692192725
2023-03-02 11:00:00,47.3453558201789
2023-03-02 12:00:00,47.3453549116657
2023-03-02 13:00:00,47.3453528307454
2023-03-02 14:00:00,47.3453655542944
2023-03-02 15:00:00,50.6157936335537
2023-03-02 16:00:00,67.4971830783316
2023-03-02 17:00:00,73.1265494183149
2023-03-02 18:00:00,76.571410298969
2023-03-02 19:00:00,76.3642600039932
2023-03-02 20:00:00,76.3903074494997
2023-03-02 21:00:00,76.3911811767263
2023-03-02 22:00:00,76.3904246952501
2023-03-02 23:00:00,73.1266411097691
2023-03-03 00:00:00,73.1263814861076
2023-03-03 01:00:00,73.1261065770783
2023-03-03 02:00:00,72.2218054890241
2023-03-03 03:00:00,67.4972418862995
2023-03-03 04:00:00,67.4972312600443
2023-03-03 05:00:00,67.4972484910678
2023-03-03 06:00:00,67.4972524511512
2023-03-03 07:00:00,64.3955782345881
2023-03-03 08:00:00,47.7753532736062
2023-03-03 09:00:00,34.2720936824366
2023-03-03 10:00:00,32.2268718251961
2023-03-03 11:00:00,32.22684895137
2023-03-03 12:00:00,32.2268494851676
2023-03-03 13:00:00,32.2268419256323
2023-03-03 14:00:00,32.226913783299
2023-03-03 15:00:00,35.0075418931993
2023-03-03 16:00:00,59.1091630307071
2023-03-03 17:00:00,67.497185974199
2023-03-03 18:00:00,67.497251259887
2023-03-03 19:00:00,67.4972599680095
2023-03-03 20:00:00,67.4972466930778
2023-03-03 21:00:00,67.4972404805942
2023-03-03 22:00:00,67.4972392092984
2023-03-03 23:00:00,67.497235366308
2023-03-04 00:00:00,67.4972333125781
2023-03-04 01:00:00,67.4972309133168
2023-03-04 02:00:00,67.4972294349403
2023-03-04 03:00:00,67.4972273842334
2023-03-04 04:00:00,67.4972283913429
2023-03-04 05:00:00,67.4972397951327
2023-03-04 06:00:00,67.4972436675959
2023-03-04 07:00:00,58.0918652365521
2023-03-04 08:00:00,44.3958824132012
2023-03-04 09:00:00,34.2723634983833
2023-03-04 10:00:00,34.271525086655
2023-03-04 11:00:00,34.271477921078
2023-03-04 12:00:00,34.2714861258824
2023-03-04 13:00:00,34.2714819464662
2023-03-04 14:00:00,34.271615941995
2023-03-04 15:00:00,50.6157694292354
2023-03-04 16:00:00,62.7916355999091
2023-03-04 17:00:00,72.8810941069653
2023-03-04 18:00:00,76.1344204845788
2023-03-04 19:00:00,76.134420733923
2023-03-04 20:00:00,76.1343955943128
2023-03-04 21:00:00,76.1344047802796
2023-03-04 22:00:00,76.134392916
2023-03-04 23:00:00,75.1930137296698
2023-03-05 00:00:00,75.1928899883753
2023-03-05 01:00:00,71.9809460251656
2023-03-05 02:00:00,71.2279148379938
2023-03-05 03:00:00,68.1523899801503
2023-03-05 04:00:00,72.6558573684883
2023-03-05 05:00:00,74.2151918562432
2023-03-05 06:00:00,75.805490881573
2023-03-05 07:00:00,67.4972333167915
2023-03-05 08:00:00,62.3602961222805
2023-03-05 09:00:00,54.6514703659593
2023-03-05 10:00:00,54.6514651492573
2023-03-05 11:00:00,54.6514636031382
2023-03-05 12:00:00,54.651467439661
2023-03-05 13:00:00,54.6514769751597
2023-03-05 14:00:00,54.6517840674507
2023-03-05 15:00:00,67.497193462955
2023-03-05 16:00:00,75.960055411118
2023-03-05 17:00:00,88.9532211378365
2023-03-05 18:00:00,92.8557083782116
2023-03-05 19:00:00,92.8557157227842
2023-03-05 20:00:00,92.8556944534932
2023-03-05 21:00:00,92.8556797255356
2023-03-05 22:00:00,92.8556362289341
2023-03-05 23:00:00,92.7716242415851
2023-03-06 00:00:00,84.6332815507703
2023-03-06 01:00:00,75.1925488516395
2023-03-06 02:00:00,75.1918833292554
2023-03-06 03:00:00,75.191866738091
2023-03-06 04:00:00,75.1918629431264
2023-03-06 05:00:00,75.1927344946514
2023-03-06 06:00:00,75.1929784700858
2023-03-06 07:00:00,67.4973821169205
2023-03-06 08:00:00,61.5449484982239
2023-03-06 09:00:00,55.4613009023128
2023-03-06 10:00:00,55.4606819345968
2023-03-06 11:00:00,55.4606765271629
2023-03-06 12:00:00,55.4606777887922
2023-03-06 13:00:00,55.4606774314537
2023-03-06 14:00:00,55.4606867540184
2023-03-06 15:00:00,55.4607595321345
2023-03-06 16:00:00,64.9346787267142
2023-03-06 17:00:00,67.4972344256276
2023-03-06 18:00:00,67.4975719755194
2023-03-06 19:00:00,67.4972472851556
2023-03-06 20:00:00,67.497180088588
2023-03-06 21:00:00,67.4971783174038
2023-03-06 22:00:00,67.4971390049072
2023-03-06 23:00:00,67.4970868543804
2023-03-07 00:00:00,67.4970028728174
2023-03-07 01:00:00,67.4967530435454
2023-03-07 02:00:00,67.1644295901742
2023-03-07 03:00:00,65.246922689807
2023-03-07 04:00:00,65.1447421859779
2023-03-07 05:00:00,65.5497579862905
2023-03-07 06:00:00,67.4964549657568
2023-03-07 07:00:00,50.6153094232694
2023-03-07 08:00:00,33.96744617074
2023-03-07 09:00:00,32.226364793402
2023-03-07 10:00:00,32.224999200547
2023-03-07 11:00:00,32.2249930443326
2023-03-07 12:00:00,32.2249961896151
2023-03-07 13:00:00,32.2250021977221
2023-03-07 14:00:00,32.2250322856724
2023-03-07 15:00:00,46.8313250557162
2023-03-07 16:00:00,59.6945630149706
2023-03-07 17:00:00,67.4962989235822
2023-03-07 18:00:00,67.4969979410574
2023-03-07 19:00:00,67.4970488874463
2023-03-07 20:00:00,67.497004259797
2023-03-07 21:00:00,67.4964362726835
2023-03-07 22:00:00,67.4963342948172
2023-03-07 23:00:00,67.4963081578619
2023-03-08 00:00:00,67.4962755193398
2023-03-08 01:00:00,65.8272555599534
2023-03-08 02:00:00,65.8270887032179
2023-03-08 03:00:00,65.827082256874
2023-03-08 04:00:00,65.8270989632137
2023-03-08 05:00:00,67.4962469163202
2023-03-08 06:00:00,67.4962410516249
2023-03-08 07:00:00,62.2066932225872
2023-03-08 08:00:00,50.3667045192199
2023-03-08 09:00:00,50.366140289312
2023-03-08 10:00:00,50.3661009118718
2023-03-08 11:00:00,50.3660952372971
2023-03-08 12:00:00,50.3660937767327
2023-03-08 13:00:00,50.3660925022211
2023-03-08 14:00:00,50.3660988209428
2023-03-08 15:00:00,50.3661377151702
2023-03-08 16:00:00,56.5328018352821
2023-03-08 17:00:00,65.2583572851457
2023-03-08 18:00:00,67.1642230015303
2023-03-08 19:00:00,67.1642368215463
2023-03-08 20:00:00,67.1642331985695
2023-03-08 21:00:00,67.1642074174029
2023-03-08 22:00:00,67.164085726458
2023-03-08 23:00:00,65.6131161186857
2023-03-09 00:00:00,65.6130979131812
2023-03-09 01:00:00,65.6130661958724
2023-03-09 02:00:00,65.6130582297722
2023-03-09 03:00:00,65.6130571415148
2023-03-09 04:00:00,65.613059656969
2023-03-09 05:00:00,65.6133804159608
2023-03-09 06:00:00,65.8734539669024
2023-03-09 07:00:00,50.3420733533652
2023-03-09 08:00:00,33.630230001688
2023-03-09 09:00:00,30.8436873112686
2023-03-09 10:00:00,30.8436270529522
2023-03-09 11:00:00,30.8436126212207
2023-03-09 12:00:00,30.8436087146985
2023-03-09 13:00:00,30.8436054332428
2023-03-09 14:00:00,30.8436093557651
2023-03-09 15:00:00,30.8436229826077
2023-03-09 16:00:00,30.9630586395148
2023-03-09 17:00:00,36.9144867888361
2023-03-09 18:00:00,45.5994083838736
2023-03-09 19:00:00,45.5998642275411
2023-03-09 20:00:00,45.5998832418774
2023-03-09 21:00:00,45.5998844672285
2023-03-09 22:00:00,45.5998701681212
2023-03-09 23:00:00,45.5997640669096
2023-03-10 00:00:00,44.6811336715558
2023-03-10 01:00:00,44.6810215855474
2023-03-10 02:00:00,44.6810567395519
2023-03-10 03:00:00,44.6809451776448
2023-03-10 04:00:00,44.681048668251
2023-03-10 05:00:00,45.5996538498249
2023-03-10 06:00:00,45.5996552173675
2023-03-10 07:00:00,39.0068895868294
2023-03-10 08:00:00,14.0228468201354
2023-03-10 09:00:00,0.0493248989097471
2023-03-10 10:00:00,0.0258838650290179
2023-03-10 11:00:00,0.0258637874725145
2023-03-10 12:00:00,0.0258604780009193
2023-03-10 13:00:00,0.0258597901664753
2023-03-10 14:00:00,0.0258676188112829
2023-03-10 15:00:00,0.0259680830029066
2023-03-10 16:00:00,46.3331144830194
2023-03-10 17:00:00,62.3315880050927
2023-03-10 18:00:00,66.7694197311839
2023-03-10 19:00:00,66.7694520919497
2023-03-10 20:00:00,66.7694205462492
2023-03-10 21:00:00,66.2287254685994
2023-03-10 22:00:00,65.1446731578725
2023-03-10 23:00:00,64.3274273590742
2023-03-11 00:00:00,63.9849188476238
2023-03-11 01:00:00,62.3984290779673
2023-03-11 02:00:00,61.4790017894394
2023-03-11 03:00:00,61.4794699209901
2023-03-11 04:00:00,65.0180952993398
2023-03-11 05:00:00,65.5847722755769
2023-03-11 06:00:00,65.8477877649307
2023-03-11 07:00:00,50.4841697043126
2023-03-11 08:00:00,46.741618350908
2023-03-11 09:00:00,42.168748778983
2023-03-11 10:00:00,40.8708959386672
2023-03-11 11:00:00,40.8708888584364
2023-03-11 12:00:00,40.8708914219455
2023-03-11 13:00:00,40.870897059115
2023-03-11 14:00:00,40.870915964244
2023-03-11 15:00:00,40.8710252807312
2023-03-11 16:00:00,50.3660211790347
2023-03-11 17:00:00,65.1143805497169
2023-03-11 18:00:00,67.1639039964329
2023-03-11 19:00:00,67.1639631014523
2023-03-11 20:00:00,67.1639682059424
2023-03-11 21:00:00,67.1639598529574
2023-03-11 22:00:00,67.163937327053
2023-03-11 23:00:00,67.1634020284267
2023-03-12 00:00:00,65.1448555791387
2023-03-12 01:00:00,65.1145498127998
2023-03-12 02:00:00,65.1144880291249
2023-03-12 03:00:00,65.1145400432682
2023-03-12 04:00:00,65.115420432232
2023-03-12 05:00:00,67.1639434733681
2023-03-12 06:00:00,67.1639908259325
2023-03-12 07:00:00,50.101762701796
2023-03-12 08:00:00,30.2447613038689
2023-03-12 09:00:00,18.4475617780078
2023-03-12 10:00:00,14.0230539354921
2023-03-12 11:00:00,14.0230290813732
2023-03-12 12:00:00,14.0230247226594
2023-03-12 13:00:00,14.0230290335065
2023-03-12 14:00:00,14.0230718317166
2023-03-12 15:00:00,26.7791533855998
2023-03-12 16:00:00,34.8342133126907
2023-03-12 17:00:00,54.3815620077103
2023-03-12 18:00:00,67.1641142325713
2023-03-12 19:00:00,67.1641212129473
2023-03-12 20:00:00,67.1641152901931
2023-03-12 21:00:00,67.1641075409743
2023-03-12 22:00:00,67.1641005514988
2023-03-12 23:00:00,67.1640919106602
2023-03-13 00:00:00,67.1640608758645
2023-03-13 01:00:00,67.1639827727679
2023-03-13 02:00:00,67.1636612915113
2023-03-13 03:00:00,67.1616987751907
2023-03-13 04:00:00,64.4590442450246
2023-03-13 05:00:00,67.1638482620061
2023-03-13 06:00:00,67.1640319976368
2023-03-13 07:00:00,30.3217454827172
2023-03-13 08:00:00,4.38886772204067
2023-03-13 09:00:00,3.47046659448142
2023-03-13 10:00:00,2.97512185946011
2023-03-13 11:00:00,2.97505219027652
2023-03-13 12:00:00,2.97504264993585
2023-03-13 13:00:00,2.97503530025686
2023-03-13 14:00:00,2.97503966173205
2023-03-13 15:00:00,3.03980273184822
2023-03-13 16:00:00,14.0223106657227
2023-03-13 17:00:00,25.2488912496004
2023-03-13 18:00:00,50.3660271278658
2023-03-13 19:00:00,50.3660515742666
2023-03-13 20:00:00,50.3660568369721
2023-03-13 21:00:00,50.3660593831675
2023-03-13 22:00:00,50.3660622990607
2023-03-13 23:00:00,50.3660556187861
2023-03-14 00:00:00,50.3660470547741
2023-03-14 01:00:00,50.3660433638896
2023-03-14 02:00:00,50.3660436733749
2023-03-14 03:00:00,50.3660445011502
2023-03-14 04:00:00,50.3660474113857
2023-03-14 05:00:00,50.36606101529
2023-03-14 06:00:00,50.3660888028775
2023-03-14 07:00:00,39.0055485752323
2023-03-14 08:00:00,16.5874814195023
2023-03-14 09:00:00,13.414617677618
2023-03-14 10:00:00,13.414548442359
2023-03-14 11:00:00,13.4145409800309
2023-03-14 12:00:00,13.4145392820363
2023-03-14 13:00:00,13.4145423946861
2023-03-14 14:00:00,13.4145661177118
2023-03-14 15:00:00,17.0974044398792
2023-03-14 16:00:00,32.2269403420425
2023-03-14 17:00:00,60.3803754224696
2023-03-14 18:00:00,67.1641000015643
2023-03-14 19:00:00,67.1641190900244
2023-03-14 20:00:00,67.1641160163135
2023-03-14 21:00:00,67.164105485283
2023-03-14 22:00:00,67.1640969020963
2023-03-14 23:00:00,67.1640893871357
2023-03-15 00:00:00,67.1640832668515
2023-03-15 01:00:00,67.1640782697923
2023-03-15 02:00:00,67.1640762954762
2023-03-15 03:00:00,67.1640752690149
2023-03-15 04:00:00,67.1640778737237
2023-03-15 05:00:00,67.1640952418163
2023-03-15 06:00:00,67.1645665405301
2023-03-15 07:00:00,50.3660686486479
2023-03-15 08:00:00,34.0145858384792
2023-03-15 09:00:00,17.3375249275726
2023-03-15 10:00:00,14.0229556358617
2023-03-15 11:00:00,14.0229452731046
2023-03-15 12:00:00,14.0229433959467
2023-03-15 13:00:00,14.0229483970422
2023-03-15 14:00:00,14.0229881141491
2023-03-15 15:00:00,26.6465757387037
2023-03-15 16:00:00,50.3659800435573
2023-03-15 17:00:00,65.5850388977611
2023-03-15 18:00:00,67.1641611900247
2023-03-15 19:00:00,67.164217945113
2023-03-15 20:00:00,67.1642088543702
2023-03-15 21:00:00,67.1641557409374
2023-03-15 22:00:00,67.164113463079
2023-03-15 23:00:00,67.1640970180029
2023-03-16 00:00:00,67.1640896825371
2023-03-16 01:00:00,67.1640827216847
2023-03-16 02:00:00,67.1640731681286
2023-03-16 03:00:00,67.1640630972252
2023-03-16 04:00:00,67.164048495758
2023-03-16 05:00:00,67.1640411622682
2023-03-16 06:00:00,67.16403614714
2023-03-16 07:00:00,50.3657177500803
2023-03-16 08:00:00,16.5864224755373
2023-03-16 09:00:00,14.0229016875658
2023-03-16 10:00:00,13.9093931833445
2023-03-16 11:00:00,13.4145833263774
2023-03-16 12:00:00,13.4145605621198
2023-03-16 13:00:00,13.4145683933153
2023-03-16 14:00:00,13.4146301187787
2023-03-16 15:00:00,24.2201522933296
2023-03-16 16:00:00,32.2268739886144
2023-03-16 17:00:00,50.3660277968564
2023-03-16 18:00:00,62.202817226001
2023-03-16 19:00:00,62.2028362234853
2023-03-16 20:00:00,62.2028388577388
2023-03-16 21:00:00,62.2028219548675
2023-03-16 22:00:00,62.2027339285114
2023-03-16 23:00:00,50.3661138969596
2023-03-17 00:00:00,50.3660569659378
2023-03-17 01:00:00,50.3660471392386
2023-03-17 02:00:00,50.3660413145318
2023-03-17 03:00:00,50.3660399270969
2023-03-17 04:00:00,50.36604066594
2023-03-17 05:00:00,50.3660416185797
2023-03-17 06:00:00,50.3660394669894
2023-03-17 07:00:00,40.7545280175374
2023-03-17 08:00:00,32.2248973540513
2023-03-17 09:00:00,30.7389813957272
2023-03-17 10:00:00,27.2515807455056
2023-03-17 11:00:00,27.2515687066403
2023-03-17 12:00:00,27.2515673016041
2023-03-17 13:00:00,27.2515701780051
2023-03-17 14:00:00,27.2515948158374
2023-03-17 15:00:00,30.8436188145281
2023-03-17 16:00:00,50.3660583922231
2023-03-17 17:00:00,63.8581824113282
2023-03-17 18:00:00,67.1644445739447
2023-03-17 19:00:00,67.1645513319586
2023-03-17 20:00:00,67.164462423112
2023-03-17 21:00:00,67.1644636337744
2023-03-17 22:00:00,67.1644405794913
2023-03-17 23:00:00,67.1641248250303
2023-03-18 00:00:00,67.1640919371266
2023-03-18 01:00:00,67.1640857568093
2023-03-18 02:00:00,67.1640853414801
2023-03-18 03:00:00,67.1640875275432
2023-03-18 04:00:00,67.1641240119386
2023-03-18 05:00:00,67.1645435501582
2023-03-18 06:00:00,67.1646212072361
2023-03-18 07:00:00,52.2782451773274
2023-03-18 08:00:00,46.1946286791019
2023-03-18 09:00:00,42.3240515020885
2023-03-18 10:00:00,42.3240409075799
2023-03-18 11:00:00,42.3240392887872
2023-03-18 12:00:00,42.3240410581348
2023-03-18 13:00:00,42.3240513453882
2023-03-18 14:00:00,42.366853766347
2023-03-18 15:00:00,50.3660564429034
2023-03-18 16:00:00,65.7361727950455
2023-03-18 17:00:00,67.4975796222692
2023-03-18 18:00:00,72.3476481950961
2023-03-18 19:00:00,72.3476908352804
2023-03-18 20:00:00,72.3476901603521
2023-03-18 21:00:00,72.3476796938315
2023-03-18 22:00:00,70.7440844707001
2023-03-18 23:00:00,67.4972342398896
2023-03-19 00:00:00,67.4972296443136
2023-03-19 01:00:00,67.4972251096273
2023-03-19 02:00:00,67.4972213453617
2023-03-19 03:00:00,67.4972210697698
2023-03-19 04:00:00,67.4972236719578
2023-03-19 05:00:00,67.4972587069548
2023-03-19 06:00:00,67.497240381758
2023-03-19 07:00:00,63.9954941779412
2023-03-19 08:00:00,34.2712276541539
2023-03-19 09:00:00,27.740677770795
2023-03-19 10:00:00,26.0804107747492
2023-03-19 11:00:00,26.080404300079
2023-03-19 12:00:00,26.0804037926724
2023-03-19 13:00:00,26.0804089546762
2023-03-19 14:00:00,26.0804568740528
2023-03-19 15:00:00,33.5524300649529
2023-03-19 16:00:00,67.1640718789082
2023-03-19 17:00:00,87.58629945606
2023-03-19 18:00:00,92.6383717614984
2023-03-19 19:00:00,92.6383748879186
2023-03-19 20:00:00,92.6383662176452
2023-03-19 21:00:00,92.6383547959768
2023-03-19 22:00:00,92.6382725165715
2023-03-19 23:00:00,91.4931210329457
2023-03-20 00:00:00,75.1787168345115
2023-03-20 01:00:00,75.0172639778778
2023-03-20 02:00:00,75.0168032031194
2023-03-20 03:00:00,75.0167819180566
2023-03-20 04:00:00,75.0167969421566
2023-03-20 05:00:00,75.0298709273017
2023-03-20 06:00:00,75.020860255179
2023-03-20 07:00:00,62.511256212216
2023-03-20 08:00:00,34.2721420438237
2023-03-20 09:00:00,24.4562498217667
2023-03-20 10:00:00,18.6026056767637
2023-03-20 11:00:00,18.6025930016911
2023-03-20 12:00:00,18.6025907873118
2023-03-20 13:00:00,18.6025961415384
2023-03-20 14:00:00,18.6026330707527
2023-03-20 15:00:00,33.5503440842826
2023-03-20 16:00:00,59.6944557693966
2023-03-20 17:00:00,67.1640715908757
2023-03-20 18:00:00,67.4972486285458
2023-03-20 19:00:00,67.4972658733509
2023-03-20 20:00:00,67.4972578645709
2023-03-20 21:00:00,67.497249315985
2023-03-20 22:00:00,67.4972446827271
2023-03-20 23:00:00,67.4972398164994
2023-03-21 00:00:00,67.4972351059039
2023-03-21 01:00:00,67.4972201664344
2023-03-21 02:00:00,67.4920228610376
2023-03-21 03:00:00,67.3250151041084
2023-03-21 04:00:00,67.3485877696043
2023-03-21 05:00:00,67.497072325639
2023-03-21 06:00:00,67.1640828070647
2023-03-21 07:00:00,50.3660506407598
2023-03-21 08:00:00,30.8436245187123
2023-03-21 09:00:00,18.4474548658407
2023-03-21 10:00:00,14.0229921741682
2023-03-21 11:00:00,14.0229653267507
2023-03-21 12:00:00,14.0229603472361
2023-03-21 13:00:00,14.0229684689918
2023-03-21 14:00:00,14.023033343859
2023-03-21 15:00:00,26.6465462502543
2023-03-21 16:00:00,38.9636443758605
2023-03-21 17:00:00,61.3220978172681
2023-03-21 18:00:00,67.1640977642612
2023-03-21 19:00:00,67.1641314518057
2023-03-21 20:00:00,67.1641187507174
2023-03-21 21:00:00,67.1640952839126
2023-03-21 22:00:00,67.164081328964
2023-03-21 23:00:00,67.1640742010705
2023-03-22 00:00:00,67.1640688889608
2023-03-22 01:00:00,67.1640642696438
2023-03-22 02:00:00,67.1640600607533
2023-03-22 03:00:00,67.1640600719665
2023-03-22 04:00:00,67.1640613201422
2023-03-22 05:00:00,67.1640671405338
2023-03-22 06:00:00,67.1640723341239
2023-03-22 07:00:00,50.3659688506002
2023-03-22 08:00:00,2.0010964437498
2023-03-22 09:00:00,1.60033887064663
2023-03-22 10:00:00,1.60031738394458
2023-03-22 11:00:00,1.60030173874827
2023-03-22 12:00:00,1.60036362853984
2023-03-22 13:00:00,1.62538980953454
2023-03-22 14:00:00,1.75451643709753
2023-03-22 15:00:00,14.0229743387191
2023-03-22 16:00:00,31.5502832052173
2023-03-22 17:00:00,50.3660406571684
2023-03-22 18:00:00,67.1640676603933
2023-03-22 19:00:00,67.1640743406691
2023-03-22 20:00:00,67.1640729069784
2023-03-22 21:00:00,67.1640703012345
2023-03-22 22:00:00,67.1640666752698
2023-03-22 23:00:00,67.1640571305565
2023-03-23 00:00:00,67.164038081187
2023-03-23 01:00:00,67.1639912825911
2023-03-23 02:00:00,67.1639442460425
2023-03-23 03:00:00,67.1639404428113
2023-03-23 04:00:00,67.1639377981644
2023-03-23 05:00:00,67.1639844912564
2023-03-23 06:00:00,67.1639935793206
2023-03-23 07:00:00,50.3659307404648
2023-03-23 08:00:00,1.46129201399493
2023-03-23 09:00:00,1.16336336900597
2023-03-23 10:00:00,1.16329935753005
2023-03-23 11:00:00,1.16328628899092
2023-03-23 12:00:00,1.16327851359665
2023-03-23 13:00:00,1.16328917740037
2023-03-23 14:00:00,1.16335677120473
2023-03-23 15:00:00,13.414553038971
2023-03-23 16:00:00,27.3374733972215
2023-03-23 17:00:00,40.7753228378795
2023-03-23 18:00:00,50.3660969006591
2023-03-23 19:00:00,50.3661643938682
2023-03-23 20:00:00,50.3661663538514
2023-03-23 21:00:00,50.3661489871179
2023-03-23 22:00:00,50.366115397445
2023-03-23 23:00:00,50.3660634151492
2023-03-24 00:00:00,50.3660445558055
2023-03-24 01:00:00,50.3660404120443
2023-03-24 02:00:00,50.3660407563135
2023-03-24 03:00:00,50.3660414781729
2023-03-24 04:00:00,50.36604485552
2023-03-24 05:00:00,50.3660499459001
2023-03-24 06:00:00,50.3660464705655
2023-03-24 07:00:00,17.7401225901395
2023-03-24 08:00:00,2.3528060573644
2023-03-24 09:00:00,1.88452492528325
2023-03-24 10:00:00,1.88444597411592
2023-03-24 11:00:00,1.88443707480417
2023-03-24 12:00:00,1.88443598012656
2023-03-24 13:00:00,1.88443663003896
2023-03-24 14:00:00,1.88445502939533
2023-03-24 15:00:00,13.41452298954
2023-03-24 16:00:00,24.1626343051857
2023-03-24 17:00:00,32.9633808439542
2023-03-24 18:00:00,67.1640086836302
2023-03-24 19:00:00,67.1640597972386
2023-03-24 20:00:00,67.1640634715149
2023-03-24 21:00:00,67.1640640331082
2023-03-24 22:00:00,67.1640606835361
2023-03-24 23:00:00,67.1640539039039
2023-03-25 00:00:00,67.1640414129807
2023-03-25 01:00:00,67.1640233921238
2023-03-25 02:00:00,67.1640118511276
2023-03-25 03:00:00,67.1640212628102
2023-03-25 04:00:00,67.1640350395753
2023-03-25 05:00:00,67.164053466481
2023-03-25 06:00:00,67.16405995093
2023-03-25 07:00:00,50.3659805618648
2023-03-25 08:00:00,15.6008165007074
2023-03-25 09:00:00,13.050246282416
2023-03-25 10:00:00,12.6166264064073
2023-03-25 11:00:00,12.616416790488
2023-03-25 12:00:00,12.6164027292426
2023-03-25 13:00:00,12.6164314102624
2023-03-25 14:00:00,12.6166664692967
2023-03-25 15:00:00,22.4352669812798
2023-03-25 16:00:00,38.745172664915
2023-03-25 17:00:00,61.8389664171617
2023-03-25 18:00:00,64.6149103968055
2023-03-25 19:00:00,64.6149286632112
2023-03-25 20:00:00,64.6149311044547
2023-03-25 21:00:00,64.614915366263
2023-03-25 22:00:00,64.6148961675456
2023-03-25 23:00:00,64.6036542410236
2023-03-26 00:00:00,64.5996072294607
2023-03-26 01:00:00,64.5995746165824
2023-03-26 02:00:00,63.578734992445
2023-03-26 03:00:00,63.4389996102731
2023-03-26 04:00:00,63.5883236843574
2023-03-26 05:00:00,63.5883472486288
2023-03-26 06:00:00,50.3660478977664
2023-03-26 07:00:00,42.5957418730116
2023-03-26 08:00:00,14.0228652444226
2023-03-26 09:00:00,0.0263460714939228
2023-03-26 10:00:00,0.0258676847845727
2023-03-26 11:00:00,0.0258564440578439
2023-03-26 12:00:00,0.0258517977137618
2023-03-26 13:00:00,0.0258542189630587
2023-03-26 14:00:00,0.025862836728493
2023-03-26 15:00:00,0.0259330604984646
2023-03-26 16:00:00,45.4518326119432
2023-03-26 17:00:00,55.8276235184011
2023-03-26 18:00:00,67.1639868334677
2023-03-26 19:00:00,67.1640376307215
2023-03-26 20:00:00,67.1640351329987
2023-03-26 21:00:00,67.1640252607539
2023-03-26 22:00:00,67.1640480708797
2023-03-26 23:00:00,67.1640450765154
2023-03-27 00:00:00,67.1640428430951
2023-03-27 01:00:00,67.1640417673454
2023-03-27 02:00:00,67.1554153889677
2023-03-27 03:00:00,66.3568173290223
2023-03-27 04:00:00,66.737230793638
2023-03-27 05:00:00,67.163371323949
2023-03-27 06:00:00,50.3660398691825
2023-03-27 07:00:00,47.5783289176156
2023-03-27 08:00:00,26.6466017029388
2023-03-27 09:00:00,20.2703389252642
2023-03-27 10:00:00,20.2699969467778
2023-03-27 11:00:00,20.2699909031304
2023-03-27 12:00:00,20.2699883936241
2023-03-27 13:00:00,20.2699927818761
2023-03-27 14:00:00,20.2700182588578
2023-03-27 15:00:00,24.4568485298341
2023-03-27 16:00:00,50.3659542500569
2023-03-27 17:00:00,66.357394539395
2023-03-27 18:00:00,67.1671907037655
2023-03-27 19:00:00,67.1671948272239
2023-03-27 20:00:00,67.1646100713649
2023-03-27 21:00:00,67.1640834811885
2023-03-27 22:00:00,67.1640684520889
2023-03-27 23:00:00,67.1640617578921
2023-03-28 00:00:00,67.1640559145766
2023-03-28 01:00:00,67.1640498187255
2023-03-28 02:00:00,67.1640463777745
2023-03-28 03:00:00,67.1640430615383
2023-03-28 04:00:00,67.1640396089413
2023-03-28 05:00:00,67.1640416563041
2023-03-28 06:00:00,50.3659862748328
2023-03-28 07:00:00,32.2284852252162
2023-03-28 08:00:00,17.3345591066576
2023-03-28 09:00:00,14.0225185032305
2023-03-28 10:00:00,14.022497596233
2023-03-28 11:00:00,14.0224382769806
2023-03-28 12:00:00,14.0224281586352
2023-03-28 13:00:00,14.0224623809349
2023-03-28 14:00:00,14.0225081634824
2023-03-28 15:00:00,14.323820075733
2023-03-28 16:00:00,49.1320446230682
2023-03-28 17:00:00,65.1446303280401
2023-03-28 18:00:00,67.1640430484655
2023-03-28 19:00:00,67.1640525147546
2023-03-28 20:00:00,67.1640518507978
2023-03-28 21:00:00,67.1640477342236
2023-03-28 22:00:00,67.1640419648715
2023-03-28 23:00:00,67.1640128363367
2023-03-29 00:00:00,67.1638903373033
2023-03-29 01:00:00,65.1453440442731
2023-03-29 02:00:00,65.1447711815221
2023-03-29 03:00:00,65.1447336562462
2023-03-29 04:00:00,65.144721471752
2023-03-29 05:00:00,61.9883953975461
2023-03-29 06:00:00,50.3628185351062
2023-03-29 07:00:00,33.4019354273416
2023-03-29 08:00:00,0.0617181372310464
2023-03-29 09:00:00,0.0315296187731476
2023-03-29 10:00:00,0.0314094259667251
2023-03-29 11:00:00,0.0258465490959566
2023-03-29 12:00:00,0.0258387600714648
2023-03-29 13:00:00,0.0258459940760243
2023-03-29 14:00:00,0.0258720305725459
2023-03-29 15:00:00,0.0315324713529884
2023-03-29 16:00:00,31.981023997451
2023-03-29 17:00:00,50.246573368684
2023-03-29 18:00:00,50.3660183796513
2023-03-29 19:00:00,50.3660440579688
2023-03-29 20:00:00,50.3660541380977
2023-03-29 21:00:00,50.3660660532894
2023-03-29 22:00:00,50.366065304262
2023-03-29 23:00:00,50.3660409173808
2023-03-30 00:00:00,50.3660282027826
2023-03-30 01:00:00,50.3660219161347
2023-03-30 02:00:00,50.3660202116351
2023-03-30 03:00:00,50.3660199887093
2023-03-30 04:00:00,50.3660213293324
2023-03-30 05:00:00,50.3660224424759
2023-03-30 06:00:00,40.7762062291213
2023-03-30 07:00:00,17.3360263215143
2023-03-30 08:00:00,0.0617920731358089
2023-03-30 09:00:00,0.0315858096758347
2023-03-30 10:00:00,0.0259892758698684
2023-03-30 11:00:00,0.025846960817548
2023-03-30 12:00:00,0.0258419527327976
2023-03-30 13:00:00,0.0258465374524075
2023-03-30 14:00:00,0.0258561200539829
2023-03-30 15:00:00,0.0260338812014984
2023-03-30 16:00:00,26.9573664250393
2023-03-30 17:00:00,35.3554222291912
2023-03-30 18:00:00,50.3659918632269
2023-03-30 19:00:00,50.3660138115869
2023-03-30 20:00:00,50.3660154469419
2023-03-30 21:00:00,50.3660137086372
2023-03-30 22:00:00,50.3660087586392
2023-03-30 23:00:00,50.3660029145606
2023-03-31 00:00:00,50.3659831141108
2023-03-31 01:00:00,50.3658325649685
2023-03-31 02:00:00,49.3549845249476
2023-03-31 03:00:00,49.3431679294449
2023-03-31 04:00:00,50.3649056635939
2023-03-31 05:00:00,50.3658149436096
2023-03-31 06:00:00,40.7547315563109
2023-03-31 07:00:00,29.7495752187352
2023-03-31 08:00:00,0.084050663026742
2023-03-31 09:00:00,0.0495935162755475
2023-03-31 10:00:00,0.0259359135465944
2023-03-31 11:00:00,0.0259239807428359
2023-03-31 12:00:00,0.0259172250900679
2023-03-31 13:00:00,0.0259152249524949
2023-03-31 14:00:00,0.0259235647473165
2023-03-31 15:00:00,0.0259723934240908
2023-03-31 16:00:00,29.7495629067815
2023-03-31 17:00:00,33.6702419214569
2023-03-31 18:00:00,50.3659990889967
2023-03-31 19:00:00,50.3660179709762
2023-03-31 20:00:00,50.366021252885
2023-03-31 21:00:00,50.3660220063995
2023-03-31 22:00:00,50.3660188049367
2023-03-31 23:00:00,50.366017586868
2023-04-01 00:00:00,50.366013211249
2023-04-01 01:00:00,50.3660124511209
2023-04-01 02:00:00,50.3660113994644
2023-04-01 03:00:00,50.3660115215352
2023-04-01 04:00:00,50.3660154607971
2023-04-01 05:00:00,50.3660250953276
2023-04-01 06:00:00,40.7761259796759
2023-04-01 07:00:00,31.0844309278253
2023-04-01 08:00:00,26.7517544251757
2023-04-01 09:00:00,25.0513715838333
2023-04-01 10:00:00,25.0511069503433
2023-04-01 11:00:00,25.0510790933823
2023-04-01 12:00:00,25.0510805365972
2023-04-01 13:00:00,25.0510860436905
2023-04-01 14:00:00,25.0510958792373
2023-04-01 15:00:00,25.051119836715
2023-04-01 16:00:00,30.8436280956848
2023-04-01 17:00:00,38.8291494619728
2023-04-01 18:00:00,50.3659925931494
2023-04-01 19:00:00,50.3660145944027
2023-04-01 20:00:00,50.3660152111542
2023-04-01 21:00:00,50.3660135931492
2023-04-01 22:00:00,50.3660189317813
2023-04-01 23:00:00,50.3660109627028
2023-04-02 00:00:00,50.3660114705681
2023-04-02 01:00:00,50.3660066107612
2023-04-02 02:00:00,50.3660039047538
2023-04-02 03:00:00,50.3660053470567
2023-04-02 04:00:00,50.366018205697
2023-04-02 05:00:00,50.3660314557925
2023-04-02 06:00:00,50.3659544416406
2023-04-02 07:00:00,34.6026119046557
2023-04-02 08:00:00,16.984053686821
2023-04-02 09:00:00,13.7276008520511
2023-04-02 10:00:00,13.7275379067667
2023-04-02 11:00:00,13.7275302934149
2023-04-02 12:00:00,13.7275273674412
2023-04-02 13:00:00,13.7275315512232
2023-04-02 14:00:00,13.7275458858505
2023-04-02 15:00:00,14.0229001680989
2023-04-02 16:00:00,50.3658483073105
2023-04-02 17:00:00,64.348847613279
2023-04-02 18:00:00,67.2230283892766
2023-04-02 19:00:00,67.2230532279199
2023-04-02 20:00:00,67.2230461769639
2023-04-02 21:00:00,67.2230270961908
2023-04-02 22:00:00,67.2230106586355
2023-04-02 23:00:00,67.2228666394264
2023-04-03 00:00:00,67.2227575844844
2023-04-03 01:00:00,67.2227664293637
2023-04-03 02:00:00,67.2219649932424
2023-04-03 03:00:00,67.222137172903
2023-04-03 04:00:00,67.2230000715372
2023-04-03 05:00:00,67.2227198397037
2023-04-03 06:00:00,57.3139168716566
2023-04-03 07:00:00,48.4539694961303
2023-04-03 08:00:00,32.9198088465617
2023-04-03 09:00:00,25.0510497594014
2023-04-03 10:00:00,25.050987943086
2023-04-03 11:00:00,25.0509830632063
2023-04-03 12:00:00,25.0509831723027
2023-04-03 13:00:00,25.0509931575405
2023-04-03 14:00:00,25.0511105715091
2023-04-03 15:00:00,42.5175635436368
2023-04-03 16:00:00,54.4994855954476
2023-04-03 17:00:00,67.1640636132131
2023-04-03 18:00:00,67.497244357814
2023-04-03 19:00:00,67.497246672508
2023-04-03 20:00:00,67.4972429284992
2023-04-03 21:00:00,67.497238300034
2023-04-03 22:00:00,67.497232175579
2023-04-03 23:00:00,67.4972264726037
2023-04-04 00:00:00,67.4972182673153
2023-04-04 01:00:00,67.497204674598
2023-04-04 02:00:00,67.4971627593459
2023-04-04 03:00:00,67.4971525785519
2023-04-04 04:00:00,67.4972099551605
2023-04-04 05:00:00,67.4972299599115
2023-04-04 06:00:00,54.9873350236927
2023-04-04 07:00:00,42.3456384672526
2023-04-04 08:00:00,18.4497512286826
2023-04-04 09:00:00,14.0229525288663
2023-04-04 10:00:00,14.0229174624097
2023-04-04 11:00:00,14.0229131211938
2023-04-04 12:00:00,14.0229118244754
2023-04-04 13:00:00,14.0229154289183
2023-04-04 14:00:00,14.0229300917015
2023-04-04 15:00:00,14.3266156799215
2023-04-04 16:00:00,50.3660781133384
2023-04-04 17:00:00,67.4972316306202
2023-04-04 18:00:00,74.4760678457271
2023-04-04 19:00:00,74.4760557955628
2023-04-04 20:00:00,74.4312159099111
2023-04-04 21:00:00,74.3965721124791
2023-04-04 22:00:00,73.719755979875
2023-04-04 23:00:00,73.2641717989497
2023-04-05 00:00:00,73.7200567296292
2023-04-05 01:00:00,74.4568312360123
2023-04-05 02:00:00,73.2643528933405
2023-04-05 03:00:00,73.2641498914064
2023-04-05 04:00:00,74.4760798901169
2023-04-05 05:00:00,74.4760749389194
2023-04-05 06:00:00,65.1447383433413
2023-04-05 07:00:00,50.6587667777513
2023-04-05 08:00:00,18.4497258460125
2023-04-05 09:00:00,14.0229839589908
2023-04-05 10:00:00,14.022901245548
2023-04-05 11:00:00,14.022893951669
2023-04-05 12:00:00,14.022892147379
2023-04-05 13:00:00,14.0228966723339
2023-04-05 14:00:00,14.0229179960785
2023-04-05 15:00:00,25.0510092797071
2023-04-05 16:00:00,63.7659471099314
2023-04-05 17:00:00,67.4972393660976
2023-04-05 18:00:00,78.7496531466236
2023-04-05 19:00:00,78.7496802204762
2023-04-05 20:00:00,78.7496662214584
2023-04-05 21:00:00,78.7496307694686
2023-04-05 22:00:00,78.7495048888848
2023-04-05 23:00:00,77.4779618388746
2023-04-06 00:00:00,71.6673818244455
2023-04-06 01:00:00,67.49724214793
2023-04-06 02:00:00,67.4972289397642
2023-04-06 03:00:00,67.4972263306963
2023-04-06 04:00:00,67.4972281985032
2023-04-06 05:00:00,67.49723134377
2023-04-06 06:00:00,50.3660359516841
2023-04-06 07:00:00,33.5968057887108
2023-04-06 08:00:00,16.7966858709262
2023-04-06 09:00:00,13.586868265078
2023-04-06 10:00:00,13.5868294828223
2023-04-06 11:00:00,12.7648290553704
2023-04-06 12:00:00,12.764816030015
2023-04-06 13:00:00,12.7648674125946
2023-04-06 14:00:00,13.5868572373845
2023-04-06 15:00:00,14.0228977998506
2023-04-06 16:00:00,46.1872132834716
2023-04-06 17:00:00,62.0838384753917
2023-04-06 18:00:00,67.1640978709258
2023-04-06 19:00:00,67.218212049839
2023-04-06 20:00:00,67.2182588811324
2023-04-06 21:00:00,67.2182710455778
2023-04-06 22:00:00,67.2182684093244
2023-04-06 23:00:00,67.2182629901597
2023-04-07 00:00:00,67.2182625424601
2023-04-07 01:00:00,67.2182537672519
2023-04-07 02:00:00,67.21823751598
2023-04-07 03:00:00,67.2182151304241
2023-04-07 04:00:00,67.2181655617692
2023-04-07 05:00:00,67.1640568359152
2023-04-07 06:00:00,52.496873321789
2023-04-07 07:00:00,48.2524072158901
2023-04-07 08:00:00,0.0617593514533055
2023-04-07 09:00:00,0.0315392614863328
2023-04-07 10:00:00,0.0315159654965633
2023-04-07 11:00:00,0.0209398449997151
2023-04-07 12:00:00,0.0208443194381265
2023-04-07 13:00:00,0.0258153511887014
2023-04-07 14:00:00,0.0315333568007829
2023-04-07 15:00:00,0.0440415790604404
2023-04-07 16:00:00,50.3660402977451
2023-04-07 17:00:00,66.2921160598493
2023-04-07 18:00:00,67.4972555669363
2023-04-07 19:00:00,67.4972875294363
2023-04-07 20:00:00,67.4972561471505
2023-04-07 21:00:00,67.4972438449762
2023-04-07 22:00:00,67.4972405529682
2023-04-07 23:00:00,67.4972369829405
2023-04-08 00:00:00,67.4972332574963
2023-04-08 01:00:00,67.4972316806357
2023-04-08 02:00:00,67.497231521771
2023-04-08 03:00:00,67.4972328453065
2023-04-08 04:00:00,67.4972959234406
2023-04-08 05:00:00,67.4973380278834
2023-04-08 06:00:00,65.3038220031447
2023-04-08 07:00:00,56.5890136901561
2023-04-08 08:00:00,16.9705378529237
2023-04-08 09:00:00,13.7276605469088
2023-04-08 10:00:00,13.7276424278563
2023-04-08 11:00:00,13.7275775732891
2023-04-08 12:00:00,13.7275643869193
2023-04-08 13:00:00,13.7276204150454
2023-04-08 14:00:00,13.7276524042694
2023-04-08 15:00:00,14.0228999270733
2023-04-08 16:00:00,60.8376591562869
2023-04-08 17:00:00,67.4972533864168
2023-04-08 18:00:00,72.6548276123674
2023-04-08 19:00:00,72.6548477944624
2023-04-08 20:00:00,72.6548307647895
2023-04-08 21:00:00,72.6546428008148
2023-04-08 22:00:00,71.6383752573004
2023-04-08 23:00:00,71.1203568361567
2023-04-09 00:00:00,71.1174579139495
2023-04-09 01:00:00,69.7296033389082
2023-04-09 02:00:00,69.7289815475773
2023-04-09 03:00:00,69.730346926036
2023-04-09 04:00:00,72.6542918015976
2023-04-09 05:00:00,72.6548550653207
2023-04-09 06:00:00,61.2755418667423
2023-04-09 07:00:00,47.6599291453769
2023-04-09 08:00:00,17.3353245475143
2023-04-09 09:00:00,14.0231056719228
2023-04-09 10:00:00,14.022900017512
2023-04-09 11:00:00,14.0228432110342
2023-04-09 12:00:00,14.0228197085253
2023-04-09 13:00:00,14.02284439176
2023-04-09 14:00:00,14.0228987361361
2023-04-09 15:00:00,14.3275672005778
2023-04-09 16:00:00,53.8652919693237
2023-04-09 17:00:00,67.1638355424278
2023-04-09 18:00:00,67.3177215714672
2023-04-09 19:00:00,67.3177295352856
2023-04-09 20:00:00,67.2370367866982
2023-04-09 21:00:00,67.2236607884425
2023-04-09 22:00:00,67.1640528619406
2023-04-09 23:00:00,67.164041712811
2023-04-10 00:00:00,67.1640379928427
2023-04-10 01:00:00,67.16403601494
2023-04-10 02:00:00,67.1640346722465
2023-04-10 03:00:00,67.164036816369
2023-04-10 04:00:00,67.1640449397707
2023-04-10 05:00:00,67.1640554187949
2023-04-10 06:00:00,50.3660677937409
2023-04-10 07:00:00,33.670068005859
2023-04-10 08:00:00,18.3066763478137
2023-04-10 09:00:00,14.8099388186407
2023-04-10 10:00:00,14.0228956827879
2023-04-10 11:00:00,13.9142478187226
2023-04-10 12:00:00,13.914155468183
2023-04-10 13:00:00,13.9141723160946
2023-04-10 14:00:00,13.9142257882229
2023-04-10 15:00:00,14.0228986856032
2023-04-10 16:00:00,29.521175788251
2023-04-10 17:00:00,50.3659706415672
2023-04-10 18:00:00,67.1640350636747
2023-04-10 19:00:00,67.1640488324988
2023-04-10 20:00:00,67.1640439540778
2023-04-10 21:00:00,67.1640388565885
2023-04-10 22:00:00,67.1640375962024
2023-04-10 23:00:00,67.1640286022445
2023-04-11 00:00:00,67.1640216401242
2023-04-11 01:00:00,67.1640214568602
2023-04-11 02:00:00,67.1640213090154
2023-04-11 03:00:00,67.1640266391109
2023-04-11 04:00:00,67.1640385219782
2023-04-11 05:00:00,67.1640474134451
2023-04-11 06:00:00,50.3660646761975
2023-04-11 07:00:00,32.2270898017577
2023-04-11 08:00:00,17.3351280436129
2023-04-11 09:00:00,14.0229568757017
2023-04-11 10:00:00,14.0228955770089
2023-04-11 11:00:00,14.0227899637043
2023-04-11 12:00:00,14.0227633747504
2023-04-11 13:00:00,14.0227707781355
2023-04-11 14:00:00,14.0228238704965
2023-04-11 15:00:00,14.0229324798767
2023-04-11 16:00:00,31.9796848300705
2023-04-11 17:00:00,50.3659775998583
2023-04-11 18:00:00,62.2053628354427
2023-04-11 19:00:00,62.2054007331175
2023-04-11 20:00:00,62.2053975816952
2023-04-11 21:00:00,62.2053772289994
2023-04-11 22:00:00,62.2053420000654
2023-04-11 23:00:00,50.3689272939135
2023-04-12 00:00:00,50.3660713082402
2023-04-12 01:00:00,50.366038384681
2023-04-12 02:00:00,50.3660326648459
2023-04-12 03:00:00,50.3660372776822
2023-04-12 04:00:00,50.366190229337
2023-04-12 05:00:00,62.2051882883673
2023-04-12 06:00:00,50.3659804849234
2023-04-12 07:00:00,31.0900057939364
2023-04-12 08:00:00,29.1235746636543
2023-04-12 09:00:00,25.0511376765708
2023-04-12 10:00:00,25.051122761705
2023-04-12 11:00:00,25.0511127840671
2023-04-12 12:00:00,25.0511098506398
2023-04-12 13:00:00,25.0511095107673
2023-04-12 14:00:00,25.0511301978608
2023-04-12 15:00:00,28.7472856726013
2023-04-12 16:00:00,32.2265942228276
2023-04-12 17:00:00,33.6720454949589
2023-04-12 18:00:00,50.3659819575825
2023-04-12 19:00:00,50.3660164408627
2023-04-12 20:00:00,50.3660151298968
2023-04-12 21:00:00,50.3660121227666
2023-04-12 22:00:00,50.3660197014503
2023-04-12 23:00:00,50.3660102923139
2023-04-13 00:00:00,50.3660004451069
2023-04-13 01:00:00,50.3659969968853
2023-04-13 02:00:00,50.3659946510501
2023-04-13 03:00:00,50.3659908935172
2023-04-13 04:00:00,50.3659928102583
2023-04-13 05:00:00,50.3659963945912
2023-04-13 06:00:00,40.7545668977339
2023-04-13 07:00:00,31.9237148531966
2023-04-13 08:00:00,18.4496924723565
2023-04-13 09:00:00,14.0229398440088
2023-04-13 10:00:00,14.0229231369061
2023-04-13 11:00:00,14.0229162402436
2023-04-13 12:00:00,14.0229125481201
2023-04-13 13:00:00,14.0229140780482
2023-04-13 14:00:00,14.0229259559151
2023-04-13 15:00:00,14.0235768815983
2023-04-13 16:00:00,30.8436421733221
2023-04-13 17:00:00,50.3659937861158
2023-04-13 18:00:00,65.1433466230799
2023-04-13 19:00:00,65.1447020682866
2023-04-13 20:00:00,65.144736694599
2023-04-13 21:00:00,65.1447481337684
2023-04-13 22:00:00,65.1447465666502
2023-04-13 23:00:00,65.1447349505263
2023-04-14 00:00:00,65.1447178636506
2023-04-14 01:00:00,65.1446834239513
2023-04-14 02:00:00,65.1446572090358
2023-04-14 03:00:00,65.1444119897313
2023-04-14 04:00:00,65.14432317582
2023-04-14 05:00:00,65.0074363830067
2023-04-14 06:00:00,50.3608485272872
2023-04-14 07:00:00,30.8453018760249
2023-04-14 08:00:00,18.4493941119231
2023-04-14 09:00:00,14.0229102019581
2023-04-14 10:00:00,14.0227447952234
2023-04-14 11:00:00,14.0227346957273
2023-04-14 12:00:00,14.0227283384758
2023-04-14 13:00:00,14.0227260483854
2023-04-14 14:00:00,14.0227318891698
2023-04-14 15:00:00,14.0228351969021
2023-04-14 16:00:00,25.0510830933952
2023-04-14 17:00:00,52.7458240508667
2023-04-14 18:00:00,65.1442182549477
2023-04-14 19:00:00,65.1444776741711
2023-04-14 20:00:00,65.1444853378257
2023-04-14 21:00:00,65.1444828117864
2023-04-14 22:00:00,65.1444311803116
2023-04-14 23:00:00,65.1443534052993
2023-04-15 00:00:00,65.1443525819501
2023-04-15 01:00:00,65.1442742032564
2023-04-15 02:00:00,65.1429459330538
2023-04-15 03:00:00,65.138656216341
2023-04-15 04:00:00,65.1443538934637
2023-04-15 05:00:00,65.1444693279632
2023-04-15 06:00:00,50.349130521952
2023-04-15 07:00:00,33.0137220311378
2023-04-15 08:00:00,0.0839291480724296
2023-04-15 09:00:00,0.0484573981486707
2023-04-15 10:00:00,0.0258553828083618
2023-04-15 11:00:00,0.0258381093463825
2023-04-15 12:00:00,0.0258353313932073
2023-04-15 13:00:00,0.0258411443196442
2023-04-15 14:00:00,0.0258521119962431
2023-04-15 15:00:00,0.0260570922038692
2023-04-15 16:00:00,44.76090182272
2023-04-15 17:00:00,54.3815383140052
2023-04-15 18:00:00,66.3571943296769
2023-04-15 19:00:00,67.1639125594969
2023-04-15 20:00:00,67.164023268349
2023-04-15 21:00:00,67.164022910175
2023-04-15 22:00:00,67.1640415550048
2023-04-15 23:00:00,67.1640387667118
2023-04-16 00:00:00,67.1640390137009
2023-04-16 01:00:00,67.1640387520183
2023-04-16 02:00:00,67.1640382624702
2023-04-16 03:00:00,67.1640422463732
2023-04-16 04:00:00,67.1640672481583
2023-04-16 05:00:00,67.1640784038256
2023-04-16 06:00:00,59.5490980377888
2023-04-16 07:00:00,48.0802193344966
2023-04-16 08:00:00,0.0617362446652616
2023-04-16 09:00:00,0.0315336954354602
2023-04-16 10:00:00,0.0258379699243241
2023-04-16 11:00:00,0.025308793931238
2023-04-16 12:00:00,0.0252936246361049
2023-04-16 13:00:00,0.0257441710153392
2023-04-16 14:00:00,0.0313685519005051
2023-04-16 15:00:00,0.0329150435189411
2023-04-16 16:00:00,50.365995554031
2023-04-16 17:00:00,67.4972265817373
2023-04-16 18:00:00,75.6878977343039
2023-04-16 19:00:00,75.6879192928659
2023-04-16 20:00:00,75.687906329801
2023-04-16 21:00:00,75.6878671550514
2023-04-16 22:00:00,75.6876884924324
2023-04-16 23:00:00,75.6876307622013
2023-04-17 00:00:00,75.687601619646
2023-04-17 01:00:00,75.6873195112073
2023-04-17 02:00:00,75.6859045446519
2023-04-17 03:00:00,75.6786251037398
2023-04-17 04:00:00,75.6876402926536
2023-04-17 05:00:00,75.6877527764029
2023-04-17 06:00:00,65.144720505922
2023-04-17 07:00:00,55.5599973432882
2023-04-17 08:00:00,0.0617465050025817
2023-04-17 09:00:00,0.0315421874477953
2023-04-17 10:00:00,0.0259661003664997
2023-04-17 11:00:00,0.0257831310567748
2023-04-17 12:00:00,0.025777232296545
2023-04-17 13:00:00,0.025813153796396
2023-04-17 14:00:00,0.0315126552464783
2023-04-17 15:00:00,14.0228055921079
2023-04-17 16:00:00,50.3659727307997
2023-04-17 17:00:00,63.52160107343
2023-04-17 18:00:00,67.1640541339502
2023-04-17 19:00:00,67.1640604569641
2023-04-17 20:00:00,67.164021496319
2023-04-17 21:00:00,67.1639722565697
2023-04-17 22:00:00,67.1626283572758
2023-04-17 23:00:00,65.1451337737809
2023-04-18 00:00:00,65.1450508889359
2023-04-18 01:00:00,65.5782650446408
2023-04-18 02:00:00,67.1635668833934
2023-04-18 03:00:00,67.1637690939073
2023-04-18 04:00:00,67.1639760850557
2023-04-18 05:00:00,67.1640081010791
2023-04-18 06:00:00,50.3660255686922
2023-04-18 07:00:00,32.2265907664012
2023-04-18 08:00:00,17.3348029599736
2023-04-18 09:00:00,14.0227327260428
2023-04-18 10:00:00,14.0226861773633
2023-04-18 11:00:00,13.1753406191641
2023-04-18 12:00:00,13.1753339022058
2023-04-18 13:00:00,13.1754411169052
2023-04-18 14:00:00,14.0227239169824
2023-04-18 15:00:00,14.3240448762507
2023-04-18 16:00:00,33.4787043235408
2023-04-18 17:00:00,48.7336684270797
2023-04-18 18:00:00,67.1639973303936
2023-04-18 19:00:00,67.1640274766175
2023-04-18 20:00:00,67.1640213240791
2023-04-18 21:00:00,67.1640059807683
2023-04-18 22:00:00,67.1639986392794
2023-04-18 23:00:00,67.1639694993888
2023-04-19 00:00:00,67.1639294538192
2023-04-19 01:00:00,67.1639240305168
2023-04-19 02:00:00,67.1639532125608
2023-04-19 03:00:00,67.1639840769978
2023-04-19 04:00:00,67.1640166440264
2023-04-19 05:00:00,67.164027763817
2023-04-19 06:00:00,50.3661150054522
2023-04-19 07:00:00,30.5542885275404
2023-04-19 08:00:00,17.3349977544216
2023-04-19 09:00:00,14.0228790155983
2023-04-19 10:00:00,14.0228524138929
2023-04-19 11:00:00,14.0220493433711
2023-04-19 12:00:00,14.0220286605192
2023-04-19 13:00:00,14.0228161659394
2023-04-19 14:00:00,14.0228793235045
2023-04-19 15:00:00,15.2460954288111
2023-04-19 16:00:00,31.5498352999581
2023-04-19 17:00:00,50.3659594690644
2023-04-19 18:00:00,67.1640162836521
2023-04-19 19:00:00,67.1640363398139
2023-04-19 20:00:00,67.1640331084215
2023-04-19 21:00:00,67.1640291449221
2023-04-19 22:00:00,67.1640256026214
2023-04-19 23:00:00,67.1640212851549
2023-04-20 00:00:00,67.1640173248962
2023-04-20 01:00:00,67.1640146853368
2023-04-20 02:00:00,67.1640139702673
2023-04-20 03:00:00,67.1640140490514
2023-04-20 04:00:00,67.1640165769999
2023-04-20 05:00:00,67.164017588304
2023-04-20 06:00:00,50.3660262907028
2023-04-20 07:00:00,31.7373884314522
2023-04-20 08:00:00,0.0617327265843682
2023-04-20 09:00:00,0.0315390641207382
2023-04-20 10:00:00,0.0315224660387747
2023-04-20 11:00:00,0.0258808904579762
2023-04-20 12:00:00,0.0256986834124275
2023-04-20 13:00:00,0.0262441691902272
2023-04-20 14:00:00,0.0315280601815439
2023-04-20 15:00:00,0.0503371846031157
2023-04-20 16:00:00,30.843642302143
2023-04-20 17:00:00,35.2539874618337
2023-04-20 18:00:00,67.1638957265057
2023-04-20 19:00:00,67.1640228157984
2023-04-20 20:00:00,67.1640222608927
2023-04-20 21:00:00,67.1640188586601
2023-04-20 22:00:00,67.1640104512035
2023-04-20 23:00:00,67.1640023028139
2023-04-21 00:00:00,67.1639886668633
2023-04-21 01:00:00,67.1639847530228
2023-04-21 02:00:00,67.1639858487794
2023-04-21 03:00:00,67.1639852723665
2023-04-21 04:00:00,67.1639856496683
2023-04-21 05:00:00,67.1639565302252
2023-04-21 06:00:00,50.3659542538686
2023-04-21 07:00:00,30.8360653856551
2023-04-21 08:00:00,22.9915003635305
2023-04-21 09:00:00,21.1629519852388
2023-04-21 10:00:00,21.1629371080222
2023-04-21 11:00:00,21.1628848193112
2023-04-21 12:00:00,21.1628438137676
2023-04-21 13:00:00,21.16287400715
2023-04-21 14:00:00,21.1633764504801
2023-04-21 15:00:00,30.8410484866332
2023-04-21 16:00:00,48.585808202688
2023-04-21 17:00:00,62.3606970002626
2023-04-21 18:00:00,65.45988660609
2023-04-21 19:00:00,65.4601865974879
2023-04-21 20:00:00,65.4602109251082
2023-04-21 21:00:00,65.4601948985307
2023-04-21 22:00:00,65.4598915332205
2023-04-21 23:00:00,65.4599869076767
2023-04-22 00:00:00,65.4599873559287
2023-04-22 01:00:00,65.4599785084571
2023-04-22 02:00:00,65.460005368376
2023-04-22 03:00:00,65.4601283548766
2023-04-22 04:00:00,65.4602397731931
2023-04-22 05:00:00,65.4602554032821
2023-04-22 06:00:00,50.3661011321247
2023-04-22 07:00:00,48.1673207558447
2023-04-22 08:00:00,44.3910104981085
2023-04-22 09:00:00,38.9942339601932
2023-04-22 10:00:00,38.9942190315079
2023-04-22 11:00:00,38.9942121012353
2023-04-22 12:00:00,38.9942103766401
2023-04-22 13:00:00,38.9942136659366
2023-04-22 14:00:00,38.9942262847398
2023-04-22 15:00:00,41.4655692483904
2023-04-22 16:00:00,54.3815306845491
2023-04-22 17:00:00,64.0650449650442
2023-04-22 18:00:00,67.1640127788355
2023-04-22 19:00:00,67.1640233843183
2023-04-22 20:00:00,67.1640215636113
2023-04-22 21:00:00,67.1640003090465
2023-04-22 22:00:00,67.0835648265764
2023-04-22 23:00:00,66.3572344857333
2023-04-23 00:00:00,66.3571497994107
2023-04-23 01:00:00,65.4599527058838
2023-04-23 02:00:00,65.4599024893667
2023-04-23 03:00:00,66.3550395336526
2023-04-23 04:00:00,67.1639007193549
2023-04-23 05:00:00,67.1639853474335
2023-04-23 06:00:00,50.3659299852155
2023-04-23 07:00:00,32.261219141795
2023-04-23 08:00:00,18.4473880296308
2023-04-23 09:00:00,14.0230313391533
2023-04-23 10:00:00,14.0229108382272
2023-04-23 11:00:00,14.0228975213537
2023-04-23 12:00:00,14.0228914232581
2023-04-23 13:00:00,14.0228963393744
2023-04-23 14:00:00,14.0229142912149
2023-04-23 15:00:00,14.0232712659704
2023-04-23 16:00:00,43.4648452538688
2023-04-23 17:00:00,53.1479774423039
2023-04-23 18:00:00,67.1619861454903
2023-04-23 19:00:00,67.1640163730926
2023-04-23 20:00:00,67.1640150775818
2023-04-23 21:00:00,67.1640087353208
2023-04-23 22:00:00,67.1640085369406
2023-04-23 23:00:00,67.1639982360248
2023-04-24 00:00:00,67.1639896835394
2023-04-24 01:00:00,67.1639874019659
2023-04-24 02:00:00,67.1639909469999
2023-04-24 03:00:00,67.1640027021342
2023-04-24 04:00:00,67.1640177040882
2023-04-24 05:00:00,67.1640251820047
2023-04-24 06:00:00,50.3660711477108
2023-04-24 07:00:00,32.4828669067679
2023-04-24 08:00:00,17.3350241181285
2023-04-24 09:00:00,14.0229028491839
2023-04-24 10:00:00,14.0228863725806
2023-04-24 11:00:00,14.0228488223719
2023-04-24 12:00:00,14.022836456669
2023-04-24 13:00:00,14.0228466523095
2023-04-24 14:00:00,14.0228875632367
2023-04-24 15:00:00,14.3240196799916
2023-04-24 16:00:00,43.8625866143375
2023-04-24 17:00:00,52.7485520748561
2023-04-24 18:00:00,67.1639832876397
2023-04-24 19:00:00,67.1640263798269
2023-04-24 20:00:00,67.1640236076624
2023-04-24 21:00:00,67.1640183952396
2023-04-24 22:00:00,67.164014023415
2023-04-24 23:00:00,67.1640061483909
2023-04-25 00:00:00,67.1640006060444
2023-04-25 01:00:00,67.1639997190347
2023-04-25 02:00:00,67.1640011540232
2023-04-25 03:00:00,67.1640040166584
2023-04-25 04:00:00,67.1640144358307
2023-04-25 05:00:00,67.1640200783171
2023-04-25 06:00:00,50.3660678566393
2023-04-25 07:00:00,32.2438296385234
2023-04-25 08:00:00,7.47825357352849
2023-04-25 09:00:00,6.0389345239724
2023-04-25 10:00:00,6.03891710518457
2023-04-25 11:00:00,5.6623898794737
2023-04-25 12:00:00,5.66237151654951
2023-04-25 13:00:00,5.66238795605716
2023-04-25 14:00:00,6.03891933178479
2023-04-25 15:00:00,14.0228683055326
2023-04-25 16:00:00,46.7692496396935
2023-04-25 17:00:00,63.5214716386577
2023-04-25 18:00:00,67.1639960637582
2023-04-25 19:00:00,67.164029300994
2023-04-25 20:00:00,67.1640267053677
2023-04-25 21:00:00,67.1640213168802
2023-04-25 22:00:00,67.1640159268624
2023-04-25 23:00:00,67.1640079638212
2023-04-26 00:00:00,67.1640030196057
2023-04-26 01:00:00,67.1640030122724
2023-04-26 02:00:00,67.1640050745631
2023-04-26 03:00:00,67.1640101502375
2023-04-26 04:00:00,67.1640197127027
2023-04-26 05:00:00,67.1640257897531
2023-04-26 06:00:00,50.3660854959765
2023-04-26 07:00:00,32.2266998670161
2023-04-26 08:00:00,17.3350100264841
2023-04-26 09:00:00,14.0228944907675
2023-04-26 10:00:00,14.022885020922
2023-04-26 11:00:00,14.0228684425709
2023-04-26 12:00:00,14.0228550902526
2023-04-26 13:00:00,14.0228772581391
2023-04-26 14:00:00,14.022893806451
2023-04-26 15:00:00,30.8475762289761
2023-04-26 16:00:00,50.3659657807745
2023-04-26 17:00:00,67.1639614888095
2023-04-26 18:00:00,67.4947195720999
2023-04-26 19:00:00,67.4947361662078
2023-04-26 20:00:00,67.4947315453254
2023-04-26 21:00:00,67.4944815376071
2023-04-26 22:00:00,67.1973950121101
2023-04-26 23:00:00,67.1947505382003
2023-04-27 00:00:00,67.1959806964648
2023-04-27 01:00:00,67.1944391554766
2023-04-27 02:00:00,67.1880838922514
2023-04-27 03:00:00,67.1812049058203
2023-04-27 04:00:00,67.1646295152105
2023-04-27 05:00:00,67.1640206231424
2023-04-27 06:00:00,50.3660424592526
2023-04-27 07:00:00,29.749602824132
2023-04-27 08:00:00,17.3350344479094
2023-04-27 09:00:00,14.0229156864239
2023-04-27 10:00:00,14.0229012411309
2023-04-27 11:00:00,14.0228823917658
2023-04-27 12:00:00,14.0228665819062
2023-04-27 13:00:00,14.0228842885327
2023-04-27 14:00:00,14.0229019664073
2023-04-27 15:00:00,14.324290040965
2023-04-27 16:00:00,50.3659400722092
2023-04-27 17:00:00,62.3608538281594
2023-04-27 18:00:00,67.1639950042221
2023-04-27 19:00:00,67.1640300759663
2023-04-27 20:00:00,67.1640283596638
2023-04-27 21:00:00,67.1640244514462
2023-04-27 22:00:00,67.1640202710998
2023-04-27 23:00:00,67.164005618404
2023-04-28 00:00:00,67.1639832790459
2023-04-28 01:00:00,67.1639786562893
2023-04-28 02:00:00,67.1639743584759
2023-04-28 03:00:00,67.1639758002589
2023-04-28 04:00:00,67.163976827813
2023-04-28 05:00:00,67.1638529805507
2023-04-28 06:00:00,50.3660906682316
2023-04-28 07:00:00,43.3965803783137
2023-04-28 08:00:00,37.3612769602015
2023-04-28 09:00:00,37.3585319237917
2023-04-28 10:00:00,37.3584668638663
2023-04-28 11:00:00,35.1308385597789
2023-04-28 12:00:00,35.1308207714679
2023-04-28 13:00:00,35.1308377839934
2023-04-28 14:00:00,37.3584299940978
2023-04-28 15:00:00,46.1494141708937
2023-04-28 16:00:00,57.1704606566057
2023-04-28 17:00:00,65.4802928857171
2023-04-28 18:00:00,67.4971308839778
2023-04-28 19:00:00,67.4972405310789
2023-04-28 20:00:00,67.4972396348163
2023-04-28 21:00:00,67.497236828131
2023-04-28 22:00:00,67.497233960072
2023-04-28 23:00:00,67.4972259958281
2023-04-29 00:00:00,67.4972226759546
2023-04-29 01:00:00,67.4972199312377
2023-04-29 02:00:00,67.4972195855987
2023-04-29 03:00:00,67.4972256465489
2023-04-29 04:00:00,67.4972340514815
2023-04-29 05:00:00,67.4972384085566
2023-04-29 06:00:00,67.1640084416486
2023-04-29 07:00:00,62.2053473077326
2023-04-29 08:00:00,50.3659621109087
2023-04-29 09:00:00,50.3650465457367
2023-04-29 10:00:00,50.3650332991284
2023-04-29 11:00:00,50.3650300598738
2023-04-29 12:00:00,50.3650305331387
2023-04-29 13:00:00,50.3650332228873
2023-04-29 14:00:00,50.3650427641383
2023-04-29 15:00:00,50.3660187526499
2023-04-29 16:00:00,61.5679918327792
2023-04-29 17:00:00,67.1638604129871
2023-04-29 18:00:00,67.4972227737673
2023-04-29 19:00:00,67.4972416424312
2023-04-29 20:00:00,67.4972379067498
2023-04-29 21:00:00,67.4972324880891
2023-04-29 22:00:00,67.4972292208651
2023-04-29 23:00:00,67.4972150318969
2023-04-30 00:00:00,67.4971979159133
2023-04-30 01:00:00,67.4971768308292
2023-04-30 02:00:00,67.4971731191632
2023-04-30 03:00:00,67.4972095786552
2023-04-30 04:00:00,67.4972296890179
2023-04-30 05:00:00,67.497236036835
2023-04-30 06:00:00,60.6478712832933
2023-04-30 07:00:00,49.1055023206747
2023-04-30 08:00:00,47.0031582013222
2023-04-30 09:00:00,42.2732781333495
2023-04-30 10:00:00,39.7542044358235
2023-04-30 11:00:00,39.7541578526471
2023-04-30 12:00:00,39.7541568120466
2023-04-30 13:00:00,39.7541773339775
2023-04-30 14:00:00,42.2722283265414
2023-04-30 15:00:00,49.0072861765004
2023-04-30 16:00:00,60.8058317352915
2023-04-30 17:00:00,66.5424260485949
2023-04-30 18:00:00,67.4972238737445
2023-04-30 19:00:00,67.4972439788954
2023-04-30 20:00:00,67.4972391047377
2023-04-30 21:00:00,67.4972353121191
2023-04-30 22:00:00,67.4972321924136
2023-04-30 23:00:00,67.4972241665123
2023-05-01 00:00:00,67.4972111169475
2023-05-01 01:00:00,67.4971899931723
2023-05-01 02:00:00,67.4967743051177
2023-05-01 03:00:00,67.2010482343793
2023-05-01 04:00:00,67.1886488122953
2023-05-01 05:00:00,67.1640274314812
2023-05-01 06:00:00,54.6527909822786
2023-05-01 07:00:00,45.6074188362281
2023-05-01 08:00:00,0.0617132000180056
2023-05-01 09:00:00,0.0315290302252432
2023-05-01 10:00:00,0.0315150415401237
2023-05-01 11:00:00,0.0258575839390914
2023-05-01 12:00:00,0.0258054160777163
2023-05-01 13:00:00,0.0314567703839868
2023-05-01 14:00:00,0.0315255070799648
2023-05-01 15:00:00,0.0327244803036383
2023-05-01 16:00:00,50.365951721252
2023-05-01 17:00:00,63.5219007058667
2023-05-01 18:00:00,67.1949755453479
2023-05-01 19:00:00,67.1960587655874
2023-05-01 20:00:00,67.1960721749629
2023-05-01 21:00:00,67.1960468687657
2023-05-01 22:00:00,67.1888806093903
2023-05-01 23:00:00,67.1887812386452
2023-05-02 00:00:00,67.1885611015018
2023-05-02 01:00:00,67.1885442461739
2023-05-02 02:00:00,67.1885023231864
2023-05-02 03:00:00,67.1885591772549
2023-05-02 04:00:00,67.1889373155275
2023-05-02 05:00:00,67.1960840968636
2023-05-02 06:00:00,62.2120856978407
2023-05-02 07:00:00,47.7753490708023
2023-05-02 08:00:00,17.3349708824947
2023-05-02 09:00:00,14.0228686814411
2023-05-02 10:00:00,14.0228564056205
2023-05-02 11:00:00,14.022843956174
2023-05-02 12:00:00,14.0228442020563
2023-05-02 13:00:00,14.0228568739006
2023-05-02 14:00:00,14.022879541639
2023-05-02 15:00:00,46.1554806402814
2023-05-02 16:00:00,57.6920371339492
2023-05-02 17:00:00,67.1640125881105
2023-05-02 18:00:00,67.1963112592177
2023-05-02 19:00:00,67.1963278737618
2023-05-02 20:00:00,67.1962951210326
2023-05-02 21:00:00,67.1709221207764
2023-05-02 22:00:00,67.1640374768164
2023-05-02 23:00:00,67.1640178994056
2023-05-03 00:00:00,67.1639961413842
2023-05-03 01:00:00,67.1639661037234
2023-05-03 02:00:00,67.1639725846468
2023-05-03 03:00:00,67.1639863047652
2023-05-03 04:00:00,67.1640103822916
2023-05-03 05:00:00,67.1640346115001
2023-05-03 06:00:00,50.3660292808727
2023-05-03 07:00:00,32.3255473249107
2023-05-03 08:00:00,18.4472939536897
2023-05-03 09:00:00,14.0232756234664
2023-05-03 10:00:00,14.0229114272373
2023-05-03 11:00:00,14.0228978223076
2023-05-03 12:00:00,14.0228966133084
2023-05-03 13:00:00,14.0229053524836
2023-05-03 14:00:00,14.022939779197
2023-05-03 15:00:00,26.7249997278413
2023-05-03 16:00:00,44.4003978304235
2023-05-03 17:00:00,55.2979888856041
2023-05-03 18:00:00,57.8548756024557
2023-05-03 19:00:00,57.8549078191704
2023-05-03 20:00:00,57.8549077004744
2023-05-03 21:00:00,57.8548919374567
2023-05-03 22:00:00,57.7677658883004
2023-05-03 23:00:00,57.6421433510267
2023-05-04 00:00:00,57.5469949822793
2023-05-04 01:00:00,57.5466408525265
2023-05-04 02:00:00,57.7678462929601
2023-05-04 03:00:00,57.8546390478017
2023-05-04 04:00:00,57.8548387963078
2023-05-04 05:00:00,57.8547878815554
2023-05-04 06:00:00,46.8422123487342
2023-05-04 07:00:00,0.0715392391801846
2023-05-04 08:00:00,0.0263516406104343
2023-05-04 09:00:00,0.0258622843100595
2023-05-04 10:00:00,0.0258542440354557
2023-05-04 11:00:00,0.0258484118922979
2023-05-04 12:00:00,0.025847850206654
2023-05-04 13:00:00,0.0258541529761576
2023-05-04 14:00:00,0.0258902645636031
2023-05-04 15:00:00,13.4144610101246
2023-05-04 16:00:00,27.3903979934214
2023-05-04 17:00:00,41.7484653524415
2023-05-04 18:00:00,54.3815323342097
2023-05-04 19:00:00,67.1639644545181
2023-05-04 20:00:00,67.1639753429143
2023-05-04 21:00:00,67.1639741792081
2023-05-04 22:00:00,67.1639705152604
2023-05-04 23:00:00,67.1639520026763
2023-05-05 00:00:00,67.1639190202959
2023-05-05 01:00:00,67.1638648876241
2023-05-05 02:00:00,67.163814932223
2023-05-05 03:00:00,67.1638473221422
2023-05-05 04:00:00,67.163889833547
2023-05-05 05:00:00,67.1638662087333
2023-05-05 06:00:00,50.365954667067
2023-05-05 07:00:00,8.60804398764019
2023-05-05 08:00:00,0.061721503725285
2023-05-05 09:00:00,0.0315340206638558
2023-05-05 10:00:00,0.0315228776029354
2023-05-05 11:00:00,0.031270904160467
2023-05-05 12:00:00,0.0303119690262117
2023-05-05 13:00:00,0.0314895897596865
2023-05-05 14:00:00,0.0315317102040919
2023-05-05 15:00:00,0.0549876623947476
2023-05-05 16:00:00,34.6906343775871
2023-05-05 17:00:00,60.6213377681091
2023-05-05 18:00:00,67.1638833939351
2023-05-05 19:00:00,67.164028685895
2023-05-05 20:00:00,67.1640311530304
2023-05-05 21:00:00,67.1640275922624
2023-05-05 22:00:00,67.163996466991
2023-05-05 23:00:00,67.1639605264346
2023-05-06 00:00:00,67.1638992520547
2023-05-06 01:00:00,67.16388648529
2023-05-06 02:00:00,67.1639153195574
2023-05-06 03:00:00,67.1639774291343
2023-05-06 04:00:00,67.1640182449626
2023-05-06 05:00:00,67.1640401215991
2023-05-06 06:00:00,50.3660711095588
2023-05-06 07:00:00,17.3405252926801
2023-05-06 08:00:00,14.0243924071572
2023-05-06 09:00:00,14.0229364903064
2023-05-06 10:00:00,14.0229241973851
2023-05-06 11:00:00,14.0229172254822
2023-05-06 12:00:00,14.0229157841685
2023-05-06 13:00:00,14.0229199163557
2023-05-06 14:00:00,14.0229382245578
2023-05-06 15:00:00,30.0174011215856
2023-05-06 16:00:00,50.3659692398302
2023-05-06 17:00:00,64.7685052736101
2023-05-06 18:00:00,67.4971566332054
2023-05-06 19:00:00,67.4972292173976
2023-05-06 20:00:00,67.4972282334053
2023-05-06 21:00:00,67.4972259193482
2023-05-06 22:00:00,67.1646939909802
2023-05-06 23:00:00,67.1640141235737
2023-05-07 00:00:00,67.1640068706166
2023-05-07 01:00:00,67.1640077792008
2023-05-07 02:00:00,67.1640095059865
2023-05-07 03:00:00,67.1640136728335
2023-05-07 04:00:00,67.1640352928949
2023-05-07 05:00:00,67.4972334254444
2023-05-07 06:00:00,50.3660464911023
2023-05-07 07:00:00,43.4341294086693
2023-05-07 08:00:00,17.9450462111211
2023-05-07 09:00:00,14.5170217021887
2023-05-07 10:00:00,14.0229463613616
2023-05-07 11:00:00,14.0229060877517
2023-05-07 12:00:00,14.0229035908527
2023-05-07 13:00:00,14.0229168357432
2023-05-07 14:00:00,14.0234077595869
2023-05-07 15:00:00,15.2503279576166
2023-05-07 16:00:00,50.3659267178159
2023-05-07 17:00:00,63.3191844148759
2023-05-07 18:00:00,67.1640293411997
2023-05-07 19:00:00,67.1640481294355
2023-05-07 20:00:00,67.1640360235533
2023-05-07 21:00:00,67.1640159338579
2023-05-07 22:00:00,67.1640111998353
2023-05-07 23:00:00,67.1640026298653
2023-05-08 00:00:00,67.1639933827548
2023-05-08 01:00:00,67.1639866396566
2023-05-08 02:00:00,67.1639928800188
2023-05-08 03:00:00,67.1640076312958
2023-05-08 04:00:00,67.1640202007806
2023-05-08 05:00:00,67.1640272429601
2023-05-08 06:00:00,50.3660411129059
2023-05-08 07:00:00,36.7793163286591
2023-05-08 08:00:00,17.3350475922681
2023-05-08 09:00:00,14.0229261957388
2023-05-08 10:00:00,14.0229077647485
2023-05-08 11:00:00,14.0228936659915
2023-05-08 12:00:00,14.0228914511912
2023-05-08 13:00:00,14.0228976701702
2023-05-08 14:00:00,14.0229207159482
2023-05-08 15:00:00,14.324426483634
2023-05-08 16:00:00,50.3659313180666
2023-05-08 17:00:00,62.3609774596925
2023-05-08 18:00:00,67.1637901324243
2023-05-08 19:00:00,67.1640241188508
2023-05-08 20:00:00,67.1640216115298
2023-05-08 21:00:00,67.1640126933539
2023-05-08 22:00:00,67.1640051610546
2023-05-08 23:00:00,67.1639886459381
2023-05-09 00:00:00,67.1639762844455
2023-05-09 01:00:00,67.1639684695425
2023-05-09 02:00:00,67.1639606459178
2023-05-09 03:00:00,67.1639661883468
2023-05-09 04:00:00,67.1640001782704
2023-05-09 05:00:00,67.1640164218539
2023-05-09 06:00:00,50.3660010938624
2023-05-09 07:00:00,29.5408359062974
2023-05-09 08:00:00,29.5202195635644
2023-05-09 09:00:00,25.4137333965898
2023-05-09 10:00:00,23.8910470060036
2023-05-09 11:00:00,23.8909939750929
2023-05-09 12:00:00,23.8909893034788
2023-05-09 13:00:00,23.8909906114898
2023-05-09 14:00:00,23.8909985732867
2023-05-09 15:00:00,23.8911646051428
2023-05-09 16:00:00,43.0326947204583
2023-05-09 17:00:00,50.8852206930553
2023-05-09 18:00:00,58.0080054539764
2023-05-09 19:00:00,58.0080408972378
2023-05-09 20:00:00,58.0080400944275
2023-05-09 21:00:00,58.0080121336506
2023-05-09 22:00:00,58.0062024542988
2023-05-09 23:00:00,57.8936349497718
2023-05-10 00:00:00,52.3722015332728
2023-05-10 01:00:00,52.3717920457175
2023-05-10 02:00:00,52.3717939286465
2023-05-10 03:00:00,52.3718645933293
2023-05-10 04:00:00,55.759069758833
2023-05-10 05:00:00,54.5733826466142
2023-05-10 06:00:00,46.9663169235481
2023-05-10 07:00:00,33.0209721279174
2023-05-10 08:00:00,16.9707340590881
2023-05-10 09:00:00,13.7278440244319
2023-05-10 10:00:00,13.7277645134017
2023-05-10 11:00:00,12.8978659791362
2023-05-10 12:00:00,12.8978612272662
2023-05-10 13:00:00,12.8978799659847
2023-05-10 14:00:00,13.7278270743643
2023-05-10 15:00:00,14.022900089248
2023-05-10 16:00:00,44.4043351767101
2023-05-10 17:00:00,54.3821205948453
2023-05-10 18:00:00,66.3573902383293
2023-05-10 19:00:00,67.1641397234591
2023-05-10 20:00:00,67.1641396549315
2023-05-10 21:00:00,67.1641166254396
2023-05-10 22:00:00,67.1641150957583
2023-05-10 23:00:00,67.1640838795391
2023-05-11 00:00:00,67.1640593591039
2023-05-11 01:00:00,67.1640561518691
2023-05-11 02:00:00,67.1640585126716
2023-05-11 03:00:00,67.1640549113042
2023-05-11 04:00:00,67.1640600300606
2023-05-11 05:00:00,67.1640629710427
2023-05-11 06:00:00,50.6812914426533
2023-05-11 07:00:00,39.2741910323024
2023-05-11 08:00:00,14.0228083090684
2023-05-11 09:00:00,11.3400126986079
2023-05-11 10:00:00,11.3387685499619
2023-05-11 11:00:00,10.6490696256317
2023-05-11 12:00:00,10.6490588997116
2023-05-11 13:00:00,10.6490696076698
2023-05-11 14:00:00,10.6491745401623
2023-05-11 15:00:00,11.5840332479699
2023-05-11 16:00:00,50.3659087246942
2023-05-11 17:00:00,59.694587294041
2023-05-11 18:00:00,66.443541792572
2023-05-11 19:00:00,66.4435782206244
2023-05-11 20:00:00,66.4435778293066
2023-05-11 21:00:00,66.4435621757923
2023-05-11 22:00:00,66.3756265158733
2023-05-11 23:00:00,65.9386076586252
2023-05-12 00:00:00,65.6218249581805
2023-05-12 01:00:00,65.93987530136
2023-05-12 02:00:00,65.6217892103489
2023-05-12 03:00:00,65.6214667691205
2023-05-12 04:00:00,65.1450926867791
2023-05-12 05:00:00,54.651495777473
2023-05-12 06:00:00,50.3660036390114
2023-05-12 07:00:00,30.844027584211
2023-05-12 08:00:00,30.214950885905
2023-05-12 09:00:00,22.9914432214082
2023-05-12 10:00:00,22.9913897150179
2023-05-12 11:00:00,22.9913828500714
2023-05-12 12:00:00,22.9913812817882
2023-05-12 13:00:00,22.9913826177665
2023-05-12 14:00:00,22.9913930224115
2023-05-12 15:00:00,24.4563474161256
2023-05-12 16:00:00,42.8824571237746
2023-05-12 17:00:00,50.3659485252875
2023-05-12 18:00:00,62.7071467225527
2023-05-12 19:00:00,65.1447088124843
2023-05-12 20:00:00,65.1447309254669
2023-05-12 21:00:00,65.1447262029987
2023-05-12 22:00:00,65.1447308574909
2023-05-12 23:00:00,65.1447167704848
2023-05-13 00:00:00,65.1447293435435
2023-05-13 01:00:00,65.1447349920306
2023-05-13 02:00:00,65.1447377780256
2023-05-13 03:00:00,65.1447435327794
2023-05-13 04:00:00,65.1447594640035
2023-05-13 05:00:00,65.144777621662
2023-05-13 06:00:00,52.7474645238388
2023-05-13 07:00:00,44.6291106441005
2023-05-13 08:00:00,32.917447645284
2023-05-13 09:00:00,25.050996780692
2023-05-13 10:00:00,25.0509878391684
2023-05-13 11:00:00,25.0509841126186
2023-05-13 12:00:00,25.0509839407725
2023-05-13 13:00:00,25.0509880945762
2023-05-13 14:00:00,25.0510053104613
2023-05-13 15:00:00,26.6461554283731
2023-05-13 16:00:00,51.5434543968758
2023-05-13 17:00:00,63.5215678216995
2023-05-13 18:00:00,67.1640583921646
2023-05-13 19:00:00,67.4972191264594
2023-05-13 20:00:00,67.4972188447106
2023-05-13 21:00:00,67.4972060262771
2023-05-13 22:00:00,67.4971954051829
2023-05-13 23:00:00,67.4971454276631
2023-05-14 00:00:00,67.4971567975994
2023-05-14 01:00:00,67.4971754969824
2023-05-14 02:00:00,67.4971823648434
2023-05-14 03:00:00,67.4971926185479
2023-05-14 04:00:00,67.4972195013967
2023-05-14 05:00:00,67.4972318904393
2023-05-14 06:00:00,66.3967576462025
2023-05-14 07:00:00,50.3660600618515
2023-05-14 08:00:00,50.3659477919471
2023-05-14 09:00:00,38.349183208608
2023-05-14 10:00:00,38.3491154104337
2023-05-14 11:00:00,38.3491018155047
2023-05-14 12:00:00,38.3491002747473
2023-05-14 13:00:00,38.3491032808961
2023-05-14 14:00:00,38.3491128591649
2023-05-14 15:00:00,38.3492836932732
2023-05-14 16:00:00,50.3661236917769
2023-05-14 17:00:00,64.3690994144767
2023-05-14 18:00:00,67.49712352619
2023-05-14 19:00:00,67.4972344052882
2023-05-14 20:00:00,67.4972316685009
2023-05-14 21:00:00,67.4972174893889
2023-05-14 22:00:00,67.4972013421582
2023-05-14 23:00:00,67.497163082567
2023-05-15 00:00:00,67.4971623873161
2023-05-15 01:00:00,67.4971831810019
2023-05-15 02:00:00,67.4972002707929
2023-05-15 03:00:00,67.4970464280183
2023-05-15 04:00:00,67.4972231121748
2023-05-15 05:00:00,67.4972318822327
2023-05-15 06:00:00,54.6526930257197
2023-05-15 07:00:00,39.2492505344717
2023-05-15 08:00:00,18.4508575964192
2023-05-15 09:00:00,14.023825763544
2023-05-15 10:00:00,14.0238068522239
2023-05-15 11:00:00,14.0238025376795
2023-05-15 12:00:00,14.0238018870671
2023-05-15 13:00:00,14.0238043326586
2023-05-15 14:00:00,14.0238178627694
2023-05-15 15:00:00,15.2471573336798
2023-05-15 16:00:00,42.3785113530171
2023-05-15 17:00:00,50.3659261556805
2023-05-15 18:00:00,57.1268116025807
2023-05-15 19:00:00,57.1269510279571
2023-05-15 20:00:00,57.126954069197
2023-05-15 21:00:00,57.1269497689993
2023-05-15 22:00:00,57.1269695886
2023-05-15 23:00:00,57.1269683949655
2023-05-16 00:00:00,56.8871239563221
2023-05-16 01:00:00,54.8151743113553
2023-05-16 02:00:00,54.0482467423987
2023-05-16 03:00:00,54.0479005417757
2023-05-16 04:00:00,56.1774518136916
2023-05-16 05:00:00,54.0469765371439
2023-05-16 06:00:00,50.3659990081295
2023-05-16 07:00:00,30.8436212327553
2023-05-16 08:00:00,0.0839297413212557
2023-05-16 09:00:00,0.0259359522156113
2023-05-16 10:00:00,0.0258669337148985
2023-05-16 11:00:00,0.0258557248175462
2023-05-16 12:00:00,0.0258554887128141
2023-05-16 13:00:00,0.0258641029485766
2023-05-16 14:00:00,0.0259214908498587
2023-05-16 15:00:00,14.0228792905817
2023-05-16 16:00:00,32.0965479060891
2023-05-16 17:00:00,50.4923886545025
2023-05-16 18:00:00,65.144620547064
2023-05-16 19:00:00,65.1447406884986
2023-05-16 20:00:00,65.1447402083472
2023-05-16 21:00:00,65.1447287482314
2023-05-16 22:00:00,65.1447134966739
2023-05-16 23:00:00,65.144685638091
2023-05-17 00:00:00,65.1446641384056
2023-05-17 01:00:00,65.1446666277984
2023-05-17 02:00:00,65.1446678923794
2023-05-17 03:00:00,65.1446778536233
2023-05-17 04:00:00,65.1447198367354
2023-05-17 05:00:00,65.1447291961702
2023-05-17 06:00:00,50.3421632376968
2023-05-17 07:00:00,30.8436492574373
2023-05-17 08:00:00,14.0228560807777
2023-05-17 09:00:00,10.6491695768617
2023-05-17 10:00:00,10.6491305166655
2023-05-17 11:00:00,10.649124294677
2023-05-17 12:00:00,10.6491254920553
2023-05-17 13:00:00,10.6491334788139
2023-05-17 14:00:00,10.6491878093695
2023-05-17 15:00:00,14.0229253859521
2023-05-17 16:00:00,49.229255414859
2023-05-17 17:00:00,59.6945796426135
2023-05-17 18:00:00,67.1640253957787
2023-05-17 19:00:00,67.1640573157152
2023-05-17 20:00:00,67.1640489643876
2023-05-17 21:00:00,67.1640440396834
2023-05-17 22:00:00,67.1640430262797
2023-05-17 23:00:00,67.1640382575639
2023-05-18 00:00:00,67.164037185582
2023-05-18 01:00:00,67.1640359203962
2023-05-18 02:00:00,67.1640359707116
2023-05-18 03:00:00,67.1640356907457
2023-05-18 04:00:00,67.1640359552205
2023-05-18 05:00:00,67.0763903961474
2023-05-18 06:00:00,50.3660176586909
2023-05-18 07:00:00,34.2713745296002
2023-05-18 08:00:00,17.3384502474879
2023-05-18 09:00:00,14.0228612765331
2023-05-18 10:00:00,14.0228542960723
2023-05-18 11:00:00,14.0228516254333
2023-05-18 12:00:00,14.022852844544
2023-05-18 13:00:00,14.0228583711503
2023-05-18 14:00:00,14.0228836675904
2023-05-18 15:00:00,17.4122763589369
2023-05-18 16:00:00,50.3660172609961
2023-05-18 17:00:00,61.5860551750987
2023-05-18 18:00:00,67.1639978989915
2023-05-18 19:00:00,67.1640497503882
2023-05-18 20:00:00,67.1640528618109
2023-05-18 21:00:00,67.164047806999
2023-05-18 22:00:00,67.1640484460194
2023-05-18 23:00:00,67.164047433469
2023-05-19 00:00:00,67.1640460865611
2023-05-19 01:00:00,67.1640459491422
2023-05-19 02:00:00,67.164044358502
2023-05-19 03:00:00,67.1640421974767
2023-05-19 04:00:00,67.1640404175652
2023-05-19 05:00:00,67.1640388201262
2023-05-19 06:00:00,50.3660244202261
2023-05-19 07:00:00,26.6466962837509
2023-05-19 08:00:00,17.3386190553498
2023-05-19 09:00:00,14.022970202387
2023-05-19 10:00:00,14.0229674323953
2023-05-19 11:00:00,14.022964506528
2023-05-19 12:00:00,14.0229653061263
2023-05-19 13:00:00,14.0229692967102
2023-05-19 14:00:00,14.0229825278674
2023-05-19 15:00:00,14.3292483386189
2023-05-19 16:00:00,44.8244655188611
2023-05-19 17:00:00,50.3660180187153
2023-05-19 18:00:00,60.4198465099148
2023-05-19 19:00:00,60.421237082696
2023-05-19 20:00:00,60.4212391528036
2023-05-19 21:00:00,60.4211651261609
2023-05-19 22:00:00,60.3221616096688
2023-05-19 23:00:00,60.3213785085029
2023-05-20 00:00:00,60.3213691664814
2023-05-20 01:00:00,60.3213778938753
2023-05-20 02:00:00,60.3213614945923
2023-05-20 03:00:00,60.321352316083
2023-05-20 04:00:00,60.3214159049291
2023-05-20 05:00:00,60.4210094675509
2023-05-20 06:00:00,48.9255835986693
2023-05-20 07:00:00,42.490539640338
2023-05-20 08:00:00,34.7220858302526
2023-05-20 09:00:00,34.7214972066688
2023-05-20 10:00:00,34.7213774272417
2023-05-20 11:00:00,34.7213749534585
2023-05-20 12:00:00,34.7214021681593
2023-05-20 13:00:00,34.7218151738482
2023-05-20 14:00:00,34.7221081783613
2023-05-20 15:00:00,39.0675720892078
2023-05-20 16:00:00,50.1219831753406
2023-05-20 17:00:00,54.3819255959091
2023-05-20 18:00:00,61.9027110828662
2023-05-20 19:00:00,67.1638351678458
2023-05-20 20:00:00,67.1638387894279
2023-05-20 21:00:00,67.1638125746039
2023-05-20 22:00:00,67.1637707775239
2023-05-20 23:00:00,67.1636392091797
2023-05-21 00:00:00,67.1636344997437
2023-05-21 01:00:00,67.1636887190575
2023-05-21 02:00:00,67.1637460686495
2023-05-21 03:00:00,67.163784532735
2023-05-21 04:00:00,67.1638418499592
2023-05-21 05:00:00,67.1638592650129
2023-05-21 06:00:00,51.5038227123553
2023-05-21 07:00:00,49.8962865891357
2023-05-21 08:00:00,40.3956428527187
2023-05-21 09:00:00,40.3955474158502
2023-05-21 10:00:00,40.3955415806292
2023-05-21 11:00:00,40.3955424408236
2023-05-21 12:00:00,40.3955481841188
2023-05-21 13:00:00,40.3955615672883
2023-05-21 14:00:00,40.3956725684313
2023-05-21 15:00:00,47.4565220386382
2023-05-21 16:00:00,51.2164754413913
2023-05-21 17:00:00,65.9505565986485
2023-05-21 18:00:00,67.1638580357862
2023-05-21 19:00:00,67.1640415921611
2023-05-21 20:00:00,67.1640408085738
2023-05-21 21:00:00,67.164032494641
2023-05-21 22:00:00,67.1640294189897
2023-05-21 23:00:00,67.1640142739586
2023-05-22 00:00:00,67.1640036503905
2023-05-22 01:00:00,67.1640058975839
2023-05-22 02:00:00,67.1640097425992
2023-05-22 03:00:00,67.1640163851581
2023-05-22 04:00:00,67.1640292807543
2023-05-22 05:00:00,67.1640378268862
2023-05-22 06:00:00,53.5328875695444
2023-05-22 07:00:00,50.3660040591779
2023-05-22 08:00:00,43.3405176790666
2023-05-22 09:00:00,43.3402679746996
2023-05-22 10:00:00,43.3402617857551
2023-05-22 11:00:00,43.3402613259525
2023-05-22 12:00:00,43.3402662391072
2023-05-22 13:00:00,43.3402834826626
2023-05-22 14:00:00,43.3403389160912
2023-05-22 15:00:00,50.0112865142081
2023-05-22 16:00:00,50.6970192686581
2023-05-22 17:00:00,65.1447403266473
2023-05-22 18:00:00,65.4093438789308
2023-05-22 19:00:00,67.164005007597
2023-05-22 20:00:00,67.1640123240857
2023-05-22 21:00:00,67.1640027410787
2023-05-22 22:00:00,67.1639954732368
2023-05-22 23:00:00,67.1639366247514
2023-05-23 00:00:00,67.1637729769534
2023-05-23 01:00:00,67.1633930188119
2023-05-23 02:00:00,67.1632072665234
2023-05-23 03:00:00,67.1632448834973
2023-05-23 04:00:00,67.1638484126682
2023-05-23 05:00:00,67.1639579038974
2023-05-23 06:00:00,50.3657913306438
2023-05-23 07:00:00,32.5004580064314
2023-05-23 08:00:00,27.3375276170752
2023-05-23 09:00:00,27.3374533889143
2023-05-23 10:00:00,27.3374481218751
2023-05-23 11:00:00,27.3374463751474
2023-05-23 12:00:00,27.3374478058339
2023-05-23 13:00:00,27.3374550628272
2023-05-23 14:00:00,27.3374826841742
2023-05-23 15:00:00,31.8871868023165
2023-05-23 16:00:00,50.3659862644984
2023-05-23 17:00:00,54.3839667764553
2023-05-23 18:00:00,65.1448696095251
2023-05-23 19:00:00,67.164032797469
2023-05-23 20:00:00,67.1640367233514
2023-05-23 21:00:00,67.1640296961957
2023-05-23 22:00:00,67.1640258646057
2023-05-23 23:00:00,67.1640172481572
2023-05-24 00:00:00,67.164027124984
2023-05-24 01:00:00,67.1640332350119
2023-05-24 02:00:00,67.1640410423321
2023-05-24 03:00:00,67.1640464842546
2023-05-24 04:00:00,67.1640540192792
2023-05-24 05:00:00,67.1640336766009
2023-05-24 06:00:00,53.492468365406
2023-05-24 07:00:00,49.7626789226416
2023-05-24 08:00:00,43.3029363075228
2023-05-24 09:00:00,43.3028698737214
2023-05-24 10:00:00,43.3028672083823
2023-05-24 11:00:00,43.3028670626565
2023-05-24 12:00:00,43.302869655776
2023-05-24 13:00:00,43.3028777488642
2023-05-24 14:00:00,43.3029434678851
2023-05-24 15:00:00,46.3705870749088
2023-05-24 16:00:00,56.6259657765887
2023-05-24 17:00:00,66.3567580545606
2023-05-24 18:00:00,67.1646925860275
2023-05-24 19:00:00,67.1679661499879
2023-05-24 20:00:00,67.1679700099248
2023-05-24 21:00:00,67.1679547899945
2023-05-24 22:00:00,67.1650944763588
2023-05-24 23:00:00,67.1640717640172
2023-05-25 00:00:00,67.164055041845
2023-05-25 01:00:00,67.1640497497079
2023-05-25 02:00:00,67.1640518393323
2023-05-25 03:00:00,67.1640530567028
2023-05-25 04:00:00,67.1640524308583
2023-05-25 05:00:00,67.1640179206196
2023-05-25 06:00:00,50.3659908615878
2023-05-25 07:00:00,16.5877135938492
2023-05-25 08:00:00,13.4148937649248
2023-05-25 09:00:00,13.4145423299304
2023-05-25 10:00:00,13.4145357979774
2023-05-25 11:00:00,13.4145325359874
2023-05-25 12:00:00,13.4145329725364
2023-05-25 13:00:00,13.4145380656061
2023-05-25 14:00:00,13.4145600070945
2023-05-25 15:00:00,23.9929720387057
2023-05-25 16:00:00,36.4953123511998
2023-05-25 17:00:00,50.365916131184
2023-05-25 18:00:00,50.8388545360694
2023-05-25 19:00:00,50.8389082228108
2023-05-25 20:00:00,50.8389148416301
2023-05-25 21:00:00,50.8389078494371
2023-05-25 22:00:00,50.8388782643478
2023-05-25 23:00:00,50.8388655644286
2023-05-26 00:00:00,50.8388557312007
2023-05-26 01:00:00,50.8388454538709
2023-05-26 02:00:00,50.8388382810578
2023-05-26 03:00:00,50.8388152962232
2023-05-26 04:00:00,50.8383523476736
2023-05-26 05:00:00,50.3660090718684
2023-05-26 06:00:00,41.1589427850142
2023-05-26 07:00:00,14.0488090392012
2023-05-26 08:00:00,11.8762237955619
2023-05-26 09:00:00,11.3582538724746
2023-05-26 10:00:00,11.3582389297972
2023-05-26 11:00:00,11.358235387461
2023-05-26 12:00:00,11.3582348095169
2023-05-26 13:00:00,11.3582386302874
2023-05-26 14:00:00,11.35825491415
2023-05-26 15:00:00,13.4145276353917
2023-05-26 16:00:00,36.4910732581103
2023-05-26 17:00:00,50.3660167848651
2023-05-26 18:00:00,65.1445837681316
2023-05-26 19:00:00,67.1639933282033
2023-05-26 20:00:00,67.1640087208549
2023-05-26 21:00:00,67.1639993306273
2023-05-26 22:00:00,67.1639755797244
2023-05-26 23:00:00,67.163877234147
2023-05-27 00:00:00,67.1637681393693
2023-05-27 01:00:00,67.1638613428341
2023-05-27 02:00:00,67.1639106840971
2023-05-27 03:00:00,67.1639671794883
2023-05-27 04:00:00,67.1640083340215
2023-05-27 05:00:00,67.1640249209217
2023-05-27 06:00:00,50.3659814557703
2023-05-27 07:00:00,26.0173149058531
2023-05-27 08:00:00,21.9991598874722
2023-05-27 09:00:00,21.0536170643507
2023-05-27 10:00:00,21.0536158727623
2023-05-27 11:00:00,21.0536159728839
2023-05-27 12:00:00,21.0536213917321
2023-05-27 13:00:00,21.0536315512166
2023-05-27 14:00:00,21.0536608395615
2023-05-27 15:00:00,44.8003827509772
2023-05-27 16:00:00,52.0589006931362
2023-05-27 17:00:00,67.1640329973694
2023-05-27 18:00:00,67.1646110568827
2023-05-27 19:00:00,67.1646340611907
2023-05-27 20:00:00,67.1646352918058
2023-05-27 21:00:00,67.1646214323702
2023-05-27 22:00:00,67.1640735922834
2023-05-27 23:00:00,67.1640515210379
2023-05-28 00:00:00,67.1640455266514
2023-05-28 01:00:00,67.1640593913363
2023-05-28 02:00:00,67.1642957979138
2023-05-28 03:00:00,67.1645450771273
2023-05-28 04:00:00,67.1646335323311
2023-05-28 05:00:00,67.1646284347485
2023-05-28 06:00:00,50.365963234919
2023-05-28 07:00:00,28.411536328232
2023-05-28 08:00:00,23.0197279839151
2023-05-28 09:00:00,22.9921216466884
2023-05-28 10:00:00,22.9921086348983
2023-05-28 11:00:00,22.9921023074152
2023-05-28 12:00:00,22.9921038424761
2023-05-28 13:00:00,22.9921124167949
2023-05-28 14:00:00,22.992136576879
2023-05-28 15:00:00,31.08298137372
2023-05-28 16:00:00,48.8511554445732
2023-05-28 17:00:00,55.3981891618508
2023-05-28 18:00:00,67.1640174494226
2023-05-28 19:00:00,67.164058339103
2023-05-28 20:00:00,67.1640598831585
2023-05-28 21:00:00,67.1640549700236
2023-05-28 22:00:00,67.1640495770319
2023-05-28 23:00:00,67.1640454089893
2023-05-29 00:00:00,67.1640413665301
2023-05-29 01:00:00,67.1640389596952
2023-05-29 02:00:00,67.1640381855257
2023-05-29 03:00:00,67.1640401102946
2023-05-29 04:00:00,67.1640463536587
2023-05-29 05:00:00,67.1640524793375
2023-05-29 06:00:00,50.3660215851052
2023-05-29 07:00:00,17.4832041787386
2023-05-29 08:00:00,14.1416136243637
2023-05-29 09:00:00,14.1410117753474
2023-05-29 10:00:00,14.1410064010282
2023-05-29 11:00:00,14.1410049549451
2023-05-29 12:00:00,14.1410094227183
2023-05-29 13:00:00,14.1410274908903
2023-05-29 14:00:00,14.1411034682281
2023-05-29 15:00:00,29.5746973227775
2023-05-29 16:00:00,46.1717030266495
2023-05-29 17:00:00,53.448109637009
2023-05-29 18:00:00,67.1639789835975
2023-05-29 19:00:00,67.1640562056344
2023-05-29 20:00:00,67.1640579619251
2023-05-29 21:00:00,67.1640545958893
2023-05-29 22:00:00,67.1640521591405
2023-05-29 23:00:00,67.1640483013041
2023-05-30 00:00:00,67.1640447745009
2023-05-30 01:00:00,67.1640423246209
2023-05-30 02:00:00,67.1640416283504
2023-05-30 03:00:00,67.1640438141926
2023-05-30 04:00:00,67.1640477947651
2023-05-30 05:00:00,67.1640527129766
2023-05-30 06:00:00,50.3660098929625
2023-05-30 07:00:00,30.3110534322082
2023-05-30 08:00:00,25.6322770472306
2023-05-30 09:00:00,24.5306774679638
2023-05-30 10:00:00,24.5306627877497
2023-05-30 11:00:00,24.5306561007648
2023-05-30 12:00:00,24.5306553324621
2023-05-30 13:00:00,24.5306595516946
2023-05-30 14:00:00,24.5306757571858
2023-05-30 15:00:00,40.6198331780074
2023-05-30 16:00:00,50.3659826972799
2023-05-30 17:00:00,63.4278079113917
2023-05-30 18:00:00,67.163984029843
2023-05-30 19:00:00,67.164059747058
2023-05-30 20:00:00,67.1640615659203
2023-05-30 21:00:00,67.1640568319704
2023-05-30 22:00:00,67.1640529061242
2023-05-30 23:00:00,67.1640485010206
2023-05-31 00:00:00,67.1640451517005
2023-05-31 01:00:00,67.1640430286488
2023-05-31 02:00:00,67.1640430374793
2023-05-31 03:00:00,67.1640450219424
2023-05-31 04:00:00,67.1640491807697
2023-05-31 05:00:00,67.164055457269
2023-05-31 06:00:00,50.3660581197169
2023-05-31 07:00:00,14.6881118214621
2023-05-31 08:00:00,14.0223086814671
2023-05-31 09:00:00,13.4145470672933
2023-05-31 10:00:00,13.4145257369761
2023-05-31 11:00:00,13.4145219756581
2023-05-31 12:00:00,13.4145244205592
2023-05-31 13:00:00,13.4145425488333
2023-05-31 14:00:00,13.4147898065945
2023-05-31 15:00:00,14.116682695331
2023-05-31 16:00:00,36.3480550730136
2023-05-31 17:00:00,50.3659940829009
2023-05-31 18:00:00,67.1639842591273
2023-05-31 19:00:00,67.1640565068339
2023-05-31 20:00:00,67.1640579738614
2023-05-31 21:00:00,67.1640550365391
2023-05-31 22:00:00,67.1640515020556
2023-05-31 23:00:00,67.1640474646308
2023-06-01 00:00:00,67.164043484346
2023-06-01 01:00:00,67.1640402969746
2023-06-01 02:00:00,67.1640380332435
2023-06-01 03:00:00,67.1640376750818
2023-06-01 04:00:00,67.1640358722603
2023-06-01 05:00:00,67.1640344125108
2023-06-01 06:00:00,50.365836550795
2023-06-01 07:00:00,14.6562901489879
2023-06-01 08:00:00,14.0228577885662
2023-06-01 09:00:00,14.0223198073677
2023-06-01 10:00:00,14.0223132600399
2023-06-01 11:00:00,14.0223117447587
2023-06-01 12:00:00,14.0223157873234
2023-06-01 13:00:00,14.0223290783984
2023-06-01 14:00:00,14.1459795113229
2023-06-01 15:00:00,29.8135149810107
2023-06-01 16:00:00,43.3041989239884
2023-06-01 17:00:00,52.0959380561299
2023-06-01 18:00:00,67.1635518360363
2023-06-01 19:00:00,67.1640456836397
2023-06-01 20:00:00,67.1640512171702
2023-06-01 21:00:00,67.1640490500043
2023-06-01 22:00:00,67.1640450418493
2023-06-01 23:00:00,67.1640348660593
2023-06-02 00:00:00,67.1640212205798
2023-06-02 01:00:00,67.1640126551115
2023-06-02 02:00:00,67.1639972229576
2023-06-02 03:00:00,67.1639912587838
2023-06-02 04:00:00,67.1639766500803
2023-06-02 05:00:00,67.1639481319701
2023-06-02 06:00:00,50.3653958676006
2023-06-02 07:00:00,15.314631038103
2023-06-02 08:00:00,14.0222842948183
2023-06-02 09:00:00,13.4145590304716
2023-06-02 10:00:00,13.4145295225519
2023-06-02 11:00:00,13.4145261479374
2023-06-02 12:00:00,13.4145347820225
2023-06-02 13:00:00,13.4145833001313
2023-06-02 14:00:00,13.7043794834352
2023-06-02 15:00:00,38.3913039433772
2023-06-02 16:00:00,50.3659872891641
2023-06-02 17:00:00,63.2550047753468
2023-06-02 18:00:00,66.6436227514579
2023-06-02 19:00:00,67.1640520765517
2023-06-02 20:00:00,67.1640575415435
2023-06-02 21:00:00,67.1640543975678
2023-06-02 22:00:00,67.1640501258823
2023-06-02 23:00:00,67.1640432755327
2023-06-03 00:00:00,67.1640375578606
2023-06-03 01:00:00,67.1640333884592
2023-06-03 02:00:00,67.1640361447201
2023-06-03 03:00:00,67.1640409080888
2023-06-03 04:00:00,67.1640480980252
2023-06-03 05:00:00,67.1640550647953
2023-06-03 06:00:00,50.3660221662115
2023-06-03 07:00:00,31.597124408877
2023-06-03 08:00:00,25.5723846797596
2023-06-03 09:00:00,25.5723356987002
2023-06-03 10:00:00,25.5723299210154
2023-06-03 11:00:00,25.5723290561272
2023-06-03 12:00:00,25.5723342229689
2023-06-03 13:00:00,25.5723488284833
2023-06-03 14:00:00,25.5730562135623
2023-06-03 15:00:00,47.839529408034
2023-06-03 16:00:00,52.0581245514907
2023-06-03 17:00:00,66.3571094908729
2023-06-03 18:00:00,67.1640510742433
2023-06-03 19:00:00,67.1640696456414
2023-06-03 20:00:00,67.1640716224947
2023-06-03 21:00:00,67.164063730362
2023-06-03 22:00:00,67.1640572958825
2023-06-03 23:00:00,67.1640532959952
2023-06-04 00:00:00,67.1640501584175
2023-06-04 01:00:00,67.1640469220504
2023-06-04 02:00:00,67.1640479441246
2023-06-04 03:00:00,67.1640504495038
2023-06-04 04:00:00,67.1640572557517
2023-06-04 05:00:00,67.1640712187927
2023-06-04 06:00:00,50.3660547216566
2023-06-04 07:00:00,43.1362026053531
2023-06-04 08:00:00,34.9159050680539
2023-06-04 09:00:00,34.9158630982365
2023-06-04 10:00:00,34.9158543990642
2023-06-04 11:00:00,34.9158518026586
2023-06-04 12:00:00,34.9158568727735
2023-06-04 13:00:00,34.915868612413
2023-06-04 14:00:00,35.6711162526953
2023-06-04 15:00:00,47.7101913901267
2023-06-04 16:00:00,59.6945684893718
2023-06-04 17:00:00,67.1640479589967
2023-06-04 18:00:00,67.4972406207805
2023-06-04 19:00:00,67.4972563654477
2023-06-04 20:00:00,67.4972563106926
2023-06-04 21:00:00,67.4972519762871
2023-06-04 22:00:00,67.4972486045814
2023-06-04 23:00:00,67.4972469199248
2023-06-05 00:00:00,67.4972460966911
2023-06-05 01:00:00,67.497245594781
2023-06-05 02:00:00,67.4972454525003
2023-06-05 03:00:00,67.497245871494
2023-06-05 04:00:00,67.4972468351945
2023-06-05 05:00:00,67.4972481166253
2023-06-05 06:00:00,61.4590723818742
2023-06-05 07:00:00,50.3660739927827
2023-06-05 08:00:00,45.5926353864963
2023-06-05 09:00:00,45.592598646522
2023-06-05 10:00:00,45.5920478238759
2023-06-05 11:00:00,45.5920324186721
2023-06-05 12:00:00,45.5925557211075
2023-06-05 13:00:00,45.5926042642608
2023-06-05 14:00:00,45.5926231101278
2023-06-05 15:00:00,50.3659591314375
2023-06-05 16:00:00,59.6951589922568
2023-06-05 17:00:00,67.1640518147624
2023-06-05 18:00:00,67.4972400402983
2023-06-05 19:00:00,67.4972558197187
2023-06-05 20:00:00,67.4972556446593
2023-06-05 21:00:00,67.4972510334619
2023-06-05 22:00:00,67.4972481408149
2023-06-05 23:00:00,67.4972436785216
2023-06-06 00:00:00,67.4972397460611
2023-06-06 01:00:00,67.4972396606432
2023-06-06 02:00:00,67.497244184958
2023-06-06 03:00:00,67.4972443254786
2023-06-06 04:00:00,67.4972445142171
2023-06-06 05:00:00,67.4972461435311
2023-06-06 06:00:00,52.1352605104545
2023-06-06 07:00:00,44.2990305122064
2023-06-06 08:00:00,36.788284971091
2023-06-06 09:00:00,29.7800389955976
2023-06-06 10:00:00,29.7786533121975
2023-06-06 11:00:00,29.7786301479669
2023-06-06 12:00:00,29.7786329942391
2023-06-06 13:00:00,29.7786647390889
2023-06-06 14:00:00,29.780037167317
2023-06-06 15:00:00,46.7941536028677
2023-06-06 16:00:00,54.651528772994
2023-06-06 17:00:00,67.1640336685753
2023-06-06 18:00:00,67.4972339161731
2023-06-06 19:00:00,67.4972504572143
2023-06-06 20:00:00,67.4972508763735
2023-06-06 21:00:00,67.4972484491135
2023-06-06 22:00:00,67.4972432799631
2023-06-06 23:00:00,67.4972362412557
2023-06-07 00:00:00,67.4972025390318
2023-06-07 01:00:00,67.4972132320309
2023-06-07 02:00:00,67.4972273481547
2023-06-07 03:00:00,67.4972364884594
2023-06-07 04:00:00,67.4972394652956
2023-06-07 05:00:00,67.4972405577184
2023-06-07 06:00:00,62.2065917413463
2023-06-07 07:00:00,50.8946455045733
2023-06-07 08:00:00,50.3660675960756
2023-06-07 09:00:00,50.366048680841
2023-06-07 10:00:00,50.3660471365379
2023-06-07 11:00:00,50.3660433193013
2023-06-07 12:00:00,50.3660428631067
2023-06-07 13:00:00,50.3660464978043
2023-06-07 14:00:00,50.3660583174497
2023-06-07 15:00:00,50.3661530492257
2023-06-07 16:00:00,61.2961070956759
2023-06-07 17:00:00,67.1640300108072
2023-06-07 18:00:00,67.1641056965562
2023-06-07 19:00:00,67.164180714564
2023-06-07 20:00:00,67.1641785990198
2023-06-07 21:00:00,67.1640911109791
2023-06-07 22:00:00,67.1640562947695
2023-06-07 23:00:00,67.1640414747054
2023-06-08 00:00:00,67.1639687025522
2023-06-08 01:00:00,67.1512435579342
2023-06-08 02:00:00,66.3571327954989
2023-06-08 03:00:00,67.1638918786805
2023-06-08 04:00:00,67.1638724285737
2023-06-08 05:00:00,67.1638913927965
2023-06-08 06:00:00,41.9567511962395
2023-06-08 07:00:00,32.489590304933
2023-06-08 08:00:00,28.0561493110175
2023-06-08 09:00:00,28.056134158741
2023-06-08 10:00:00,28.0561299066943
2023-06-08 11:00:00,28.0561234730651
2023-06-08 12:00:00,28.0561251205745
2023-06-08 13:00:00,28.0561311058256
2023-06-08 14:00:00,28.056144856993
2023-06-08 15:00:00,42.3101882598826
2023-06-08 16:00:00,50.3660013774427
2023-06-08 17:00:00,61.4948306421175
2023-06-08 18:00:00,62.8167656064022
2023-06-08 19:00:00,62.8168023485314
2023-06-08 20:00:00,62.8168045021228
2023-06-08 21:00:00,62.8167309588388
2023-06-08 22:00:00,62.8094530086651
2023-06-08 23:00:00,62.7274316934024
2023-06-09 00:00:00,62.7194704077503
2023-06-09 01:00:00,62.7194370290224
2023-06-09 02:00:00,62.7194270583837
2023-06-09 03:00:00,62.7191373161264
2023-06-09 04:00:00,58.4586265941312
2023-06-09 05:00:00,51.9770895801105
2023-06-09 06:00:00,21.9290838217075
2023-06-09 07:00:00,14.6558632580607
2023-06-09 08:00:00,13.4151008588825
2023-06-09 09:00:00,13.4145369581578
2023-06-09 10:00:00,13.4145293174684
2023-06-09 11:00:00,13.4145220740424
2023-06-09 12:00:00,13.4145229349836
2023-06-09 13:00:00,13.4145308943554
2023-06-09 14:00:00,13.4145503217674
2023-06-09 15:00:00,14.0980329365621
2023-06-09 16:00:00,45.569684663735
2023-06-09 17:00:00,51.1325114050938
2023-06-09 18:00:00,56.1781871811734
2023-06-09 19:00:00,67.1639971230745
2023-06-09 20:00:00,67.1640210741242
2023-06-09 21:00:00,67.1640191928863
2023-06-09 22:00:00,67.1640051717762
2023-06-09 23:00:00,67.1639831517471
2023-06-10 00:00:00,67.1639319749658
2023-06-10 01:00:00,67.1638849819655
2023-06-10 02:00:00,67.1638957145895
2023-06-10 03:00:00,67.1639681165818
2023-06-10 04:00:00,67.1640139605613
2023-06-10 05:00:00,67.1640366869489
2023-06-10 06:00:00,50.3660507650821
2023-06-10 07:00:00,34.5539832203128
2023-06-10 08:00:00,31.300405794855
2023-06-10 09:00:00,29.7462271781687
2023-06-10 10:00:00,29.7462024776862
2023-06-10 11:00:00,29.7461371695545
2023-06-10 12:00:00,29.7461357590491
2023-06-10 13:00:00,29.7461698536564
2023-06-10 14:00:00,29.7462192458618
2023-06-10 15:00:00,31.3004511566226
2023-06-10 16:00:00,48.336984272289
2023-06-10 17:00:00,61.0791195540382
2023-06-10 18:00:00,67.1633697813133
2023-06-10 19:00:00,67.1640627145529
2023-06-10 20:00:00,67.1640647475635
2023-06-10 21:00:00,67.1640609486537
2023-06-10 22:00:00,67.1640564110524
2023-06-10 23:00:00,67.1640498716162
2023-06-11 00:00:00,67.1640454765616
2023-06-11 01:00:00,67.1640437197887
2023-06-11 02:00:00,67.1640440702459
2023-06-11 03:00:00,67.164048907011
2023-06-11 04:00:00,67.1640556332244
2023-06-11 05:00:00,67.164062872144
2023-06-11 06:00:00,22.1203516832023
2023-06-11 07:00:00,16.7298129841582
2023-06-11 08:00:00,14.0229044682866
2023-06-11 09:00:00,13.5298733945175
2023-06-11 10:00:00,13.5298518274242
2023-06-11 11:00:00,13.5298487109805
2023-06-11 12:00:00,13.5298509652212
2023-06-11 13:00:00,13.5298603598594
2023-06-11 14:00:00,13.5957795777866
2023-06-11 15:00:00,45.9853402997402
2023-06-11 16:00:00,50.3660275199201
2023-06-11 17:00:00,65.7510010382922
2023-06-11 18:00:00,67.1646827211529
2023-06-11 19:00:00,67.4971961371388
2023-06-11 20:00:00,67.4972068985426
2023-06-11 21:00:00,67.4970264718952
2023-06-11 22:00:00,67.1692718606865
2023-06-11 23:00:00,67.16470466823
2023-06-12 00:00:00,67.164703846645
2023-06-12 01:00:00,67.1646448446202
2023-06-12 02:00:00,67.1646824516521
2023-06-12 03:00:00,67.1647207227217
2023-06-12 04:00:00,67.4971263956532
2023-06-12 05:00:00,67.4972207147999
2023-06-12 06:00:00,54.8133723040399
2023-06-12 07:00:00,50.2247497456367
2023-06-12 08:00:00,40.6608817929196
2023-06-12 09:00:00,40.6607385220335
2023-06-12 10:00:00,40.6607319860588
2023-06-12 11:00:00,40.6607310696352
2023-06-12 12:00:00,40.6607344875286
2023-06-12 13:00:00,40.6607457408158
2023-06-12 14:00:00,41.277375453084
2023-06-12 15:00:00,50.3233489878804
2023-06-12 16:00:00,53.3028516661246
2023-06-12 17:00:00,67.1640427419892
2023-06-12 18:00:00,67.1723540881292
2023-06-12 19:00:00,67.172438082349
2023-06-12 20:00:00,67.1724284214626
2023-06-12 21:00:00,67.1647641652313
2023-06-12 22:00:00,67.1645616533173
2023-06-12 23:00:00,67.1644949540225
2023-06-13 00:00:00,67.1645802276906
2023-06-13 01:00:00,67.1647056427235
2023-06-13 02:00:00,67.1647539833215
2023-06-13 03:00:00,67.1688337050392
2023-06-13 04:00:00,67.1723829838292
2023-06-13 05:00:00,67.1648642522946
2023-06-13 06:00:00,59.7992876008767
2023-06-13 07:00:00,50.3660706115657
2023-06-13 08:00:00,44.5849910012756
2023-06-13 09:00:00,44.3627773546032
2023-06-13 10:00:00,44.3627707115552
2023-06-13 11:00:00,44.3627684249811
2023-06-13 12:00:00,44.3627693821834
2023-06-13 13:00:00,44.3627733750535
2023-06-13 14:00:00,44.3628085768529
2023-06-13 15:00:00,46.1498304300801
2023-06-13 16:00:00,50.36597762488
2023-06-13 17:00:00,63.5215360697007
2023-06-13 18:00:00,67.1640275598958
2023-06-13 19:00:00,67.1640608103822
2023-06-13 20:00:00,67.1640625202015
2023-06-13 21:00:00,67.1640532725113
2023-06-13 22:00:00,67.164041365312
2023-06-13 23:00:00,67.1639927202462
2023-06-14 00:00:00,67.1639932216354
2023-06-14 01:00:00,67.1640037225972
2023-06-14 02:00:00,67.1640259450849
2023-06-14 03:00:00,67.1640525199936
2023-06-14 04:00:00,67.1640975758339
2023-06-14 05:00:00,67.1641081480282
2023-06-14 06:00:00,55.3282291141371
2023-06-14 07:00:00,45.9874783740198
2023-06-14 08:00:00,32.9235048357509
2023-06-14 09:00:00,25.0538797257983
2023-06-14 10:00:00,25.053841322479
2023-06-14 11:00:00,25.0538290976865
2023-06-14 12:00:00,25.0538281484511
2023-06-14 13:00:00,25.0538371682876
2023-06-14 14:00:00,25.0538859157949
2023-06-14 15:00:00,26.649660533152
2023-06-14 16:00:00,49.3192804146411
2023-06-14 17:00:00,63.5207745874123
2023-06-14 18:00:00,67.1641638948001
2023-06-14 19:00:00,67.497240291608
2023-06-14 20:00:00,67.4972424371386
2023-06-14 21:00:00,67.4972407549755
2023-06-14 22:00:00,67.4972406627258
2023-06-14 23:00:00,67.4972357887067
2023-06-15 00:00:00,67.4972329075822
2023-06-15 01:00:00,67.4972311713756
2023-06-15 02:00:00,67.4972311651318
2023-06-15 03:00:00,67.4972312907594
2023-06-15 04:00:00,67.497229983988
2023-06-15 05:00:00,67.4972320736763
2023-06-15 06:00:00,51.2189601803069
2023-06-15 07:00:00,44.1140001212945
2023-06-15 08:00:00,14.0228839121954
2023-06-15 09:00:00,11.3400766467998
2023-06-15 10:00:00,11.3400668588504
2023-06-15 11:00:00,11.3400555863389
2023-06-15 12:00:00,11.3400487364765
2023-06-15 13:00:00,11.3400609971539
2023-06-15 14:00:00,11.3400742731613
2023-06-15 15:00:00,12.3341674922155
2023-06-15 16:00:00,52.4981824162758
2023-06-15 17:00:00,67.16403863166
2023-06-15 18:00:00,67.497238395116
2023-06-15 19:00:00,67.4973021551948
2023-06-15 20:00:00,67.4973068152761
2023-06-15 21:00:00,67.4972848967828
2023-06-15 22:00:00,67.4972680402312
2023-06-15 23:00:00,67.4972609097592
2023-06-16 00:00:00,67.4972571979649
2023-06-16 01:00:00,67.4972553698525
2023-06-16 02:00:00,67.4972560569926
2023-06-16 03:00:00,67.4972568137904
2023-06-16 04:00:00,67.4972555499898
2023-06-16 05:00:00,67.4972370851249
2023-06-16 06:00:00,50.3660664939571
2023-06-16 07:00:00,16.5870959394629
2023-06-16 08:00:00,13.4145615157405
2023-06-16 09:00:00,13.4142212435103
2023-06-16 10:00:00,13.4142124427294
2023-06-16 11:00:00,13.4142073075537
2023-06-16 12:00:00,13.414204938823
2023-06-16 13:00:00,13.414209589926
2023-06-16 14:00:00,13.414219511332
2023-06-16 15:00:00,14.0229110158428
2023-06-16 16:00:00,59.9651402445419
2023-06-16 17:00:00,67.1640548307891
2023-06-16 18:00:00,80.5620109725217
2023-06-16 19:00:00,80.7681965738784
2023-06-16 20:00:00,80.7682581528374
2023-06-16 21:00:00,80.7682523479649
2023-06-16 22:00:00,80.6354445761337
2023-06-16 23:00:00,80.5928078726308
2023-06-17 00:00:00,80.6342052216941
2023-06-17 01:00:00,80.6343938338817
2023-06-17 02:00:00,80.7611314855423
2023-06-17 03:00:00,80.7682239575099
2023-06-17 04:00:00,80.7682528623237
2023-06-17 05:00:00,80.7682651952757
2023-06-17 06:00:00,65.8472060927611
2023-06-17 07:00:00,59.6945535152081
2023-06-17 08:00:00,48.8537137451987
2023-06-17 09:00:00,48.8531385764438
2023-06-17 10:00:00,48.3322509049199
2023-06-17 11:00:00,48.3321765833364
2023-06-17 12:00:00,48.3321789363903
2023-06-17 13:00:00,48.3322390529979
2023-06-17 14:00:00,48.8531368036916
2023-06-17 15:00:00,50.3660076940903
2023-06-17 16:00:00,67.1641324836381
2023-06-17 17:00:00,67.4972653884292
2023-06-17 18:00:00,85.932296543605
2023-06-17 19:00:00,85.932364299793
2023-06-17 20:00:00,85.9323708471035
2023-06-17 21:00:00,85.9323687582065
2023-06-17 22:00:00,85.932150605125
2023-06-17 23:00:00,85.9319722583468
2023-06-18 00:00:00,85.7709122438328
2023-06-18 01:00:00,85.7707495277971
2023-06-18 02:00:00,85.7706245029479
2023-06-18 03:00:00,85.9158913999279
2023-06-18 04:00:00,85.9321301824494
2023-06-18 05:00:00,85.9317783850571
2023-06-18 06:00:00,67.1640854572623
2023-06-18 07:00:00,66.429700764486
2023-06-18 08:00:00,58.5401927495865
2023-06-18 09:00:00,53.7867874221857
2023-06-18 10:00:00,53.7867472349274
2023-06-18 11:00:00,53.7867438586565
2023-06-18 12:00:00,53.7867436947881
2023-06-18 13:00:00,53.7867475685015
2023-06-18 14:00:00,53.7867608182695
2023-06-18 15:00:00,58.9733211231153
2023-06-18 16:00:00,66.9099125391445
2023-06-18 17:00:00,67.4973145336513
2023-06-18 18:00:00,74.1256467420313
2023-06-18 19:00:00,74.1259209985174
2023-06-18 20:00:00,74.1259276875932
2023-06-18 21:00:00,74.1258327945835
2023-06-18 22:00:00,69.2414301328647
2023-06-18 23:00:00,67.4972621182829
2023-06-19 00:00:00,67.4972539201124
2023-06-19 01:00:00,67.4972505991415
2023-06-19 02:00:00,67.4972500401806
2023-06-19 03:00:00,67.4972562036721
2023-06-19 04:00:00,67.4972673502308
2023-06-19 05:00:00,67.4972537341342
2023-06-19 06:00:00,59.750655746574
2023-06-19 07:00:00,50.4757164781333
2023-06-19 08:00:00,48.3792060149207
2023-06-19 09:00:00,44.3265656103107
2023-06-19 10:00:00,44.3265333818653
2023-06-19 11:00:00,44.3265322172776
2023-06-19 12:00:00,44.3265369814344
2023-06-19 13:00:00,44.3265487391062
2023-06-19 14:00:00,44.3265770261656
2023-06-19 15:00:00,50.3659571872326
2023-06-19 16:00:00,62.5927838803893
2023-06-19 17:00:00,67.4972456450337
2023-06-19 18:00:00,77.0590670357625
2023-06-19 19:00:00,77.2112847112203
2023-06-19 20:00:00,77.2112906942438
2023-06-19 21:00:00,77.2112304971907
2023-06-19 22:00:00,77.210815403998
2023-06-19 23:00:00,77.0155858851587
2023-06-20 00:00:00,77.0147248268661
2023-06-20 01:00:00,75.3422539158004
2023-06-20 02:00:00,75.3411920520552
2023-06-20 03:00:00,75.3942423036825
2023-06-20 04:00:00,77.2088579493784
2023-06-20 05:00:00,76.613232824977
2023-06-20 06:00:00,65.1448509513915
2023-06-20 07:00:00,60.597926206594
2023-06-20 08:00:00,50.365991577194
2023-06-20 09:00:00,49.3012369271986
2023-06-20 10:00:00,49.301224935188
2023-06-20 11:00:00,49.3012197688295
2023-06-20 12:00:00,49.3012199679415
2023-06-20 13:00:00,49.3012246871143
2023-06-20 14:00:00,49.3012836854756
2023-06-20 15:00:00,50.3660642969993
2023-06-20 16:00:00,63.5671369117738
2023-06-20 17:00:00,67.4972591036777
2023-06-20 18:00:00,70.1194471243979
2023-06-20 19:00:00,73.1936061374029
2023-06-20 20:00:00,73.1936137072003
2023-06-20 21:00:00,73.193589929852
2023-06-20 22:00:00,70.951795916559
2023-06-20 23:00:00,67.4977640893685
2023-06-21 00:00:00,67.4972545909376
2023-06-21 01:00:00,67.4972533716749
2023-06-21 02:00:00,67.4972574905258
2023-06-21 03:00:00,68.6452122899678
2023-06-21 04:00:00,70.3286098062462
2023-06-21 05:00:00,67.4972557223582
2023-06-21 06:00:00,62.2063956036196
2023-06-21 07:00:00,53.6707966499347
2023-06-21 08:00:00,50.3660161845131
2023-06-21 09:00:00,50.3658410514663
2023-06-21 10:00:00,50.3658327985244
2023-06-21 11:00:00,50.3658325156024
2023-06-21 12:00:00,50.3658400869448
2023-06-21 13:00:00,50.3658546355768
2023-06-21 14:00:00,50.3658708869418
2023-06-21 15:00:00,50.3660711701823
2023-06-21 16:00:00,64.0823754979402
2023-06-21 17:00:00,67.1647326465761
2023-06-21 18:00:00,67.4972627979436
2023-06-21 19:00:00,67.6561396370404
2023-06-21 20:00:00,67.6561545812804
2023-06-21 21:00:00,67.6561438209495
2023-06-21 22:00:00,67.6561254381514
2023-06-21 23:00:00,67.6560033173279
2023-06-22 00:00:00,67.4975838078848
2023-06-22 01:00:00,67.497332339622
2023-06-22 02:00:00,67.4973135049434
2023-06-22 03:00:00,67.4972976254422
2023-06-22 04:00:00,67.4972833165758
2023-06-22 05:00:00,67.4972561434299
2023-06-22 06:00:00,54.8229296498745
2023-06-22 07:00:00,45.7377045272109
2023-06-22 08:00:00,17.3349804944275
2023-06-22 09:00:00,14.0228771479609
2023-06-22 10:00:00,14.0228687932728
2023-06-22 11:00:00,14.0228630502874
2023-06-22 12:00:00,14.0228599053423
2023-06-22 13:00:00,14.0228639220481
2023-06-22 14:00:00,14.022870914806
2023-06-22 15:00:00,14.0229219778102
2023-06-22 16:00:00,50.3659887893149
2023-06-22 17:00:00,62.936429466364
2023-06-22 18:00:00,67.162171411782
2023-06-22 19:00:00,67.1640809133291
2023-06-22 20:00:00,67.1640830135559
2023-06-22 21:00:00,67.1641429211298
2023-06-22 22:00:00,67.164161951303
2023-06-22 23:00:00,67.1641463475689
2023-06-23 00:00:00,67.1641453372649
2023-06-23 01:00:00,67.1641595530078
2023-06-23 02:00:00,67.1641780683512
2023-06-23 03:00:00,67.1641830930685
2023-06-23 04:00:00,67.1641862811319
2023-06-23 05:00:00,67.1639338199976
2023-06-23 06:00:00,50.366042918654
2023-06-23 07:00:00,13.4147622076709
2023-06-23 08:00:00,4.31283590194214
2023-06-23 09:00:00,3.47493780442604
2023-06-23 10:00:00,3.47492941717996
2023-06-23 11:00:00,3.47492178394368
2023-06-23 12:00:00,3.47491628273165
2023-06-23 13:00:00,3.4749230010001
2023-06-23 14:00:00,3.47493388496331
2023-06-23 15:00:00,3.55017621045801
2023-06-23 16:00:00,47.2215028631466
2023-06-23 17:00:00,54.3826306551843
2023-06-23 18:00:00,67.1628350264696
2023-06-23 19:00:00,67.1641030901339
2023-06-23 20:00:00,67.1641155803213
2023-06-23 21:00:00,67.1641071581625
2023-06-23 22:00:00,67.1640803806475
2023-06-23 23:00:00,67.1640674741007
2023-06-24 00:00:00,67.1640664342574
2023-06-24 01:00:00,67.1640554283061
2023-06-24 02:00:00,67.1640656386682
2023-06-24 03:00:00,67.1640839786961
2023-06-24 04:00:00,67.1641055234137
2023-06-24 05:00:00,67.1641312700062
2023-06-24 06:00:00,50.3660938551681
2023-06-24 07:00:00,36.3195210164381
2023-06-24 08:00:00,17.3349702900865
2023-06-24 09:00:00,14.0228714236509
2023-06-24 10:00:00,14.022859101731
2023-06-24 11:00:00,14.0228522262598
2023-06-24 12:00:00,14.0228485557563
2023-06-24 13:00:00,14.0228542935022
2023-06-24 14:00:00,14.0228642140824
2023-06-24 15:00:00,14.0229089153824
2023-06-24 16:00:00,53.0386229961462
2023-06-24 17:00:00,67.1638331732256
2023-06-24 18:00:00,67.4971075137803
2023-06-24 19:00:00,67.4972436532922
2023-06-24 20:00:00,67.4972466548643
2023-06-24 21:00:00,67.4972453585605
2023-06-24 22:00:00,67.497244185796
2023-06-24 23:00:00,67.1656661851374
2023-06-25 00:00:00,67.1641169842124
2023-06-25 01:00:00,67.1641007305796
2023-06-25 02:00:00,67.1641001599429
2023-06-25 03:00:00,67.1641036313809
2023-06-25 04:00:00,67.1644051875917
2023-06-25 05:00:00,67.4972421278826
2023-06-25 06:00:00,50.3660551043423
2023-06-25 07:00:00,15.5836425470106
2023-06-25 08:00:00,14.0222977700342
2023-06-25 09:00:00,13.4145113071055
2023-06-25 10:00:00,13.4144933216289
2023-06-25 11:00:00,13.4144855556255
2023-06-25 12:00:00,13.4144823694755
2023-06-25 13:00:00,13.4144883298536
2023-06-25 14:00:00,13.4144990263603
2023-06-25 15:00:00,13.4145361609737
2023-06-25 16:00:00,47.6337625894799
2023-06-25 17:00:00,62.3608518462246
2023-06-25 18:00:00,66.3574972625217
2023-06-25 19:00:00,67.164083775853
2023-06-25 20:00:00,67.1640839613278
2023-06-25 21:00:00,67.16407845163
2023-06-25 22:00:00,67.1640681191121
2023-06-25 23:00:00,67.16403640521
2023-06-26 00:00:00,67.1640164915325
2023-06-26 01:00:00,67.1640362825174
2023-06-26 02:00:00,67.1640535728017
2023-06-26 03:00:00,67.1640636554619
2023-06-26 04:00:00,67.1640749759978
2023-06-26 05:00:00,67.1640828077111
2023-06-26 06:00:00,50.3660619309756
2023-06-26 07:00:00,14.9272658782048
2023-06-26 08:00:00,12.6195318634516
2023-06-26 09:00:00,12.0714111764687
2023-06-26 10:00:00,12.0713998861854
2023-06-26 11:00:00,12.0713864110272
2023-06-26 12:00:00,12.0713822302838
2023-06-26 13:00:00,12.0713939392997
2023-06-26 14:00:00,12.071406933725
2023-06-26 15:00:00,12.9673736631193
2023-06-26 16:00:00,21.1924068168221
2023-06-26 17:00:00,53.7303228567043
2023-06-26 18:00:00,66.2229979821615
2023-06-26 19:00:00,67.1640422487729
2023-06-26 20:00:00,67.164046505342
2023-06-26 21:00:00,67.1640112890039
2023-06-26 22:00:00,67.1640379212484
2023-06-26 23:00:00,67.1640303853483
2023-06-27 00:00:00,67.164020357815
2023-06-27 01:00:00,67.1640171561825
2023-06-27 02:00:00,67.1640130232079
2023-06-27 03:00:00,67.1640304061629
2023-06-27 04:00:00,67.1640565384085
2023-06-27 05:00:00,67.1640717349628
2023-06-27 06:00:00,50.3654981268516
2023-06-27 07:00:00,14.6562980925814
2023-06-27 08:00:00,13.7939171378403
2023-06-27 09:00:00,12.6197447669608
2023-06-27 10:00:00,12.6167686613207
2023-06-27 11:00:00,12.6167617591802
2023-06-27 12:00:00,12.6167598842531
2023-06-27 13:00:00,12.6167660481034
2023-06-27 14:00:00,12.6167861016535
2023-06-27 15:00:00,13.4145239189866
2023-06-27 16:00:00,47.6334008365499
2023-06-27 17:00:00,60.6044432275085
2023-06-27 18:00:00,67.1640833686042
2023-06-27 19:00:00,67.169278954162
2023-06-27 20:00:00,67.1693048251798
2023-06-27 21:00:00,67.1692501972857
2023-06-27 22:00:00,67.1690987692955
2023-06-27 23:00:00,67.1690474397263
2023-06-28 00:00:00,67.1646748624467
2023-06-28 01:00:00,67.1643418540536
2023-06-28 02:00:00,67.1690043072767
2023-06-28 03:00:00,67.1692886175673
2023-06-28 04:00:00,67.1693289910759
2023-06-28 05:00:00,67.1693175537192
2023-06-28 06:00:00,58.0503787024953
2023-06-28 07:00:00,46.7422511319588
2023-06-28 08:00:00,43.0644983443238
2023-06-28 09:00:00,34.8638146693463
2023-06-28 10:00:00,34.8621284500257
2023-06-28 11:00:00,34.8618438755429
2023-06-28 12:00:00,34.861837089513
2023-06-28 13:00:00,34.8618485834879
2023-06-28 14:00:00,34.8619235382695
2023-06-28 15:00:00,46.8604935240241
2023-06-28 16:00:00,54.6516501705338
2023-06-28 17:00:00,65.4957548967301
2023-06-28 18:00:00,67.4958786869092
2023-06-28 19:00:00,67.497262876077
2023-06-28 20:00:00,67.4972641455903
2023-06-28 21:00:00,67.4972570520503
2023-06-28 22:00:00,67.4972454691556
2023-06-28 23:00:00,67.4972437469506
2023-06-29 00:00:00,67.4972425467235
2023-06-29 01:00:00,67.4972421677794
2023-06-29 02:00:00,67.497242140523
2023-06-29 03:00:00,67.4972417191067
2023-06-29 04:00:00,67.4972389183457
2023-06-29 05:00:00,67.1641732233015
2023-06-29 06:00:00,50.3660624753868
2023-06-29 07:00:00,40.4374612909686
2023-06-29 08:00:00,18.4472652460167
2023-06-29 09:00:00,14.9238210674754
2023-06-29 10:00:00,14.022910883019
2023-06-29 11:00:00,14.0228690953517
2023-06-29 12:00:00,14.0228270737876
2023-06-29 13:00:00,14.0228285221185
2023-06-29 14:00:00,14.0228555410485
2023-06-29 15:00:00,14.0228974349472
2023-06-29 16:00:00,47.32137984734
2023-06-29 17:00:00,53.7288711469516
2023-06-29 18:00:00,66.3523356144701
2023-06-29 19:00:00,66.3569905186434
2023-06-29 20:00:00,66.3570135167812
2023-06-29 21:00:00,66.3570131058169
2023-06-29 22:00:00,66.356992354508
2023-06-29 23:00:00,66.3569260811909
2023-06-30 00:00:00,66.3568777374826
2023-06-30 01:00:00,66.356860596221
2023-06-30 02:00:00,66.3568639339353
2023-06-30 03:00:00,66.3568614102183
2023-06-30 04:00:00,66.356837067064
2023-06-30 05:00:00,61.8060527221917
2023-06-30 06:00:00,35.3111946525028
2023-06-30 07:00:00,16.4322777996561
2023-06-30 08:00:00,3.72136996128727
2023-06-30 09:00:00,2.9958500523801
2023-06-30 10:00:00,2.99584149810973
2023-06-30 11:00:00,2.99581642887251
2023-06-30 12:00:00,2.99574810351809
2023-06-30 13:00:00,2.99579610499286
2023-06-30 14:00:00,2.9958409875606
2023-06-30 15:00:00,3.04787351705201
2023-06-30 16:00:00,14.0229466798253
2023-06-30 17:00:00,39.5962809409606
2023-06-30 18:00:00,50.3660409997753
2023-06-30 19:00:00,67.1630810194902
2023-06-30 20:00:00,67.1631330968332
2023-06-30 21:00:00,67.163130519567
2023-06-30 22:00:00,67.1631277399162
2023-06-30 23:00:00,67.163119054107
2023-07-01 00:00:00,67.1630615420553
2023-07-01 01:00:00,67.1630455286524
2023-07-01 02:00:00,67.1630992645333
2023-07-01 03:00:00,67.1631375426066
2023-07-01 04:00:00,67.1631694817173
2023-07-01 05:00:00,67.163180419446
2023-07-01 06:00:00,50.3655943045982
2023-07-01 07:00:00,0.0597043853407441
2023-07-01 08:00:00,0.0381284283202168
2023-07-01 09:00:00,0.0259463794305319
2023-07-01 10:00:00,0.0259383797111848
2023-07-01 11:00:00,0.0259325992477308
2023-07-01 12:00:00,0.0259307730633967
2023-07-01 13:00:00,0.0259346826837396
2023-07-01 14:00:00,0.0259452230400791
2023-07-01 15:00:00,0.0265122077199399
2023-07-01 16:00:00,12.5128142417585
2023-07-01 17:00:00,14.6561822985057
2023-07-01 18:00:00,54.3814635560919
2023-07-01 19:00:00,67.1640759163441
2023-07-01 20:00:00,67.1640839015069
2023-07-01 21:00:00,67.1640783295779
2023-07-01 22:00:00,67.1640786982684
2023-07-01 23:00:00,67.1640697816187
2023-07-02 00:00:00,67.1640639832621
2023-07-02 01:00:00,67.1640619495435
2023-07-02 02:00:00,67.1640650679018
2023-07-02 03:00:00,67.1640725326043
2023-07-02 04:00:00,67.1640828981005
2023-07-02 05:00:00,67.1640907970191
2023-07-02 06:00:00,50.365994335579
2023-07-02 07:00:00,0.0506887285887714
2023-07-02 08:00:00,0.0269464756124216
2023-07-02 09:00:00,0.0208139614578503
2023-07-02 10:00:00,0.0208054989571169
2023-07-02 11:00:00,0.0208034528171238
2023-07-02 12:00:00,0.0208029808916286
2023-07-02 13:00:00,0.0208041444660964
2023-07-02 14:00:00,0.0208094796067592
2023-07-02 15:00:00,0.0242283707229319
2023-07-02 16:00:00,7.81069073915171
2023-07-02 17:00:00,15.1434542571602
2023-07-02 18:00:00,54.3824389009316
2023-07-02 19:00:00,67.1640954280304
2023-07-02 20:00:00,67.1640994210224
2023-07-02 21:00:00,67.1640965806865
2023-07-02 22:00:00,67.164090542195
2023-07-02 23:00:00,67.1640830257317
2023-07-03 00:00:00,67.1640789108351
2023-07-03 01:00:00,67.1640796155675
2023-07-03 02:00:00,67.1640820159956
2023-07-03 03:00:00,67.1640873337719
2023-07-03 04:00:00,67.1640929223675
2023-07-03 05:00:00,67.1640982307491
2023-07-03 06:00:00,50.3661583898807
2023-07-03 07:00:00,0.0520507134459383
2023-07-03 08:00:00,0.0309014075544729
2023-07-03 09:00:00,0.0208716822464175
2023-07-03 10:00:00,0.0208466306407037
2023-07-03 11:00:00,0.0208434849502427
2023-07-03 12:00:00,0.0208447464231617
2023-07-03 13:00:00,0.0208505686182463
2023-07-03 14:00:00,0.0208719817113616
2023-07-03 15:00:00,0.0271974318567755
2023-07-03 16:00:00,14.0228946189872
2023-07-03 17:00:00,22.6537068278401
2023-07-03 18:00:00,54.3817602259578
2023-07-03 19:00:00,67.1640932854892
2023-07-03 20:00:00,67.1640986040903
2023-07-03 21:00:00,67.1640965574493
2023-07-03 22:00:00,67.1640970305689
2023-07-03 23:00:00,67.1640924477351
2023-07-04 00:00:00,67.1640886648218
2023-07-04 01:00:00,67.1640861241515
2023-07-04 02:00:00,67.1640856849287
2023-07-04 03:00:00,67.1640878996492
2023-07-04 04:00:00,67.1640927445645
2023-07-04 05:00:00,67.1640982541299
2023-07-04 06:00:00,50.3660905840272
2023-07-04 07:00:00,14.022684345032
2023-07-04 08:00:00,13.1730672720205
2023-07-04 09:00:00,10.8447522170971
2023-07-04 10:00:00,10.8447416791389
2023-07-04 11:00:00,10.8447354377021
2023-07-04 12:00:00,10.8447314422671
2023-07-04 13:00:00,10.8447337261692
2023-07-04 14:00:00,10.8447455568837
2023-07-04 15:00:00,13.4145086502157
2023-07-04 16:00:00,46.6329394210218
2023-07-04 17:00:00,59.429382773178
2023-07-04 18:00:00,62.8904632622883
2023-07-04 19:00:00,67.164098007854
2023-07-04 20:00:00,67.1641013116222
2023-07-04 21:00:00,67.1640973846137
2023-07-04 22:00:00,67.1640990035475
2023-07-04 23:00:00,67.1640951830774
2023-07-05 00:00:00,67.1640935059995
2023-07-05 01:00:00,67.1640938014898
2023-07-05 02:00:00,67.1640935399576
2023-07-05 03:00:00,67.1640962083152
2023-07-05 04:00:00,67.164099852408
2023-07-05 05:00:00,67.164104266655
2023-07-05 06:00:00,50.3661172203219
2023-07-05 07:00:00,14.0229089686527
2023-07-05 08:00:00,11.8527426271881
2023-07-05 09:00:00,11.3372814067069
2023-07-05 10:00:00,11.3372459860515
2023-07-05 11:00:00,11.3372409546961
2023-07-05 12:00:00,11.3372403601331
2023-07-05 13:00:00,11.3372455464512
2023-07-05 14:00:00,11.3372696151671
2023-07-05 15:00:00,11.5835383097074
2023-07-05 16:00:00,18.932812051519
2023-07-05 17:00:00,51.0732114700694
2023-07-05 18:00:00,67.1637903032574
2023-07-05 19:00:00,67.1640991435334
2023-07-05 20:00:00,67.1641009798385
2023-07-05 21:00:00,67.1640984244065
2023-07-05 22:00:00,67.1641003772751
2023-07-05 23:00:00,67.164095703426
2023-07-06 00:00:00,67.1640913815886
2023-07-06 01:00:00,67.1640871784503
2023-07-06 02:00:00,67.164086257995
2023-07-06 03:00:00,67.1640868753429
2023-07-06 04:00:00,67.1640862706025
2023-07-06 05:00:00,67.1640886834844
2023-07-06 06:00:00,50.3659237205287
2023-07-06 07:00:00,14.6566833188751
2023-07-06 08:00:00,13.7242797795754
2023-07-06 09:00:00,13.1288020823638
2023-07-06 10:00:00,13.1287954854708
2023-07-06 11:00:00,13.1287906862727
2023-07-06 12:00:00,13.1287885918272
2023-07-06 13:00:00,13.1287917912945
2023-07-06 14:00:00,13.1288090385663
2023-07-06 15:00:00,13.4145259528234
2023-07-06 16:00:00,45.4618843237507
2023-07-06 17:00:00,61.7549959114607
2023-07-06 18:00:00,67.1637372010356
2023-07-06 19:00:00,67.1641153744459
2023-07-06 20:00:00,67.1641236202765
2023-07-06 21:00:00,67.1641193908463
2023-07-06 22:00:00,67.1641015205834
2023-07-06 23:00:00,67.1640952719644
2023-07-07 00:00:00,67.1640872434746
2023-07-07 01:00:00,67.164080441199
2023-07-07 02:00:00,67.1640751595824
2023-07-07 03:00:00,67.1640726807596
2023-07-07 04:00:00,67.1640701619657
2023-07-07 05:00:00,67.1640651096164
2023-07-07 06:00:00,50.3660409951337
2023-07-07 07:00:00,14.024098055982
2023-07-07 08:00:00,12.9563441985966
2023-07-07 09:00:00,12.0722637417539
2023-07-07 10:00:00,12.0722529471667
2023-07-07 11:00:00,12.0722326867915
2023-07-07 12:00:00,12.0721482487098
2023-07-07 13:00:00,12.072000727088
2023-07-07 14:00:00,12.0721559740065
2023-07-07 15:00:00,12.0723847318541
2023-07-07 16:00:00,40.8770039344593
2023-07-07 17:00:00,53.0596971156084
2023-07-07 18:00:00,64.5120867906433
2023-07-07 19:00:00,67.1639989123633
2023-07-07 20:00:00,67.1640669748018
2023-07-07 21:00:00,67.1640667794235
2023-07-07 22:00:00,67.1640432628465
2023-07-07 23:00:00,67.1640497940421
2023-07-08 00:00:00,67.1640461614636
2023-07-08 01:00:00,67.1640568308771
2023-07-08 02:00:00,67.1640684430313
2023-07-08 03:00:00,67.1640815291803
2023-07-08 04:00:00,67.1640941658704
2023-07-08 05:00:00,67.1641017446975
2023-07-08 06:00:00,50.3661434191081
2023-07-08 07:00:00,38.0301033157729
2023-07-08 08:00:00,32.1643624391484
2023-07-08 09:00:00,30.7840947362724
2023-07-08 10:00:00,30.7840765542559
2023-07-08 11:00:00,30.7840440610329
2023-07-08 12:00:00,30.7840365430379
2023-07-08 13:00:00,30.7840446960148
2023-07-08 14:00:00,30.7840838136543
2023-07-08 15:00:00,44.3262044666104
2023-07-08 16:00:00,59.1204437542795
2023-07-08 17:00:00,67.1640943233419
2023-07-08 18:00:00,67.4972567544947
2023-07-08 19:00:00,70.0427823753688
2023-07-08 20:00:00,70.0427886464974
2023-07-08 21:00:00,70.0427814801501
2023-07-08 22:00:00,70.0421398575021
2023-07-08 23:00:00,70.0420754718472
2023-07-09 00:00:00,70.0418538669846
2023-07-09 01:00:00,70.0425293339324
2023-07-09 02:00:00,70.0425757547657
2023-07-09 03:00:00,70.0426387495809
2023-07-09 04:00:00,70.0427326093797
2023-07-09 05:00:00,70.0420999676601
2023-07-09 06:00:00,54.7357390639152
2023-07-09 07:00:00,48.3289353520103
2023-07-09 08:00:00,44.5998645442754
2023-07-09 09:00:00,40.6030203726527
2023-07-09 10:00:00,38.1829586791165
2023-07-09 11:00:00,38.1826880974298
2023-07-09 12:00:00,38.1826818865994
2023-07-09 13:00:00,38.1826947264395
2023-07-09 14:00:00,38.182816163001
2023-07-09 15:00:00,46.563354727928
2023-07-09 16:00:00,61.6200601205367
2023-07-09 17:00:00,67.4972310913762
2023-07-09 18:00:00,77.9469688990824
2023-07-09 19:00:00,81.6110000691816
2023-07-09 20:00:00,81.6110022839289
2023-07-09 21:00:00,81.6109825840141
2023-07-09 22:00:00,81.6108649385227
2023-07-09 23:00:00,81.4247592754895
2023-07-10 00:00:00,81.4246162343372
2023-07-10 01:00:00,81.424223862526
2023-07-10 02:00:00,81.4116453881182
2023-07-10 03:00:00,81.4117341594447
2023-07-10 04:00:00,81.4120530648736
2023-07-10 05:00:00,70.0421871088097
2023-07-10 06:00:00,50.3663542332286
2023-07-10 07:00:00,21.7343250934204
2023-07-10 08:00:00,19.7422211339871
2023-07-10 09:00:00,16.825450455276
2023-07-10 10:00:00,16.8253906696589
2023-07-10 11:00:00,16.825293325397
2023-07-10 12:00:00,16.8252876978386
2023-07-10 13:00:00,16.8253000211332
2023-07-10 14:00:00,16.8253866518409
2023-07-10 15:00:00,17.1109482234072
2023-07-10 16:00:00,50.3660073418334
2023-07-10 17:00:00,63.5143502071907
2023-07-10 18:00:00,67.4969967243203
2023-07-10 19:00:00,67.4972380260572
2023-07-10 20:00:00,67.4972409238413
2023-07-10 21:00:00,67.4972387540123
2023-07-10 22:00:00,67.4972094609077
2023-07-10 23:00:00,67.4939814158522
2023-07-11 00:00:00,67.164126485174
2023-07-11 01:00:00,67.1641069508314
2023-07-11 02:00:00,67.1641052331041
2023-07-11 03:00:00,67.1641060533897
2023-07-11 04:00:00,67.1641098329201
2023-07-11 05:00:00,67.1641140317378
2023-07-11 06:00:00,50.3661118707409
2023-07-11 07:00:00,16.5861820133777
2023-07-11 08:00:00,14.0223596207045
2023-07-11 09:00:00,13.4145256796662
2023-07-11 10:00:00,13.4145160199322
2023-07-11 11:00:00,13.4145065357103
2023-07-11 12:00:00,13.4144740595604
2023-07-11 13:00:00,13.4144648920858
2023-07-11 14:00:00,13.414496157557
2023-07-11 15:00:00,13.4147085999873
2023-07-11 16:00:00,48.3297285084162
2023-07-11 17:00:00,59.4203415616358
2023-07-11 18:00:00,65.145546633239
2023-07-11 19:00:00,67.1641059890321
2023-07-11 20:00:00,67.1641098100315
2023-07-11 21:00:00,67.1641063889501
2023-07-11 22:00:00,67.1641074411593
2023-07-11 23:00:00,67.1641023884864
2023-07-12 00:00:00,67.1640978910894
2023-07-12 01:00:00,67.1640986454394
2023-07-12 02:00:00,67.1640984094171
2023-07-12 03:00:00,67.164100631855
2023-07-12 04:00:00,67.1641053764596
2023-07-12 05:00:00,67.1641105186051
2023-07-12 06:00:00,50.3661101990811
2023-07-12 07:00:00,16.5881566025953
2023-07-12 08:00:00,14.0229192753439
2023-07-12 09:00:00,13.4151181084169
2023-07-12 10:00:00,13.4150927864679
2023-07-12 11:00:00,13.4150866439151
2023-07-12 12:00:00,13.4150849646946
2023-07-12 13:00:00,13.4150865065897
2023-07-12 14:00:00,13.415093286253
2023-07-12 15:00:00,13.4151775753918
2023-07-12 16:00:00,44.8417757862469
2023-07-12 17:00:00,50.3662063471948
2023-07-12 18:00:00,64.5128169571175
2023-07-12 19:00:00,67.1641038960599
2023-07-12 20:00:00,67.164106699817
2023-07-12 21:00:00,67.1641029244294
2023-07-12 22:00:00,67.1641064800208
2023-07-12 23:00:00,67.1641014204302
2023-07-13 00:00:00,67.1640970186699
2023-07-13 01:00:00,67.1640942609902
2023-07-13 02:00:00,67.1640937618698
2023-07-13 03:00:00,67.1640937342043
2023-07-13 04:00:00,67.164094062288
2023-07-13 05:00:00,67.1640954566797
2023-07-13 06:00:00,50.3660707870282
2023-07-13 07:00:00,17.3346071969792
2023-07-13 08:00:00,14.0228990895619
2023-07-13 09:00:00,14.0225361746882
2023-07-13 10:00:00,14.0225254384386
2023-07-13 11:00:00,14.0225189521629
2023-07-13 12:00:00,14.0225145102853
2023-07-13 13:00:00,14.0225191100041
2023-07-13 14:00:00,14.0225279906708
2023-07-13 15:00:00,14.0228943111576
2023-07-13 16:00:00,46.3368588581607
2023-07-13 17:00:00,61.6840168680055
2023-07-13 18:00:00,67.1642586533114
2023-07-13 19:00:00,67.1883767539159
2023-07-13 20:00:00,67.1883871475792
2023-07-13 21:00:00,67.1883834315191
2023-07-13 22:00:00,67.1883698867327
2023-07-13 23:00:00,67.1883505644521
2023-07-14 00:00:00,67.1883300018951
2023-07-14 01:00:00,67.1882787051683
2023-07-14 02:00:00,67.1881191237293
2023-07-14 03:00:00,67.1655268716335
2023-07-14 04:00:00,67.1641193744222
2023-07-14 05:00:00,67.1640507538211
2023-07-14 06:00:00,50.3660088042029
2023-07-14 07:00:00,0.0650699352331472
2023-07-14 08:00:00,0.0314871763807971
2023-07-14 09:00:00,0.0208639988854076
2023-07-14 10:00:00,0.0208389569984329
2023-07-14 11:00:00,0.0208330503383046
2023-07-14 12:00:00,0.0208321166899613
2023-07-14 13:00:00,0.0208356806804232
2023-07-14 14:00:00,0.020849387965754
2023-07-14 15:00:00,0.0242673501274779
2023-07-14 16:00:00,13.4145310640899
2023-07-14 17:00:00,14.773466043743
2023-07-14 18:00:00,50.3660620802845
2023-07-14 19:00:00,67.1576652146019
2023-07-14 20:00:00,67.1577222515192
2023-07-14 21:00:00,67.1577253783656
2023-07-14 22:00:00,67.157707880952
2023-07-14 23:00:00,67.1576791577504
2023-07-15 00:00:00,67.1575920206149
2023-07-15 01:00:00,67.1575326700043
2023-07-15 02:00:00,67.1575459835147
2023-07-15 03:00:00,67.1576746402711
2023-07-15 04:00:00,67.1577426193862
2023-07-15 05:00:00,67.1577566512332
2023-07-15 06:00:00,50.3660697978961
2023-07-15 07:00:00,0.0462557377774003
2023-07-15 08:00:00,0.0284704864337343
2023-07-15 09:00:00,0.0208390335270634
2023-07-15 10:00:00,0.0208141711545691
2023-07-15 11:00:00,0.020807567908419
2023-07-15 12:00:00,0.0208059511655145
2023-07-15 13:00:00,0.0208070381602408
2023-07-15 14:00:00,0.0208150844777446
2023-07-15 15:00:00,0.0242545786693889
2023-07-15 16:00:00,14.0222727041275
2023-07-15 17:00:00,19.5790107287721
2023-07-15 18:00:00,50.3661631255872
2023-07-15 19:00:00,67.1640926491962
2023-07-15 20:00:00,67.1641029659421
2023-07-15 21:00:00,67.1640972835957
2023-07-15 22:00:00,67.1641023307312
2023-07-15 23:00:00,67.1640950757003
2023-07-16 00:00:00,67.1640902620824
2023-07-16 01:00:00,67.164091612955
2023-07-16 02:00:00,67.1640949661545
2023-07-16 03:00:00,67.1640999222924
2023-07-16 04:00:00,67.1641072130076
2023-07-16 05:00:00,67.1641120348464
2023-07-16 06:00:00,50.3660509535019
2023-07-16 07:00:00,0.0507292371806799
2023-07-16 08:00:00,0.0263026032638154
2023-07-16 09:00:00,0.0208130222679543
2023-07-16 10:00:00,0.0208042488338291
2023-07-16 11:00:00,0.0208020087371321
2023-07-16 12:00:00,0.0208012789982046
2023-07-16 13:00:00,0.0208018594196712
2023-07-16 14:00:00,0.0208036913376717
2023-07-16 15:00:00,0.0249732194651041
2023-07-16 16:00:00,14.0223382376257
2023-07-16 17:00:00,50.3660143135113
2023-07-16 18:00:00,64.448999745351
2023-07-16 19:00:00,67.164117056955
2023-07-16 20:00:00,67.1641176876759
2023-07-16 21:00:00,67.1641133154273
2023-07-16 22:00:00,67.1641130284371
2023-07-16 23:00:00,67.1641062802172
2023-07-17 00:00:00,67.1641021794304
2023-07-17 01:00:00,67.164101174131
2023-07-17 02:00:00,67.164102687091
2023-07-17 03:00:00,67.1641069665446
2023-07-17 04:00:00,67.164113841947
2023-07-17 05:00:00,67.1641187736871
2023-07-17 06:00:00,50.3661376114098
2023-07-17 07:00:00,15.7453555109489
2023-07-17 08:00:00,13.3151401750934
2023-07-17 09:00:00,12.7334513676667
2023-07-17 10:00:00,12.7334405356494
2023-07-17 11:00:00,12.7334336300318
2023-07-17 12:00:00,12.7334297087496
2023-07-17 13:00:00,12.7334349758905
2023-07-17 14:00:00,12.7334456713178
2023-07-17 15:00:00,12.9329759722776
2023-07-17 16:00:00,36.6373410173867
2023-07-17 17:00:00,60.5308572910382
2023-07-17 18:00:00,67.2183384058808
2023-07-17 19:00:00,67.4972478565639
2023-07-17 20:00:00,67.4972523789507
2023-07-17 21:00:00,67.4972511227636
2023-07-17 22:00:00,67.4972361238048
2023-07-17 23:00:00,67.4972130768981
2023-07-18 00:00:00,67.4972009859997
2023-07-18 01:00:00,67.4971853617814
2023-07-18 02:00:00,67.4972061951889
2023-07-18 03:00:00,67.4972418762866
2023-07-18 04:00:00,67.4972481804712
2023-07-18 05:00:00,67.4972494049611
2023-07-18 06:00:00,50.3661975846607
2023-07-18 07:00:00,45.8518486701466
2023-07-18 08:00:00,41.7797219012382
2023-07-18 09:00:00,37.1186664562336
2023-07-18 10:00:00,37.1186560195243
2023-07-18 11:00:00,37.1186502013446
2023-07-18 12:00:00,37.1186489606456
2023-07-18 13:00:00,37.1186535746877
2023-07-18 14:00:00,37.1186686231743
2023-07-18 15:00:00,46.3784345313217
2023-07-18 16:00:00,61.5270209282059
2023-07-18 17:00:00,67.1641364637265
2023-07-18 18:00:00,75.9851701811027
2023-07-18 19:00:00,75.986145177126
2023-07-18 20:00:00,75.9861505314268
2023-07-18 21:00:00,75.9861418882874
2023-07-18 22:00:00,75.9861319205243
2023-07-18 23:00:00,75.9859916917721
2023-07-19 00:00:00,75.9850816100531
2023-07-19 01:00:00,75.9796851715625
2023-07-19 02:00:00,75.871289066134
2023-07-19 03:00:00,75.8839691915618
2023-07-19 04:00:00,75.9860388150012
2023-07-19 05:00:00,75.885168707647
2023-07-19 06:00:00,58.3158105561361
2023-07-19 07:00:00,50.2529883838771
2023-07-19 08:00:00,46.2652730796062
2023-07-19 09:00:00,43.2611343892276
2023-07-19 10:00:00,40.6859871630007
2023-07-19 11:00:00,40.6836186474587
2023-07-19 12:00:00,40.6836133806111
2023-07-19 13:00:00,40.6836202603367
2023-07-19 14:00:00,40.6836614792174
2023-07-19 15:00:00,44.2839666935627
2023-07-19 16:00:00,50.9752035511688
2023-07-19 17:00:00,63.5215262907148
2023-07-19 18:00:00,67.1642160070026
2023-07-19 19:00:00,67.4972488272519
2023-07-19 20:00:00,67.4972501811174
2023-07-19 21:00:00,67.4972498634195
2023-07-19 22:00:00,67.4972500349312
2023-07-19 23:00:00,67.4972479837354
2023-07-20 00:00:00,67.497246906227
2023-07-20 01:00:00,67.497245843421
2023-07-20 02:00:00,67.4972452605433
2023-07-20 03:00:00,67.4972452079997
2023-07-20 04:00:00,67.4972452279358
2023-07-20 05:00:00,67.4972440832995
2023-07-20 06:00:00,50.366068231494
2023-07-20 07:00:00,19.264146639138
2023-07-20 08:00:00,15.7554490226731
2023-07-20 09:00:00,14.0229571460554
2023-07-20 10:00:00,14.0229317854629
2023-07-20 11:00:00,14.0228913214005
2023-07-20 12:00:00,14.0228689523451
2023-07-20 13:00:00,14.0228456602189
2023-07-20 14:00:00,14.0228660405174
2023-07-20 15:00:00,14.0229017716302
2023-07-20 16:00:00,50.3660469188542
2023-07-20 17:00:00,61.4882216214224
2023-07-20 18:00:00,67.1641189625439
2023-07-20 19:00:00,67.4972199115529
2023-07-20 20:00:00,67.4972360709932
2023-07-20 21:00:00,67.4972333456366
2023-07-20 22:00:00,67.4972419511137
2023-07-20 23:00:00,67.4972364409408
2023-07-21 00:00:00,67.4972280725282
2023-07-21 01:00:00,67.4972152643132
2023-07-21 02:00:00,67.4972108666113
2023-07-21 03:00:00,67.497204412971
2023-07-21 04:00:00,67.4971950105867
2023-07-21 05:00:00,67.1641341017758
2023-07-21 06:00:00,52.3469734713104
2023-07-21 07:00:00,45.4170014312113
2023-07-21 08:00:00,17.3350084788487
2023-07-21 09:00:00,14.0229008127997
2023-07-21 10:00:00,14.0228928672502
2023-07-21 11:00:00,14.0228848018639
2023-07-21 12:00:00,14.0228823121148
2023-07-21 13:00:00,14.0228880237232
2023-07-21 14:00:00,14.0228976772411
2023-07-21 15:00:00,14.0230597487449
2023-07-21 16:00:00,49.8352862521948
2023-07-21 17:00:00,59.6951877063807
2023-07-21 18:00:00,67.164126049079
2023-07-21 19:00:00,67.4972365813014
2023-07-21 20:00:00,67.4972445286235
2023-07-21 21:00:00,67.4972417841126
2023-07-21 22:00:00,67.4972421175894
2023-07-21 23:00:00,67.4972413023268
2023-07-22 00:00:00,67.4971027504703
2023-07-22 01:00:00,67.4966410281825
2023-07-22 02:00:00,67.406266384913
2023-07-22 03:00:00,67.4971019720599
2023-07-22 04:00:00,67.4972429350932
2023-07-22 05:00:00,67.1892183805573
2023-07-22 06:00:00,50.36612574232
2023-07-22 07:00:00,17.4825038089674
2023-07-22 08:00:00,14.1408586024534
2023-07-22 09:00:00,13.5281754904735
2023-07-22 10:00:00,13.5281565533879
2023-07-22 11:00:00,13.5281511743059
2023-07-22 12:00:00,13.5281493458092
2023-07-22 13:00:00,13.5281512625285
2023-07-22 14:00:00,13.5281577649661
2023-07-22 15:00:00,13.5282037999893
2023-07-22 16:00:00,43.7615211578734
2023-07-22 17:00:00,54.3816008502921
2023-07-22 18:00:00,67.1637803860313
2023-07-22 19:00:00,67.1641304624114
2023-07-22 20:00:00,67.1641321143414
2023-07-22 21:00:00,67.1641281939884
2023-07-22 22:00:00,67.1641276859033
2023-07-22 23:00:00,67.1641236039703
2023-07-23 00:00:00,67.1641205504606
2023-07-23 01:00:00,67.1641199513107
2023-07-23 02:00:00,67.164120864284
2023-07-23 03:00:00,67.1641226716195
2023-07-23 04:00:00,67.1641267114819
2023-07-23 05:00:00,67.1641304090596
2023-07-23 06:00:00,50.3660909755963
2023-07-23 07:00:00,0.0581473421500679
2023-07-23 08:00:00,0.0498327071692698
2023-07-23 09:00:00,0.0257706613774975
2023-07-23 10:00:00,0.02574035903791
2023-07-23 11:00:00,0.0257348544642652
2023-07-23 12:00:00,0.0257338380876123
2023-07-23 13:00:00,0.0257371352462373
2023-07-23 14:00:00,0.0257526445205838
2023-07-23 15:00:00,2.20295335324859
2023-07-23 16:00:00,29.5566504595796
2023-07-23 17:00:00,50.3697478879019
2023-07-23 18:00:00,64.6105200953351
2023-07-23 19:00:00,67.1641194056571
2023-07-23 20:00:00,67.1641240321804
2023-07-23 21:00:00,67.164120158352
2023-07-23 22:00:00,67.1641187072942
2023-07-23 23:00:00,67.1641137362861
2023-07-24 00:00:00,67.1641097289495
2023-07-24 01:00:00,67.1641072513419
2023-07-24 02:00:00,67.1641092576334
2023-07-24 03:00:00,67.1641137904093
2023-07-24 04:00:00,67.1641215508465
2023-07-24 05:00:00,67.1641256205164
2023-07-24 06:00:00,52.2206610768808
2023-07-24 07:00:00,49.1087537191161
2023-07-24 08:00:00,46.6481540016882
2023-07-24 09:00:00,44.6506443658732
2023-07-24 10:00:00,39.7570288987977
2023-07-24 11:00:00,39.7567810427888
2023-07-24 12:00:00,39.756775059303
2023-07-24 13:00:00,39.7567753258157
2023-07-24 14:00:00,39.7567816867138
2023-07-24 15:00:00,39.7568188029164
2023-07-24 16:00:00,49.8096784609063
2023-07-24 17:00:00,57.2052738763498
2023-07-24 18:00:00,67.1640955438369
2023-07-24 19:00:00,67.1642191542464
2023-07-24 20:00:00,67.1642299291316
2023-07-24 21:00:00,67.1642238856675
2023-07-24 22:00:00,67.1641568897949
2023-07-24 23:00:00,67.1641377178146
2023-07-25 00:00:00,67.1641310111303
2023-07-25 01:00:00,67.1641259650903
2023-07-25 02:00:00,67.1641247141965
2023-07-25 03:00:00,67.1641297960731
2023-07-25 04:00:00,67.1641455080409
2023-07-25 05:00:00,67.1641187764219
2023-07-25 06:00:00,57.1860861642279
2023-07-25 07:00:00,48.3473614001605
2023-07-25 08:00:00,18.4474137197
2023-07-25 09:00:00,14.9238779599426
2023-07-25 10:00:00,14.0229130157894
2023-07-25 11:00:00,14.0228962527826
2023-07-25 12:00:00,14.0228917120608
2023-07-25 13:00:00,14.0228949509163
2023-07-25 14:00:00,14.0229068884685
2023-07-25 15:00:00,14.0230702487432
2023-07-25 16:00:00,49.597710138024
2023-07-25 17:00:00,62.2089262406136
2023-07-25 18:00:00,67.1641990765375
2023-07-25 19:00:00,67.1884037459664
2023-07-25 20:00:00,67.1884171650602
2023-07-25 21:00:00,67.1884113824695
2023-07-25 22:00:00,67.1883848501117
2023-07-25 23:00:00,67.1883653424256
2023-07-26 00:00:00,67.1883552774089
2023-07-26 01:00:00,67.1883418520291
2023-07-26 02:00:00,67.1883448066621
2023-07-26 03:00:00,67.1883693754842
2023-07-26 04:00:00,67.1883920547292
2023-07-26 05:00:00,67.1883995436247
2023-07-26 06:00:00,50.3661594715316
2023-07-26 07:00:00,45.6915280039287
2023-07-26 08:00:00,35.4044174946517
2023-07-26 09:00:00,28.6591268948467
2023-07-26 10:00:00,26.9463458141076
2023-07-26 11:00:00,26.9463054857269
2023-07-26 12:00:00,26.9462999534234
2023-07-26 13:00:00,26.94631126691
2023-07-26 14:00:00,26.9463783690004
2023-07-26 15:00:00,28.6591652613074
2023-07-26 16:00:00,46.8644146140505
2023-07-26 17:00:00,54.3815975471179
2023-07-26 18:00:00,67.1639014850275
2023-07-26 19:00:00,67.1641398643136
2023-07-26 20:00:00,67.1641405931317
2023-07-26 21:00:00,67.1641368950822
2023-07-26 22:00:00,67.1641358087875
2023-07-26 23:00:00,67.1641313226267
2023-07-27 00:00:00,67.1641264449008
2023-07-27 01:00:00,67.1641238206393
2023-07-27 02:00:00,67.1641219420158
2023-07-27 03:00:00,67.1641216735226
2023-07-27 04:00:00,67.1641227404537
2023-07-27 05:00:00,67.1641223025423
2023-07-27 06:00:00,50.3661169491687
2023-07-27 07:00:00,14.6564061820278
2023-07-27 08:00:00,14.0223140620549
2023-07-27 09:00:00,13.414510978629
2023-07-27 10:00:00,13.4144550426314
2023-07-27 11:00:00,13.4144478669654
2023-07-27 12:00:00,13.414445698558
2023-07-27 13:00:00,13.4144489241629
2023-07-27 14:00:00,13.4144602446396
2023-07-27 15:00:00,13.4145352754583
2023-07-27 16:00:00,44.6527355313219
2023-07-27 17:00:00,55.7701603473626
2023-07-27 18:00:00,66.3570677711843
2023-07-27 19:00:00,67.1641444774034
2023-07-27 20:00:00,67.1641631332312
2023-07-27 21:00:00,67.1641597837524
2023-07-27 22:00:00,67.1641620714752
2023-07-27 23:00:00,67.1641556442977
2023-07-28 00:00:00,67.1641513420063
2023-07-28 01:00:00,67.1641504408211
2023-07-28 02:00:00,67.1641528032951
2023-07-28 03:00:00,67.1641592666378
2023-07-28 04:00:00,67.1641579732551
2023-07-28 05:00:00,67.1641388966145
2023-07-28 06:00:00,50.3661368203688
2023-07-28 07:00:00,24.0613296966392
2023-07-28 08:00:00,17.3349163583313
2023-07-28 09:00:00,14.0228267251052
2023-07-28 10:00:00,14.0228172342871
2023-07-28 11:00:00,14.022811041614
2023-07-28 12:00:00,14.0228057863143
2023-07-28 13:00:00,14.0228091498752
2023-07-28 14:00:00,14.0228174889203
2023-07-28 15:00:00,14.0228632762802
2023-07-28 16:00:00,46.7405993584969
2023-07-28 17:00:00,59.5499338271488
2023-07-28 18:00:00,67.1640620763979
2023-07-28 19:00:00,67.1641384755836
2023-07-28 20:00:00,67.1641425103828
2023-07-28 21:00:00,67.1641385052209
2023-07-28 22:00:00,67.1641294120458
2023-07-28 23:00:00,67.1641019216436
2023-07-29 00:00:00,67.164096659913
2023-07-29 01:00:00,67.1640939145116
2023-07-29 02:00:00,67.1641046655278
2023-07-29 03:00:00,67.1641157375886
2023-07-29 04:00:00,67.1641282426994
2023-07-29 05:00:00,67.1641331459156
2023-07-29 06:00:00,50.3661618238013
2023-07-29 07:00:00,16.5862354798804
2023-07-29 08:00:00,14.022363549883
2023-07-29 09:00:00,13.4145389743507
2023-07-29 10:00:00,13.4145268090399
2023-07-29 11:00:00,13.4145178970948
2023-07-29 12:00:00,13.4145116051798
2023-07-29 13:00:00,13.414512796936
2023-07-29 14:00:00,13.4145216659584
2023-07-29 15:00:00,13.4145413063326
2023-07-29 16:00:00,14.0229042753326
2023-07-29 17:00:00,50.3660360732352
2023-07-29 18:00:00,55.702160710642
2023-07-29 19:00:00,67.1641278931703
2023-07-29 20:00:00,67.1641332255939
2023-07-29 21:00:00,67.164128609783
2023-07-29 22:00:00,67.1641295709592
2023-07-29 23:00:00,67.164123238569
2023-07-30 00:00:00,67.1641179783601
2023-07-30 01:00:00,67.1641167810817
2023-07-30 02:00:00,67.1641172468942
2023-07-30 03:00:00,67.164121812659
2023-07-30 04:00:00,67.1641307117733
2023-07-30 05:00:00,67.1641349937568
2023-07-30 06:00:00,50.3661036488835
2023-07-30 07:00:00,13.4138336651936
2023-07-30 08:00:00,11.3383021357784
2023-07-30 09:00:00,10.844758747025
2023-07-30 10:00:00,10.8447495412763
2023-07-30 11:00:00,10.8447423096222
2023-07-30 12:00:00,10.8447376278122
2023-07-30 13:00:00,10.8447409880373
2023-07-30 14:00:00,10.8447566232947
2023-07-30 15:00:00,13.4144695299848
2023-07-30 16:00:00,14.4211294396015
2023-07-30 17:00:00,45.34008968987
2023-07-30 18:00:00,54.3817879515148
2023-07-30 19:00:00,67.1641363739528
2023-07-30 20:00:00,67.1641382962242
2023-07-30 21:00:00,67.1641346324189
2023-07-30 22:00:00,67.1641341885219
2023-07-30 23:00:00,67.1641275458499
2023-07-31 00:00:00,67.1641226540079
2023-07-31 01:00:00,67.1641212924637
2023-07-31 02:00:00,67.1641220381324
2023-07-31 03:00:00,67.1641261913526
2023-07-31 04:00:00,67.1641336198598
2023-07-31 05:00:00,67.1641374140604
2023-07-31 06:00:00,50.3661270560394
2023-07-31 07:00:00,16.1802739498583
2023-07-31 08:00:00,14.0222995153593
2023-07-31 09:00:00,13.0861780431657
2023-07-31 10:00:00,13.0858274618957
2023-07-31 11:00:00,13.0858182146565
2023-07-31 12:00:00,13.0858060705305
2023-07-31 13:00:00,13.0858081043085
2023-07-31 14:00:00,13.0858260168929
2023-07-31 15:00:00,13.4144915714087
2023-07-31 16:00:00,14.0229137439216
2023-07-31 17:00:00,46.3866760100435
2023-07-31 18:00:00,50.6596569822457
2023-07-31 19:00:00,67.1641100829517
2023-07-31 20:00:00,67.1641189495282
2023-07-31 21:00:00,67.1641148134252
2023-07-31 22:00:00,67.164120065334
2023-07-31 23:00:00,67.1641036938303
2023-08-01 00:00:00,67.1640844218695
2023-08-01 01:00:00,67.1640550176829
2023-08-01 02:00:00,67.1640304907373
2023-08-01 03:00:00,67.1640582288337
2023-08-01 04:00:00,67.1641118711253
2023-08-01 05:00:00,67.1641257822117
2023-08-01 06:00:00,50.3661268263302
2023-08-01 07:00:00,19.2990201874535
2023-08-01 08:00:00,18.4657445605647
2023-08-01 09:00:00,14.938794892671
2023-08-01 10:00:00,14.0351755046037
2023-08-01 11:00:00,14.03514822744
2023-08-01 12:00:00,14.0351441647753
2023-08-01 13:00:00,14.0351465910409
2023-08-01 14:00:00,14.0351635904818
2023-08-01 15:00:00,14.0368248382613
2023-08-01 16:00:00,41.4842712852133
2023-08-01 17:00:00,50.3661135367969
2023-08-01 18:00:00,58.62984885731
2023-08-01 19:00:00,67.1641382979299
2023-08-01 20:00:00,67.16414144227
2023-08-01 21:00:00,67.164139216331
2023-08-01 22:00:00,67.1641353662727
2023-08-01 23:00:00,67.1641252642568
2023-08-02 00:00:00,67.1641184370425
2023-08-02 01:00:00,67.1641115014185
2023-08-02 02:00:00,67.1641082390025
2023-08-02 03:00:00,67.1641053603892
2023-08-02 04:00:00,67.1641192928104
2023-08-02 05:00:00,67.1641267754345
2023-08-02 06:00:00,50.3661211067782
2023-08-02 07:00:00,14.0237984312826
2023-08-02 08:00:00,12.4149404397817
2023-08-02 09:00:00,11.875564046413
2023-08-02 10:00:00,11.8755509705298
2023-08-02 11:00:00,11.8755314818458
2023-08-02 12:00:00,11.8755196991788
2023-08-02 13:00:00,11.8755240676534
2023-08-02 14:00:00,11.8755469082406
2023-08-02 15:00:00,11.8756244124741
2023-08-02 16:00:00,14.0222846102929
2023-08-02 17:00:00,14.6561945086964
2023-08-02 18:00:00,50.3660547817406
2023-08-02 19:00:00,50.3662684032124
2023-08-02 20:00:00,50.3662762075295
2023-08-02 21:00:00,50.3662710200759
2023-08-02 22:00:00,50.3662756935884
2023-08-02 23:00:00,50.3662496234987
2023-08-03 00:00:00,50.3661750018185
2023-08-03 01:00:00,50.3661442431134
2023-08-03 02:00:00,50.3661371217753
2023-08-03 03:00:00,50.3661380354531
2023-08-03 04:00:00,50.3661560313424
2023-08-03 05:00:00,50.366156859082
2023-08-03 06:00:00,17.7399302273882
2023-08-03 07:00:00,12.6667827992884
2023-08-03 08:00:00,0.0825964048745196
2023-08-03 09:00:00,0.0484507296393264
2023-08-03 10:00:00,0.0484140634228134
2023-08-03 11:00:00,0.0259063848454764
2023-08-03 12:00:00,0.0258835169668738
2023-08-03 13:00:00,0.0258861532296635
2023-08-03 14:00:00,0.0259185667349933
2023-08-03 15:00:00,0.0484552699705466
2023-08-03 16:00:00,14.0228139198567
2023-08-03 17:00:00,43.4298483321572
2023-08-03 18:00:00,50.3660594807168
2023-08-03 19:00:00,50.3664464243196
2023-08-03 20:00:00,50.3664644849932
2023-08-03 21:00:00,50.3664623631421
2023-08-03 22:00:00,50.3664481341169
2023-08-03 23:00:00,50.3664121103985
2023-08-04 00:00:00,50.3663027017937
2023-08-04 01:00:00,50.3662161734238
2023-08-04 02:00:00,50.3661854179471
2023-08-04 03:00:00,50.3661958237869
2023-08-04 04:00:00,50.3661982063613
2023-08-04 05:00:00,50.3662095447817
2023-08-04 06:00:00,40.7767271861454
2023-08-04 07:00:00,26.4073883316656
2023-08-04 08:00:00,0.0617101833054626
2023-08-04 09:00:00,0.0314926071017744
2023-08-04 10:00:00,0.0258701821555477
2023-08-04 11:00:00,0.0258344616858593
2023-08-04 12:00:00,0.025828418350549
2023-08-04 13:00:00,0.0258343739988741
2023-08-04 14:00:00,0.0258625271658008
2023-08-04 15:00:00,0.0315486036606196
2023-08-04 16:00:00,44.8247352506203
2023-08-04 17:00:00,54.3819697467541
2023-08-04 18:00:00,67.1641446553196
2023-08-04 19:00:00,67.1646673094603
2023-08-04 20:00:00,67.1646741526974
2023-08-04 21:00:00,67.1646676399446
2023-08-04 22:00:00,67.1646564362826
2023-08-04 23:00:00,67.1646290910295
2023-08-05 00:00:00,67.164637957447
2023-08-05 01:00:00,67.1646463547983
2023-08-05 02:00:00,67.1646547384474
2023-08-05 03:00:00,67.1643603760397
2023-08-05 04:00:00,67.1641570930597
2023-08-05 05:00:00,67.1641618381801
2023-08-05 06:00:00,50.3661507834886
2023-08-05 07:00:00,42.5040144233665
2023-08-05 08:00:00,17.3349899676745
2023-08-05 09:00:00,14.0228795226555
2023-08-05 10:00:00,14.0228643984837
2023-08-05 11:00:00,14.0228198132527
2023-08-05 12:00:00,14.022796419174
2023-08-05 13:00:00,14.0228099389077
2023-08-05 14:00:00,14.022861138557
2023-08-05 15:00:00,14.0229018130856
2023-08-05 16:00:00,33.4234716055982
2023-08-05 17:00:00,50.3661032893707
2023-08-05 18:00:00,63.74239269433
2023-08-05 19:00:00,67.1640519882159
2023-08-05 20:00:00,67.1640563428166
2023-08-05 21:00:00,67.1640525792214
2023-08-05 22:00:00,67.1640490652288
2023-08-05 23:00:00,67.164016579615
2023-08-06 00:00:00,67.1639678931664
2023-08-06 01:00:00,67.1638045620089
2023-08-06 02:00:00,67.1631716630544
2023-08-06 03:00:00,67.1636724133134
2023-08-06 04:00:00,67.1639849380637
2023-08-06 05:00:00,67.1640313739795
2023-08-06 06:00:00,50.3655413424062
2023-08-06 07:00:00,16.5871598239376
2023-08-06 08:00:00,14.0222208450078
2023-08-06 09:00:00,13.4145071435857
2023-08-06 10:00:00,13.4144916124288
2023-08-06 11:00:00,13.4144701350708
2023-08-06 12:00:00,13.4144554140021
2023-08-06 13:00:00,13.4144660930241
2023-08-06 14:00:00,13.4144944232123
2023-08-06 15:00:00,13.7033067045197
2023-08-06 16:00:00,42.1203721183973
2023-08-06 17:00:00,50.3661047294694
2023-08-06 18:00:00,63.74236903074
2023-08-06 19:00:00,63.7451865630766
2023-08-06 20:00:00,63.7451866934822
2023-08-06 21:00:00,63.7451712374505
2023-08-06 22:00:00,63.7451288812631
2023-08-06 23:00:00,63.743441615177
2023-08-07 00:00:00,63.7424557955755
2023-08-07 01:00:00,63.7424251157837
2023-08-07 02:00:00,63.7424274595599
2023-08-07 03:00:00,63.7425298740372
2023-08-07 04:00:00,63.7451270375142
2023-08-07 05:00:00,63.7451900423194
2023-08-07 06:00:00,50.3661345845813
2023-08-07 07:00:00,9.4591013819472
2023-08-07 08:00:00,7.64189055255793
2023-08-07 09:00:00,7.30583420051451
2023-08-07 10:00:00,7.30582284768151
2023-08-07 11:00:00,7.30581251607777
2023-08-07 12:00:00,7.30580967428286
2023-08-07 13:00:00,7.30581791694116
2023-08-07 14:00:00,7.30583407406676
2023-08-07 15:00:00,10.9196984139811
2023-08-07 16:00:00,17.8738981846261
2023-08-07 17:00:00,50.3660734848737
2023-08-07 18:00:00,67.163966988514
2023-08-07 19:00:00,67.1641682183916
2023-08-07 20:00:00,67.1641686327751
2023-08-07 21:00:00,67.1641648711132
2023-08-07 22:00:00,67.1641612050426
2023-08-07 23:00:00,67.1641500465126
2023-08-08 00:00:00,67.1641312374769
2023-08-08 01:00:00,67.1641211916093
2023-08-08 02:00:00,67.1641164722712
2023-08-08 03:00:00,67.1641302777061
2023-08-08 04:00:00,67.1641537085548
2023-08-08 05:00:00,67.1641602500642
2023-08-08 06:00:00,50.3662039809216
2023-08-08 07:00:00,0.084917402613696
2023-08-08 08:00:00,0.0382901880346666
2023-08-08 09:00:00,0.0258959055799661
2023-08-08 10:00:00,0.025881384148081
2023-08-08 11:00:00,0.0258764767793952
2023-08-08 12:00:00,0.0258751574473752
2023-08-08 13:00:00,0.0258786566543209
2023-08-08 14:00:00,0.0258926697645697
2023-08-08 15:00:00,0.0346088387826899
2023-08-08 16:00:00,14.0229015654492
2023-08-08 17:00:00,52.2815342590347
2023-08-08 18:00:00,67.1640886578975
2023-08-08 19:00:00,67.164184260099
2023-08-08 20:00:00,67.1641858092927
2023-08-08 21:00:00,67.1641822423784
2023-08-08 22:00:00,67.1641775151016
2023-08-08 23:00:00,67.1641739415669
2023-08-09 00:00:00,67.1641707466148
2023-08-09 01:00:00,67.1641681953804
2023-08-09 02:00:00,67.1641682206177
2023-08-09 03:00:00,67.1641713890924
2023-08-09 04:00:00,67.1641758138189
2023-08-09 05:00:00,67.1641782782944
2023-08-09 06:00:00,50.3663932858427
2023-08-09 07:00:00,16.5862498420496
2023-08-09 08:00:00,14.0225986835292
2023-08-09 09:00:00,13.4146036167685
2023-08-09 10:00:00,13.4145325095261
2023-08-09 11:00:00,13.4145257629599
2023-08-09 12:00:00,13.4145246653399
2023-08-09 13:00:00,13.4145280587635
2023-08-09 14:00:00,13.414541244728
2023-08-09 15:00:00,14.2652123217577
2023-08-09 16:00:00,50.3660682043977
2023-08-09 17:00:00,64.3156069464487
2023-08-09 18:00:00,67.4971118589089
2023-08-09 19:00:00,67.4972510584251
2023-08-09 20:00:00,67.4972513746923
2023-08-09 21:00:00,67.4972501469544
2023-08-09 22:00:00,67.4972481444719
2023-08-09 23:00:00,67.4972420853571
2023-08-10 00:00:00,67.497015558881
2023-08-10 01:00:00,67.2068260016619
2023-08-10 02:00:00,67.1645311271843
2023-08-10 03:00:00,67.1642354413127
2023-08-10 04:00:00,67.1642281738037
2023-08-10 05:00:00,67.1641800760412
2023-08-10 06:00:00,50.3661581638628
2023-08-10 07:00:00,14.0223257858315
2023-08-10 08:00:00,12.9341451553936
2023-08-10 09:00:00,10.4582353547752
2023-08-10 10:00:00,10.4582128080567
2023-08-10 11:00:00,10.4582044363647
2023-08-10 12:00:00,10.4581886194982
2023-08-10 13:00:00,10.4581927102106
2023-08-10 14:00:00,10.4582139904628
2023-08-10 15:00:00,11.375637242976
2023-08-10 16:00:00,48.1276477742511
2023-08-10 17:00:00,62.1649268122354
2023-08-10 18:00:00,67.1181377375719
2023-08-10 19:00:00,67.1641863630901
2023-08-10 20:00:00,67.1641867621708
2023-08-10 21:00:00,67.164183916394
2023-08-10 22:00:00,67.1641804744464
2023-08-10 23:00:00,67.164173858138
2023-08-11 00:00:00,67.1641685998008
2023-08-11 01:00:00,67.1641638833028
2023-08-11 02:00:00,67.1641613182022
2023-08-11 03:00:00,67.1641608442184
2023-08-11 04:00:00,67.1641639038942
2023-08-11 05:00:00,67.1641505256744
2023-08-11 06:00:00,50.366132786858
2023-08-11 07:00:00,14.0223120433059
2023-08-11 08:00:00,12.0378440218218
2023-08-11 09:00:00,9.73221450667658
2023-08-11 10:00:00,9.73220479282083
2023-08-11 11:00:00,9.73219940922803
2023-08-11 12:00:00,9.73219618352668
2023-08-11 13:00:00,9.73219794182316
2023-08-11 14:00:00,9.73220659873547
2023-08-11 15:00:00,10.5780304311154
2023-08-11 16:00:00,45.5926897351983
2023-08-11 17:00:00,61.0372639885076
2023-08-11 18:00:00,66.3572700574242
2023-08-11 19:00:00,67.1641920094289
2023-08-11 20:00:00,67.1641928063716
2023-08-11 21:00:00,67.1641884919532
2023-08-11 22:00:00,67.1641871751661
2023-08-11 23:00:00,67.1641812419488
2023-08-12 00:00:00,67.1641735187278
2023-08-12 01:00:00,67.164170841289
2023-08-12 02:00:00,67.1641735523167
2023-08-12 03:00:00,67.1641791609219
2023-08-12 04:00:00,67.1641904907498
2023-08-12 05:00:00,67.1641954837216
2023-08-12 06:00:00,50.3661942978645
2023-08-12 07:00:00,16.5844952205758
2023-08-12 08:00:00,14.0223117672169
2023-08-12 09:00:00,13.4134763735734
2023-08-12 10:00:00,13.4134174833262
2023-08-12 11:00:00,13.4134123684024
2023-08-12 12:00:00,13.4134085129558
2023-08-12 13:00:00,13.4134107145382
2023-08-12 14:00:00,13.4134207967203
2023-08-12 15:00:00,13.4144919457322
2023-08-12 16:00:00,16.04705259174
2023-08-12 17:00:00,56.2192962401297
2023-08-12 18:00:00,67.163782621068
2023-08-12 19:00:00,67.1642088724832
2023-08-12 20:00:00,67.1642080365378
2023-08-12 21:00:00,67.1642043235989
2023-08-12 22:00:00,67.1642022178354
2023-08-12 23:00:00,67.1641990587745
2023-08-13 00:00:00,67.1641964688917
2023-08-13 01:00:00,67.1641943747393
2023-08-13 02:00:00,67.1641919865394
2023-08-13 03:00:00,67.1641958160599
2023-08-13 04:00:00,67.1642071808321
2023-08-13 05:00:00,67.1642127646658
2023-08-13 06:00:00,50.3661463524485
2023-08-13 07:00:00,16.584196477127
2023-08-13 08:00:00,14.0223269512877
2023-08-13 09:00:00,13.4145205931206
2023-08-13 10:00:00,13.414513554417
2023-08-13 11:00:00,13.4145032243622
2023-08-13 12:00:00,13.4144900828307
2023-08-13 13:00:00,13.414495904888
2023-08-13 14:00:00,13.4145113837209
2023-08-13 15:00:00,13.4145864430536
2023-08-13 16:00:00,50.9813225987835
2023-08-13 17:00:00,67.4968690109595
2023-08-13 18:00:00,67.4972508552874
2023-08-13 19:00:00,67.4973340687047
2023-08-13 20:00:00,67.4973280465691
2023-08-13 21:00:00,67.4972947366812
2023-08-13 22:00:00,67.4972824245946
2023-08-13 23:00:00,67.4972687427673
2023-08-14 00:00:00,67.4972535308716
2023-08-14 01:00:00,67.4972516908432
2023-08-14 02:00:00,67.4972508284206
2023-08-14 03:00:00,67.4972539569871
2023-08-14 04:00:00,67.4972582353011
2023-08-14 05:00:00,67.4972551442824
2023-08-14 06:00:00,50.6158337857201
2023-08-14 07:00:00,22.3913758211469
2023-08-14 08:00:00,17.3350154422229
2023-08-14 09:00:00,14.0229133730669
2023-08-14 10:00:00,14.02290211349
2023-08-14 11:00:00,14.0228905723024
2023-08-14 12:00:00,14.0228822378563
2023-08-14 13:00:00,14.0228875787806
2023-08-14 14:00:00,14.0229031642844
2023-08-14 15:00:00,14.0230172979587
2023-08-14 16:00:00,54.6519217330852
2023-08-14 17:00:00,67.4970444324063
2023-08-14 18:00:00,67.4972549126365
2023-08-14 19:00:00,67.497376541979
2023-08-14 20:00:00,67.4973650962894
2023-08-14 21:00:00,67.4973237717958
2023-08-14 22:00:00,67.4972576274611
2023-08-14 23:00:00,67.4972531255817
2023-08-15 00:00:00,67.4972522847892
2023-08-15 01:00:00,67.4972516384899
2023-08-15 02:00:00,67.4972515395601
2023-08-15 03:00:00,67.4972516583117
2023-08-15 04:00:00,67.4972792890682
2023-08-15 05:00:00,67.497257117397
2023-08-15 06:00:00,53.3685261966733
2023-08-15 07:00:00,48.1774675688856
2023-08-15 08:00:00,17.3350474212238
2023-08-15 09:00:00,14.0229270119477
2023-08-15 10:00:00,14.022915834397
2023-08-15 11:00:00,14.0229023279837
2023-08-15 12:00:00,14.0228968324664
2023-08-15 13:00:00,14.0229004901782
2023-08-15 14:00:00,14.0229174105591
2023-08-15 15:00:00,14.0245404492925
2023-08-15 16:00:00,55.7771539114171
2023-08-15 17:00:00,67.497075148862
2023-08-15 18:00:00,68.8781584885348
2023-08-15 19:00:00,68.880711838848
2023-08-15 20:00:00,68.8807138332991
2023-08-15 21:00:00,68.8807086693247
2023-08-15 22:00:00,68.8806834135341
2023-08-15 23:00:00,68.8782626390923
2023-08-16 00:00:00,68.8534557735937
2023-08-16 01:00:00,68.853358538371
2023-08-16 02:00:00,68.8535033251982
2023-08-16 03:00:00,68.8780400437432
2023-08-16 04:00:00,68.8795948687282
2023-08-16 05:00:00,68.6832854664671
2023-08-16 06:00:00,60.238648622696
2023-08-16 07:00:00,50.615766205501
2023-08-16 08:00:00,44.6888831568595
2023-08-16 09:00:00,36.1795578755853
2023-08-16 10:00:00,36.1790128742295
2023-08-16 11:00:00,34.0215859858626
2023-08-16 12:00:00,34.0215761127808
2023-08-16 13:00:00,34.021583484302
2023-08-16 14:00:00,34.0216376579343
2023-08-16 15:00:00,36.1796458695562
2023-08-16 16:00:00,54.6526241669121
2023-08-16 17:00:00,67.4970945847742
2023-08-16 18:00:00,67.4972566994317
2023-08-16 19:00:00,67.4974428576131
2023-08-16 20:00:00,67.4974252940355
2023-08-16 21:00:00,67.497364430112
2023-08-16 22:00:00,67.4973883065947
2023-08-16 23:00:00,67.4973311833064
2023-08-17 00:00:00,67.4972933931408
2023-08-17 01:00:00,67.4972832974047
2023-08-17 02:00:00,67.4972820493176
2023-08-17 03:00:00,67.4972847672602
2023-08-17 04:00:00,67.4972969963915
2023-08-17 05:00:00,67.4972939177453
2023-08-17 06:00:00,50.615924167225
2023-08-17 07:00:00,17.3359867861399
2023-08-17 08:00:00,14.022343410917
2023-08-17 09:00:00,13.4141059686882
2023-08-17 10:00:00,13.4140880230756
2023-08-17 11:00:00,13.4140831831393
2023-08-17 12:00:00,13.4140796545137
2023-08-17 13:00:00,13.4140812694667
2023-08-17 14:00:00,13.4140904198917
2023-08-17 15:00:00,14.0228901079286
2023-08-17 16:00:00,48.0089774877112
2023-08-17 17:00:00,57.7080741340027
2023-08-17 18:00:00,67.4970563757035
2023-08-17 19:00:00,67.4971253078655
2023-08-17 20:00:00,67.4971242852438
2023-08-17 21:00:00,67.4971172268472
2023-08-17 22:00:00,67.497111571408
2023-08-17 23:00:00,67.4971081586734
2023-08-18 00:00:00,67.4971012449645
2023-08-18 01:00:00,67.4970943617563
2023-08-18 02:00:00,67.4970916815617
2023-08-18 03:00:00,67.4970847036216
2023-08-18 04:00:00,67.4970830439857
2023-08-18 05:00:00,67.496937403722
2023-08-18 06:00:00,50.6158001376755
2023-08-18 07:00:00,2.060365900387
2023-08-18 08:00:00,1.95877967895614
2023-08-18 09:00:00,1.56816642440766
2023-08-18 10:00:00,1.56815578735078
2023-08-18 11:00:00,1.56812816165215
2023-08-18 12:00:00,1.56809202857205
2023-08-18 13:00:00,1.56809911748218
2023-08-18 14:00:00,1.56814964883778
2023-08-18 15:00:00,13.4145058540214
2023-08-18 16:00:00,46.7632623790123
2023-08-18 17:00:00,61.0500619760317
2023-08-18 18:00:00,65.1448619217967
2023-08-18 19:00:00,67.4971067885105
2023-08-18 20:00:00,67.4971167622311
2023-08-18 21:00:00,67.4971154321758
2023-08-18 22:00:00,67.4971137799059
2023-08-18 23:00:00,67.4971043994183
2023-08-19 00:00:00,67.4971023145882
2023-08-19 01:00:00,67.4971040746246
2023-08-19 02:00:00,67.4971083652466
2023-08-19 03:00:00,67.4971158304966
2023-08-19 04:00:00,67.4971280482553
2023-08-19 05:00:00,67.4971352749423
2023-08-19 06:00:00,50.6159933764572
2023-08-19 07:00:00,8.5562780982402
2023-08-19 08:00:00,6.60786685059341
2023-08-19 09:00:00,6.31574023559671
2023-08-19 10:00:00,6.31570809629307
2023-08-19 11:00:00,6.31570219876368
2023-08-19 12:00:00,6.31570155364902
2023-08-19 13:00:00,6.3157063384191
2023-08-19 14:00:00,6.31572804321719
2023-08-19 15:00:00,13.414527245624
2023-08-19 16:00:00,50.3101262469284
2023-08-19 17:00:00,67.1648569184827
2023-08-19 18:00:00,67.4972517498146
2023-08-19 19:00:00,67.4972671241762
2023-08-19 20:00:00,67.4972636947841
2023-08-19 21:00:00,67.497260016444
2023-08-19 22:00:00,67.4972587025859
2023-08-19 23:00:00,67.4972564484355
2023-08-20 00:00:00,67.4972556061336
2023-08-20 01:00:00,67.4972550515235
2023-08-20 02:00:00,67.4972546568642
2023-08-20 03:00:00,67.4972548044962
2023-08-20 04:00:00,67.4972559707205
2023-08-20 05:00:00,67.4972563321597
2023-08-20 06:00:00,50.6163080605927
2023-08-20 07:00:00,24.436573425913
2023-08-20 08:00:00,19.7699241370541
2023-08-20 09:00:00,18.9210627258401
2023-08-20 10:00:00,18.9210205279441
2023-08-20 11:00:00,18.920883667469
2023-08-20 12:00:00,18.9208784643123
2023-08-20 13:00:00,18.9208954316612
2023-08-20 14:00:00,18.9210451168327
2023-08-20 15:00:00,45.3552311801463
2023-08-20 16:00:00,60.8059188084736
2023-08-20 17:00:00,67.4972596352651
2023-08-20 18:00:00,73.0362080179024
2023-08-20 19:00:00,73.0367439889897
2023-08-20 20:00:00,73.036730694894
2023-08-20 21:00:00,73.0366232468546
2023-08-20 22:00:00,73.0336199976952
2023-08-20 23:00:00,69.9115483091728
2023-08-21 00:00:00,67.4974826062242
2023-08-21 01:00:00,67.4974224357635
2023-08-21 02:00:00,67.4974211263641
2023-08-21 03:00:00,68.9054332862069
2023-08-21 04:00:00,70.3288983436878
2023-08-21 05:00:00,70.329271019117
2023-08-21 06:00:00,55.5632198454428
2023-08-21 07:00:00,17.3360434392157
2023-08-21 08:00:00,14.0226180277286
2023-08-21 09:00:00,13.4145499146832
2023-08-21 10:00:00,13.4145352326513
2023-08-21 11:00:00,13.4145308642722
2023-08-21 12:00:00,13.4145298474695
2023-08-21 13:00:00,13.4145332936423
2023-08-21 14:00:00,13.4145446774748
2023-08-21 15:00:00,14.0228411316182
2023-08-21 16:00:00,53.5440211238132
2023-08-21 17:00:00,67.4971798103993
2023-08-21 18:00:00,67.497420802749
2023-08-21 19:00:00,67.4975718286472
2023-08-21 20:00:00,67.4975657465345
2023-08-21 21:00:00,67.4975382826777
2023-08-21 22:00:00,67.4975040408845
2023-08-21 23:00:00,67.4973169460865
2023-08-22 00:00:00,67.497305069207
2023-08-22 01:00:00,67.4973038817187
2023-08-22 02:00:00,67.497312034209
2023-08-22 03:00:00,67.4973305253257
2023-08-22 04:00:00,67.4974578159677
2023-08-22 05:00:00,67.4975192978663
2023-08-22 06:00:00,52.145546735028
2023-08-22 07:00:00,24.9201253963058
2023-08-22 08:00:00,19.296662376937
2023-08-22 09:00:00,19.2960490046808
2023-08-22 10:00:00,19.2955219096669
2023-08-22 11:00:00,19.2950168866762
2023-08-22 12:00:00,19.2950112645396
2023-08-22 13:00:00,19.2950243930373
2023-08-22 14:00:00,19.2953901094743
2023-08-22 15:00:00,50.2187547934178
2023-08-22 16:00:00,67.4969746831271
2023-08-22 17:00:00,69.584311887708
2023-08-22 18:00:00,85.9325593060326
2023-08-22 19:00:00,85.9328951508807
2023-08-22 20:00:00,85.9328938457876
2023-08-22 21:00:00,85.9328819513764
2023-08-22 22:00:00,85.932860034408
2023-08-22 23:00:00,85.932818607827
2023-08-23 00:00:00,85.9326378529592
2023-08-23 01:00:00,85.9319621253079
2023-08-23 02:00:00,85.9318684962666
2023-08-23 03:00:00,85.9325879913038
2023-08-23 04:00:00,85.9328456394063
2023-08-23 05:00:00,85.9328915954408
2023-08-23 06:00:00,67.4972038011124
2023-08-23 07:00:00,58.1280499883054
2023-08-23 08:00:00,50.615964461221
2023-08-23 09:00:00,43.5737516003204
2023-08-23 10:00:00,40.9786102055784
2023-08-23 11:00:00,40.9785223837232
2023-08-23 12:00:00,40.9785157835005
2023-08-23 13:00:00,40.9785288304759
2023-08-23 14:00:00,40.9788451341908
2023-08-23 15:00:00,50.6158106349016
2023-08-23 16:00:00,67.4971814828283
2023-08-23 17:00:00,69.5932165726892
2023-08-23 18:00:00,85.9438637439123
2023-08-23 19:00:00,85.9439005585613
2023-08-23 20:00:00,85.9438976657498
2023-08-23 21:00:00,85.9438638976737
2023-08-23 22:00:00,85.9436257648639
2023-08-23 23:00:00,85.9323573123959
2023-08-24 00:00:00,85.9319377466467
2023-08-24 01:00:00,85.9316591412489
2023-08-24 02:00:00,85.9315549339924
2023-08-24 03:00:00,85.9314355542444
2023-08-24 04:00:00,85.9313791439249
2023-08-24 05:00:00,82.0435463527591
2023-08-24 06:00:00,65.1449198821054
2023-08-24 07:00:00,53.0393377246674
2023-08-24 08:00:00,17.3351092517366
2023-08-24 09:00:00,14.0229714689257
2023-08-24 10:00:00,14.022953642418
2023-08-24 11:00:00,14.0229073174103
2023-08-24 12:00:00,14.0228975356888
2023-08-24 13:00:00,14.0229002176549
2023-08-24 14:00:00,14.0229316573063
2023-08-24 15:00:00,14.0230356392372
2023-08-24 16:00:00,63.4940455483604
2023-08-24 17:00:00,67.4972431303505
2023-08-24 18:00:00,78.4131032670201
2023-08-24 19:00:00,78.4131265668195
2023-08-24 20:00:00,78.4131083867292
2023-08-24 21:00:00,78.0388421882877
2023-08-24 22:00:00,76.1575167077233
2023-08-24 23:00:00,73.39272769482
2023-08-25 00:00:00,69.6831121573065
2023-08-25 01:00:00,69.6830611662342
2023-08-25 02:00:00,69.6831016402563
2023-08-25 03:00:00,69.6831689543984
2023-08-25 04:00:00,69.802425813555
2023-08-25 05:00:00,68.8159934980084
2023-08-25 06:00:00,63.4945116392425
2023-08-25 07:00:00,50.6158694571072
2023-08-25 08:00:00,17.3350781916374
2023-08-25 09:00:00,14.0229503971122
2023-08-25 10:00:00,14.0229340425206
2023-08-25 11:00:00,14.0228996462527
2023-08-25 12:00:00,14.0228892444907
2023-08-25 13:00:00,14.0228915793128
2023-08-25 14:00:00,14.0229082194349
2023-08-25 15:00:00,14.0230409744235
2023-08-25 16:00:00,61.8110430521553
2023-08-25 17:00:00,67.4972421145953
2023-08-25 18:00:00,76.3367522100556
2023-08-25 19:00:00,76.3369377289728
2023-08-25 20:00:00,76.3369460284494
2023-08-25 21:00:00,76.3369399073258
2023-08-25 22:00:00,76.157585893802
2023-08-25 23:00:00,76.1575385323042
2023-08-26 00:00:00,76.1575150671129
2023-08-26 01:00:00,76.0340245699604
2023-08-26 02:00:00,76.0333684869959
2023-08-26 03:00:00,76.1575534388429
2023-08-26 04:00:00,76.3369059112565
2023-08-26 05:00:00,76.3369590090946
2023-08-26 06:00:00,67.4970318202847
2023-08-26 07:00:00,59.4529401779376
2023-08-26 08:00:00,50.6159459764412
2023-08-26 09:00:00,50.6159026175027
2023-08-26 10:00:00,50.6158956386383
2023-08-26 11:00:00,50.6158934495537
2023-08-26 12:00:00,50.6158933913794
2023-08-26 13:00:00,50.6158949446041
2023-08-26 14:00:00,50.6159162172763
2023-08-26 15:00:00,58.9055937809696
2023-08-26 16:00:00,67.4952364121195
2023-08-26 17:00:00,67.4972434626085
2023-08-26 18:00:00,78.7210234299469
2023-08-26 19:00:00,78.7210463642563
2023-08-26 20:00:00,78.7210458304684
2023-08-26 21:00:00,78.7210373616643
2023-08-26 22:00:00,78.0087853825746
2023-08-26 23:00:00,76.1576288658805
2023-08-27 00:00:00,76.1575188475484
2023-08-27 01:00:00,76.157525475507
2023-08-27 02:00:00,76.1575229868748
2023-08-27 03:00:00,76.15761310623
2023-08-27 04:00:00,77.9687573377921
2023-08-27 05:00:00,78.7188770282878
2023-08-27 06:00:00,67.4972250423225
2023-08-27 07:00:00,50.6158734068708
2023-08-27 08:00:00,3.56669687051439
2023-08-27 09:00:00,2.68136989361313
2023-08-27 10:00:00,2.6813611512499
2023-08-27 11:00:00,2.68135837277116
2023-08-27 12:00:00,2.68135642332544
2023-08-27 13:00:00,2.68135767219335
2023-08-27 14:00:00,2.6813649879313
2023-08-27 15:00:00,2.68148399761439
2023-08-27 16:00:00,50.6158321029881
2023-08-27 17:00:00,67.4972023954487
2023-08-27 18:00:00,76.0208045277051
2023-08-27 19:00:00,76.2731148124952
2023-08-27 20:00:00,76.2731156614575
2023-08-27 21:00:00,76.0208132893698
2023-08-27 22:00:00,69.7010254954818
2023-08-27 23:00:00,67.5944807753026
2023-08-28 00:00:00,67.497451461151
2023-08-28 01:00:00,67.4974011271835
2023-08-28 02:00:00,67.4973968596171
2023-08-28 03:00:00,67.497423647936
2023-08-28 04:00:00,70.3326695261266
2023-08-28 05:00:00,75.4962160223596
2023-08-28 06:00:00,67.4972546675265
2023-08-28 07:00:00,62.5774946786134
2023-08-28 08:00:00,14.0228928518058
2023-08-28 09:00:00,11.3400808714217
2023-08-28 10:00:00,10.6494690373312
2023-08-28 11:00:00,10.649147417954
2023-08-28 12:00:00,10.6491379030109
2023-08-28 13:00:00,10.6491409760415
2023-08-28 14:00:00,10.6491743837545
2023-08-28 15:00:00,11.5835864053523
2023-08-28 16:00:00,50.6158942713677
2023-08-28 17:00:00,67.4972293857167
2023-08-28 18:00:00,79.923899374188
2023-08-28 19:00:00,79.9284087282164
2023-08-28 20:00:00,79.9284452486097
2023-08-28 21:00:00,79.9284341196745
2023-08-28 22:00:00,79.9242649817486
2023-08-28 23:00:00,79.9238808014243
2023-08-29 00:00:00,79.9236484214337
2023-08-29 01:00:00,79.9235673685771
2023-08-29 02:00:00,79.9235555534396
2023-08-29 03:00:00,79.9236305226708
2023-08-29 04:00:00,79.9236767522433
2023-08-29 05:00:00,79.9284813224694
2023-08-29 06:00:00,67.4972638555863
2023-08-29 07:00:00,66.5636016945135
2023-08-29 08:00:00,18.4473519468633
2023-08-29 09:00:00,14.0229481339579
2023-08-29 10:00:00,14.0228938958551
2023-08-29 11:00:00,14.022883840325
2023-08-29 12:00:00,14.022878614932
2023-08-29 13:00:00,14.022882118642
2023-08-29 14:00:00,14.02289664357
2023-08-29 15:00:00,14.0230882363381
2023-08-29 16:00:00,64.7168504106103
2023-08-29 17:00:00,67.497232267681
2023-08-29 18:00:00,79.9235987320976
2023-08-29 19:00:00,79.9236532422114
2023-08-29 20:00:00,79.9236637464722
2023-08-29 21:00:00,79.9236690895118
2023-08-29 22:00:00,79.8782949153338
2023-08-29 23:00:00,76.1574980251154
2023-08-30 00:00:00,75.6510307262927
2023-08-30 01:00:00,74.8527375212563
2023-08-30 02:00:00,74.8525808296257
2023-08-30 03:00:00,75.6500176970802
2023-08-30 04:00:00,76.157535825956
2023-08-30 05:00:00,77.9907131785855
2023-08-30 06:00:00,67.4972494143749
2023-08-30 07:00:00,60.7938023058969
2023-08-30 08:00:00,50.615814675858
2023-08-30 09:00:00,40.980343999109
2023-08-30 10:00:00,38.5377056140277
2023-08-30 11:00:00,38.5376805384867
2023-08-30 12:00:00,38.5376751567306
2023-08-30 13:00:00,38.5376827293484
2023-08-30 14:00:00,38.5377281338264
2023-08-30 15:00:00,40.980454359907
2023-08-30 16:00:00,66.0976911925034
2023-08-30 17:00:00,67.4972486973215
2023-08-30 18:00:00,81.6284332579112
2023-08-30 19:00:00,81.628449326217
2023-08-30 20:00:00,81.6284349462485
2023-08-30 21:00:00,81.6283452391168
2023-08-30 22:00:00,81.628070801758
2023-08-30 23:00:00,81.3941709102333
2023-08-31 00:00:00,81.3487454472427
2023-08-31 01:00:00,79.9281892545284
2023-08-31 02:00:00,79.9235554215451
2023-08-31 03:00:00,79.3903017652733
2023-08-31 04:00:00,78.839723963716
2023-08-31 05:00:00,72.66864916395
2023-08-31 06:00:00,50.6160234406019
2023-08-31 07:00:00,43.7490193453155
2023-08-31 08:00:00,17.3349993470881
2023-08-31 09:00:00,14.022888227675
2023-08-31 10:00:00,14.0228802374055
2023-08-31 11:00:00,14.0228749556425
2023-08-31 12:00:00,14.0228714974526
2023-08-31 13:00:00,14.0228745969034
2023-08-31 14:00:00,14.0228827248698
2023-08-31 15:00:00,14.0231225607314
2023-08-31 16:00:00,54.6575507817592
2023-08-31 17:00:00,67.4972033636334
2023-08-31 18:00:00,67.4981131918779
2023-08-31 19:00:00,67.4983012087395
2023-08-31 20:00:00,67.4982905942239
2023-08-31 21:00:00,67.4982457797121
2023-08-31 22:00:00,67.4981409029758
2023-08-31 23:00:00,67.4974893572538
2023-09-01 00:00:00,67.4972946723158
2023-09-01 01:00:00,67.4972829605862
2023-09-01 02:00:00,67.4972798707254
2023-09-01 03:00:00,67.4972793240309
2023-09-01 04:00:00,67.4972816275505
2023-09-01 05:00:00,67.4972529910749
2023-09-01 06:00:00,50.6158719327369
2023-09-01 07:00:00,19.4299785938469
2023-09-01 08:00:00,16.8915676140382
2023-09-01 09:00:00,14.0229193872953
2023-09-01 10:00:00,14.0229101814406
2023-09-01 11:00:00,14.0228995178222
2023-09-01 12:00:00,14.0228947116418
2023-09-01 13:00:00,14.0229001568843
2023-09-01 14:00:00,14.022923778634
2023-09-01 15:00:00,50.6158254778478
2023-09-01 16:00:00,65.3462282797811
2023-09-01 17:00:00,67.4972557627977
2023-09-01 18:00:00,78.2438557394864
2023-09-01 19:00:00,78.2438488806274
2023-09-01 20:00:00,78.2438596841462
2023-09-01 21:00:00,78.2437554973276
2023-09-01 22:00:00,78.1594287717179
2023-09-01 23:00:00,78.1592986156038
2023-09-02 00:00:00,78.0700203656534
2023-09-02 01:00:00,78.0695246365452
2023-09-02 02:00:00,78.159294372678
2023-09-02 03:00:00,78.1633054740508
2023-09-02 04:00:00,78.2436865818093
2023-09-02 05:00:00,78.2438927599929
2023-09-02 06:00:00,68.1615187759062
2023-09-02 07:00:00,67.4972145259011
2023-09-02 08:00:00,58.3057664331803
2023-09-02 09:00:00,55.8138005757376
2023-09-02 10:00:00,55.8137884063743
2023-09-02 11:00:00,55.81378636724
2023-09-02 12:00:00,55.8137883469641
2023-09-02 13:00:00,55.813796679084
2023-09-02 14:00:00,55.8138345955262
2023-09-02 15:00:00,60.8021995436146
2023-09-02 16:00:00,67.4972455663729
2023-09-02 17:00:00,71.5930705910297
2023-09-02 18:00:00,71.5931722269026
2023-09-02 19:00:00,71.5931755109309
2023-09-02 20:00:00,71.5930541588973
2023-09-02 21:00:00,71.249331217166
2023-09-02 22:00:00,71.2490488382631
2023-09-02 23:00:00,71.2474928708569
2023-09-03 00:00:00,70.4478910448757
2023-09-03 01:00:00,70.0555734766222
2023-09-03 02:00:00,68.7308421365491
2023-09-03 03:00:00,69.8660096364772
2023-09-03 04:00:00,71.2473961965945
2023-09-03 05:00:00,71.2467498980575
2023-09-03 06:00:00,62.5150634079499
2023-09-03 07:00:00,53.9276480009921
2023-09-03 08:00:00,51.2231353362662
2023-09-03 09:00:00,50.6159166125205
2023-09-03 10:00:00,50.6158981944379
2023-09-03 11:00:00,50.6158917045335
2023-09-03 12:00:00,50.6158903544372
2023-09-03 13:00:00,50.6158927049541
2023-09-03 14:00:00,50.6159033235234
2023-09-03 15:00:00,54.6499964036473
2023-09-03 16:00:00,66.2298863420387
2023-09-03 17:00:00,67.497242392203
2023-09-03 18:00:00,67.4972608649204
2023-09-03 19:00:00,67.4972645283542
2023-09-03 20:00:00,67.4972622057433
2023-09-03 21:00:00,67.4972596629529
2023-09-03 22:00:00,67.4972576457117
2023-09-03 23:00:00,67.4972548323233
2023-09-04 00:00:00,67.4972459828844
2023-09-04 01:00:00,67.4972386443973
2023-09-04 02:00:00,67.497243648301
2023-09-04 03:00:00,67.4972534122208
2023-09-04 04:00:00,67.4972561290332
2023-09-04 05:00:00,67.4972594944464
2023-09-04 06:00:00,55.2438736617917
2023-09-04 07:00:00,50.6158368600339
2023-09-04 08:00:00,42.8116187812334
2023-09-04 09:00:00,40.9775346568888
2023-09-04 10:00:00,40.9775248516932
2023-09-04 11:00:00,40.9775241544128
2023-09-04 12:00:00,40.977526062459
2023-09-04 13:00:00,40.9775339554196
2023-09-04 14:00:00,40.9775542386991
2023-09-04 15:00:00,50.6158475401143
2023-09-04 16:00:00,61.041214521468
2023-09-04 17:00:00,67.4972902110992
2023-09-04 18:00:00,67.497948516218
2023-09-04 19:00:00,67.49798088474
2023-09-04 20:00:00,67.4979683861068
2023-09-04 21:00:00,67.4976448994473
2023-09-04 22:00:00,67.4972679645031
2023-09-04 23:00:00,67.4972628343572
2023-09-05 00:00:00,67.497260566864
2023-09-05 01:00:00,67.4972664323959
2023-09-05 02:00:00,67.4972713618942
2023-09-05 03:00:00,67.4973386949844
2023-09-05 04:00:00,67.497457158454
2023-09-05 05:00:00,67.497791447058
2023-09-05 06:00:00,64.3047860420025
2023-09-05 07:00:00,53.9083660441313
2023-09-05 08:00:00,49.8411587014546
2023-09-05 09:00:00,47.707890075932
2023-09-05 10:00:00,47.7078606209201
2023-09-05 11:00:00,47.7078487465045
2023-09-05 12:00:00,47.7078527847172
2023-09-05 13:00:00,47.7078779266846
2023-09-05 14:00:00,47.7079366392652
2023-09-05 15:00:00,50.6172293000383
2023-09-05 16:00:00,67.4972469613568
2023-09-05 17:00:00,85.9323266443991
2023-09-05 18:00:00,89.7654309074289
2023-09-05 19:00:00,89.7654423576426
2023-09-05 20:00:00,89.7654159036969
2023-09-05 21:00:00,89.7651846065858
2023-09-05 22:00:00,89.7649843811882
2023-09-05 23:00:00,89.7647069890566
2023-09-06 00:00:00,89.7230317590825
2023-09-06 01:00:00,86.1561162897456
2023-09-06 02:00:00,86.1560649107988
2023-09-06 03:00:00,87.653715712658
2023-09-06 04:00:00,89.7634209450379
2023-09-06 05:00:00,89.7652566057367
2023-09-06 06:00:00,67.4972582436164
2023-09-06 07:00:00,62.3608833096506
2023-09-06 08:00:00,53.5333111260502
2023-09-06 09:00:00,50.615846080261
2023-09-06 10:00:00,50.6157953071968
2023-09-06 11:00:00,50.6157642482852
2023-09-06 12:00:00,50.6157670273723
2023-09-06 13:00:00,50.615797591178
2023-09-06 14:00:00,50.6158471802907
2023-09-06 15:00:00,63.5456527240861
2023-09-06 16:00:00,67.4972525563191
2023-09-06 17:00:00,80.8254198444856
2023-09-06 18:00:00,84.0004338482632
2023-09-06 19:00:00,84.0004443557067
2023-09-06 20:00:00,84.0004379916237
2023-09-06 21:00:00,83.6239992732814
2023-09-06 22:00:00,83.1247194095876
2023-09-06 23:00:00,83.1200914151425
2023-09-07 00:00:00,79.5707586516729
2023-09-07 01:00:00,79.5702322251267
2023-09-07 02:00:00,79.5699762593751
2023-09-07 03:00:00,79.569955484989
2023-09-07 04:00:00,79.5734573824188
2023-09-07 05:00:00,79.5695933550145
2023-09-07 06:00:00,55.301733627564
2023-09-07 07:00:00,49.3997598985431
2023-09-07 08:00:00,39.9942041949634
2023-09-07 09:00:00,39.9935075801623
2023-09-07 10:00:00,39.993489168689
2023-09-07 11:00:00,39.993467384226
2023-09-07 12:00:00,39.9934686389428
2023-09-07 13:00:00,39.9934924204101
2023-09-07 14:00:00,39.9935821197999
2023-09-07 15:00:00,50.615943352907
2023-09-07 16:00:00,67.4972021401509
2023-09-07 17:00:00,79.5692854637043
2023-09-07 18:00:00,79.5710599741978
2023-09-07 19:00:00,79.571089657223
2023-09-07 20:00:00,79.5710735222855
2023-09-07 21:00:00,79.5710079091678
2023-09-07 22:00:00,79.5695489282018
2023-09-07 23:00:00,79.5693887240352
2023-09-08 00:00:00,79.5693561554107
2023-09-08 01:00:00,79.5693921703636
2023-09-08 02:00:00,79.5695648783698
2023-09-08 03:00:00,79.570025147894
2023-09-08 04:00:00,79.5701970729503
2023-09-08 05:00:00,79.5705286242531
2023-09-08 06:00:00,52.0679282798695
2023-09-08 07:00:00,45.0906957842889
2023-09-08 08:00:00,38.6221903870551
2023-09-08 09:00:00,31.2655176056004
2023-09-08 10:00:00,31.2655044480675
2023-09-08 11:00:00,31.26549022895
2023-09-08 12:00:00,31.2654900753533
2023-09-08 13:00:00,31.2655047209533
2023-09-08 14:00:00,31.2655317851191
2023-09-08 15:00:00,50.6158507143692
2023-09-08 16:00:00,67.4972269267111
2023-09-08 17:00:00,70.9979329165049
2023-09-08 18:00:00,87.673998700219
2023-09-08 19:00:00,87.6740046143994
2023-09-08 20:00:00,87.6739815562169
2023-09-08 21:00:00,87.6402872169634
2023-09-08 22:00:00,87.3928635454891
2023-09-08 23:00:00,87.392817577929
2023-09-09 00:00:00,87.3916786794841
2023-09-09 01:00:00,86.7841027878554
2023-09-09 02:00:00,87.6718996651808
2023-09-09 03:00:00,87.6738281182215
2023-09-09 04:00:00,87.6739612110776
2023-09-09 05:00:00,87.6739915173099
2023-09-09 06:00:00,67.4972883545052
2023-09-09 07:00:00,62.56942464591
2023-09-09 08:00:00,55.7697152964007
2023-09-09 09:00:00,50.6159515688139
2023-09-09 10:00:00,50.6159309471343
2023-09-09 11:00:00,50.6159286288439
2023-09-09 12:00:00,50.6159301823405
2023-09-09 13:00:00,50.615935064098
2023-09-09 14:00:00,50.6159521123336
2023-09-09 15:00:00,66.3606506142018
2023-09-09 16:00:00,67.4972454417368
2023-09-09 17:00:00,92.4638652862848
2023-09-09 18:00:00,94.2527569780836
2023-09-09 19:00:00,94.2527714005332
2023-09-09 20:00:00,94.2527691017326
2023-09-09 21:00:00,94.2527556556837
2023-09-09 22:00:00,94.2525940815872
2023-09-09 23:00:00,91.5441676181172
2023-09-10 00:00:00,91.5437846134222
2023-09-10 01:00:00,91.2642577394437
2023-09-10 02:00:00,91.54362952017
2023-09-10 03:00:00,92.463879778453
2023-09-10 04:00:00,94.2523460995981
2023-09-10 05:00:00,94.2527385727833
2023-09-10 06:00:00,67.497261128419
2023-09-10 07:00:00,65.197208983156
2023-09-10 08:00:00,54.6520761943603
2023-09-10 09:00:00,50.6158802362273
2023-09-10 10:00:00,50.6158668892182
2023-09-10 11:00:00,50.615866591917
2023-09-10 12:00:00,50.6158708044606
2023-09-10 13:00:00,50.6158802360134
2023-09-10 14:00:00,50.6159001251886
2023-09-10 15:00:00,66.7155030627703
2023-09-10 16:00:00,67.4972540576401
2023-09-10 17:00:00,92.4629121836079
2023-09-10 18:00:00,96.1745843236714
2023-09-10 19:00:00,96.1745953229275
2023-09-10 20:00:00,96.1745853569321
2023-09-10 21:00:00,95.7042432847707
2023-09-10 22:00:00,95.2287892853132
2023-09-10 23:00:00,92.1014339946279
2023-09-11 00:00:00,89.4555050309568
2023-09-11 01:00:00,89.0543093917271
2023-09-11 02:00:00,89.0541570911929
2023-09-11 03:00:00,89.4396629238093
2023-09-11 04:00:00,92.5330281317398
2023-09-11 05:00:00,94.5159655544793
2023-09-11 06:00:00,67.4972566523215
2023-09-11 07:00:00,62.5150288465034
2023-09-11 08:00:00,54.2838508295563
2023-09-11 09:00:00,50.615922755257
2023-09-11 10:00:00,50.6158938564298
2023-09-11 11:00:00,50.6158902748634
2023-09-11 12:00:00,50.6158908380799
2023-09-11 13:00:00,50.6158944938194
2023-09-11 14:00:00,50.6159118141158
2023-09-11 15:00:00,67.1648667586609
2023-09-11 16:00:00,67.4972484093301
2023-09-11 17:00:00,93.7788579618218
2023-09-11 18:00:00,98.3812809320902
2023-09-11 19:00:00,98.381292068155
2023-09-11 20:00:00,98.3812843409725
2023-09-11 21:00:00,98.3812428452794
2023-09-11 22:00:00,98.3810961175222
2023-09-11 23:00:00,98.375045196887
2023-09-12 00:00:00,93.7994909012368
2023-09-12 01:00:00,93.7994180060982
2023-09-12 02:00:00,93.7994038976521
2023-09-12 03:00:00,94.1824731672672
2023-09-12 04:00:00,97.7270965173479
2023-09-12 05:00:00,98.381270313302
2023-09-12 06:00:00,79.6683876155181
2023-09-12 07:00:00,67.497229042407
2023-09-12 08:00:00,64.5104358330612
2023-09-12 09:00:00,54.6514581027915
2023-09-12 10:00:00,54.6514445155161
2023-09-12 11:00:00,54.6514427532089
2023-09-12 12:00:00,54.6514438116616
2023-09-12 13:00:00,54.6514482217883
2023-09-12 14:00:00,54.6514660736012
2023-09-12 15:00:00,67.4970866152603
2023-09-12 16:00:00,67.4972496583992
2023-09-12 17:00:00,86.0267828467572
2023-09-12 18:00:00,86.027832072671
2023-09-12 19:00:00,86.0278386545934
2023-09-12 20:00:00,86.0278234077535
2023-09-12 21:00:00,86.0277527981618
2023-09-12 22:00:00,86.0274100059492
2023-09-12 23:00:00,86.0268830546812
2023-09-13 00:00:00,85.7310017976203
2023-09-13 01:00:00,84.6228657720156
2023-09-13 02:00:00,84.7453823591934
2023-09-13 03:00:00,85.6342326409318
2023-09-13 04:00:00,86.0268429539338
2023-09-13 05:00:00,86.0276230266943
2023-09-13 06:00:00,67.497271766673
2023-09-13 07:00:00,62.8939869896296
2023-09-13 08:00:00,62.5144554936069
2023-09-13 09:00:00,50.6158452888976
2023-09-13 10:00:00,50.6158298554352
2023-09-13 11:00:00,50.615826224526
2023-09-13 12:00:00,50.6158285748077
2023-09-13 13:00:00,50.615835802332
2023-09-13 14:00:00,50.615850317601
2023-09-13 15:00:00,50.6159942008366
2023-09-13 16:00:00,67.4972374775556
2023-09-13 17:00:00,83.6628533066367
2023-09-13 18:00:00,83.8736511292338
2023-09-13 19:00:00,83.8736535326517
2023-09-13 20:00:00,83.8736343300694
2023-09-13 21:00:00,83.8718956807288
2023-09-13 22:00:00,83.1272470321714
2023-09-13 23:00:00,83.1255143974342
2023-09-14 00:00:00,82.8363327756869
2023-09-14 01:00:00,82.8363139814292
2023-09-14 02:00:00,82.8363083499119
2023-09-14 03:00:00,82.8363313546667
2023-09-14 04:00:00,83.1249351482789
2023-09-14 05:00:00,83.2418210248986
2023-09-14 06:00:00,67.4973216822433
2023-09-14 07:00:00,62.5136998629432
2023-09-14 08:00:00,59.6945367446917
2023-09-14 09:00:00,50.6158394150991
2023-09-14 10:00:00,50.6158048832099
2023-09-14 11:00:00,50.6157335050256
2023-09-14 12:00:00,50.6157322553267
2023-09-14 13:00:00,50.6157961453862
2023-09-14 14:00:00,50.6158368662803
2023-09-14 15:00:00,50.6159412940497
2023-09-14 16:00:00,67.4972408965846
2023-09-14 17:00:00,84.5167304142775
2023-09-14 18:00:00,84.516820870428
2023-09-14 19:00:00,84.5168237423938
2023-09-14 20:00:00,84.5168123433168
2023-09-14 21:00:00,84.5161944457108
2023-09-14 22:00:00,83.873870161858
2023-09-14 23:00:00,83.8713695542043
2023-09-15 00:00:00,83.8710466980092
2023-09-15 01:00:00,83.7774036456067
2023-09-15 02:00:00,83.5210402599157
2023-09-15 03:00:00,83.5213026448716
2023-09-15 04:00:00,83.8567801743917
2023-09-15 05:00:00,83.5231850697504
2023-09-15 06:00:00,66.5937174022293
2023-09-15 07:00:00,55.7791771737179
2023-09-15 08:00:00,50.6158687677184
2023-09-15 09:00:00,50.6158201661673
2023-09-15 10:00:00,50.6158146915089
2023-09-15 11:00:00,50.6158170329997
2023-09-15 12:00:00,50.6158199220275
2023-09-15 13:00:00,50.6158271092273
2023-09-15 14:00:00,50.6158832172703
2023-09-15 15:00:00,62.5026651011718
2023-09-15 16:00:00,67.4972402554664
2023-09-15 17:00:00,77.1897991498262
2023-09-15 18:00:00,77.1900879507583
2023-09-15 19:00:00,77.1901044196037
2023-09-15 20:00:00,77.1900926786772
2023-09-15 21:00:00,77.1899564593348
2023-09-15 22:00:00,69.683370717157
2023-09-15 23:00:00,69.5193403034091
2023-09-16 00:00:00,69.5189448693277
2023-09-16 01:00:00,69.6831750969939
2023-09-16 02:00:00,71.2297886891439
2023-09-16 03:00:00,74.3344471408132
2023-09-16 04:00:00,76.8841073504889
2023-09-16 05:00:00,77.1897781235049
2023-09-16 06:00:00,71.4747021038588
2023-09-16 07:00:00,65.1447530815943
2023-09-16 08:00:00,57.8739762472278
2023-09-16 09:00:00,57.8732602736054
2023-09-16 10:00:00,57.8732491514463
2023-09-16 11:00:00,57.873246688811
2023-09-16 12:00:00,57.873249667941
2023-09-16 13:00:00,57.8732598300566
2023-09-16 14:00:00,59.1194935207175
2023-09-16 15:00:00,67.1647142493251
2023-09-16 16:00:00,67.4972681119973
2023-09-16 17:00:00,77.177297578825
2023-09-16 18:00:00,77.1778901681484
2023-09-16 19:00:00,77.1778952997137
2023-09-16 20:00:00,77.1778773368037
2023-09-16 21:00:00,77.177738498513
2023-09-16 22:00:00,75.322106365376
2023-09-16 23:00:00,74.3842147409396
2023-09-17 00:00:00,73.7183284886884
2023-09-17 01:00:00,72.1963335703011
2023-09-17 02:00:00,72.196386546951
2023-09-17 03:00:00,73.7497813648146
2023-09-17 04:00:00,75.3220417225308
2023-09-17 05:00:00,77.1696884267924
2023-09-17 06:00:00,62.3199669337002
2023-09-17 07:00:00,52.7143317899851
2023-09-17 08:00:00,50.4595745412447
2023-09-17 09:00:00,48.2998815758686
2023-09-17 10:00:00,48.2998649070698
2023-09-17 11:00:00,48.2998634933707
2023-09-17 12:00:00,48.299865190108
2023-09-17 13:00:00,48.2998735896709
2023-09-17 14:00:00,48.300099248576
2023-09-17 15:00:00,54.6519006735448
2023-09-17 16:00:00,67.1647612872089
2023-09-17 17:00:00,67.4972412849518
2023-09-17 18:00:00,67.4972911928738
2023-09-17 19:00:00,67.4972619477617
2023-09-17 20:00:00,67.4972518975241
2023-09-17 21:00:00,67.4972472995713
2023-09-17 22:00:00,67.4972192917301
2023-09-17 23:00:00,67.4972266473763
2023-09-18 00:00:00,67.4972088539844
2023-09-18 01:00:00,67.4971951144968
2023-09-18 02:00:00,67.4969524605174
2023-09-18 03:00:00,67.4969707565074
2023-09-18 04:00:00,67.4971710638155
2023-09-18 05:00:00,67.497196162549
2023-09-18 06:00:00,50.6159984062994
2023-09-18 07:00:00,16.6787425540448
2023-09-18 08:00:00,14.0229168699951
2023-09-18 09:00:00,13.4884800708159
2023-09-18 10:00:00,13.4884711504479
2023-09-18 11:00:00,13.4884693195567
2023-09-18 12:00:00,13.4884720930794
2023-09-18 13:00:00,13.4884808139875
2023-09-18 14:00:00,13.4885164148246
2023-09-18 15:00:00,14.0228876941014
2023-09-18 16:00:00,15.7402949762147
2023-09-18 17:00:00,67.4845582833747
2023-09-18 18:00:00,67.4972162612969
2023-09-18 19:00:00,67.4972202542628
2023-09-18 20:00:00,67.4972114514125
2023-09-18 21:00:00,67.4972061130768
2023-09-18 22:00:00,67.4972029095201
2023-09-18 23:00:00,67.4971985042203
2023-09-19 00:00:00,67.4971955297459
2023-09-19 01:00:00,67.4971932044576
2023-09-19 02:00:00,67.497191839034
2023-09-19 03:00:00,67.4971921520168
2023-09-19 04:00:00,67.4971985495396
2023-09-19 05:00:00,67.4972046277393
2023-09-19 06:00:00,50.6159931155623
2023-09-19 07:00:00,0.965839452520305
2023-09-19 08:00:00,0.763529514269418
2023-09-19 09:00:00,0.72127786628012
2023-09-19 10:00:00,0.721270850979162
2023-09-19 11:00:00,0.72127038094914
2023-09-19 12:00:00,0.721272842688179
2023-09-19 13:00:00,0.721280142092314
2023-09-19 14:00:00,0.721623224329336
2023-09-19 15:00:00,10.6179783246514
2023-09-19 16:00:00,14.6561963012984
2023-09-19 17:00:00,67.1646585799169
2023-09-19 18:00:00,67.4972102049299
2023-09-19 19:00:00,67.4972112347336
2023-09-19 20:00:00,67.4972051154124
2023-09-19 21:00:00,67.4972009690387
2023-09-19 22:00:00,67.4971977166789
2023-09-19 23:00:00,67.4971933366299
2023-09-20 00:00:00,67.4971887593043
2023-09-20 01:00:00,67.4971855535783
2023-09-20 02:00:00,67.497183415713
2023-09-20 03:00:00,67.4971828968448
2023-09-20 04:00:00,67.4971922400709
2023-09-20 05:00:00,67.4971995636825
2023-09-20 06:00:00,50.6159743901873
2023-09-20 07:00:00,0.0598782120415617
2023-09-20 08:00:00,0.0384323245353678
2023-09-20 09:00:00,0.0259769415257973
2023-09-20 10:00:00,0.0259640627244188
2023-09-20 11:00:00,0.0259630617348722
2023-09-20 12:00:00,0.0259653644822144
2023-09-20 13:00:00,0.0259720379435913
2023-09-20 14:00:00,0.0260028630175747
2023-09-20 15:00:00,7.99752341837762
2023-09-20 16:00:00,14.0238615643331
2023-09-20 17:00:00,50.6158523352347
2023-09-20 18:00:00,50.6163291338503
2023-09-20 19:00:00,50.6163325775236
2023-09-20 20:00:00,50.6163107507845
2023-09-20 21:00:00,50.6161269413175
2023-09-20 22:00:00,50.6159120594283
2023-09-20 23:00:00,50.6158930469885
2023-09-21 00:00:00,50.6158841849305
2023-09-21 01:00:00,50.6158791721877
2023-09-21 02:00:00,50.6158738313697
2023-09-21 03:00:00,50.6158661199101
2023-09-21 04:00:00,50.615861472646
2023-09-21 05:00:00,50.6158604482012
2023-09-21 06:00:00,40.9790270651458
2023-09-21 07:00:00,30.728930661114
2023-09-21 08:00:00,29.4092576012389
2023-09-21 09:00:00,28.1464043071975
2023-09-21 10:00:00,28.1463964095395
2023-09-21 11:00:00,28.1463927283593
2023-09-21 12:00:00,28.146394069735
2023-09-21 13:00:00,28.1464061361496
2023-09-21 14:00:00,39.7188450804447
2023-09-21 15:00:00,49.1403544355763
2023-09-21 16:00:00,55.055927977704
2023-09-21 17:00:00,67.4950783353218
2023-09-21 18:00:00,67.4956806153371
2023-09-21 19:00:00,67.4956824283728
2023-09-21 20:00:00,67.4956859336247
2023-09-21 21:00:00,67.49567375766
2023-09-21 22:00:00,67.4956224604297
2023-09-21 23:00:00,67.4955876882387
2023-09-22 00:00:00,67.4950010469686
2023-09-22 01:00:00,67.2603519393671
2023-09-22 02:00:00,65.1447633275668
2023-09-22 03:00:00,64.2000061663327
2023-09-22 04:00:00,63.8826644887611
2023-09-22 05:00:00,57.3041320143356
2023-09-22 06:00:00,50.6159137099378
2023-09-22 07:00:00,37.6832001484178
2023-09-22 08:00:00,18.4473945407991
2023-09-22 09:00:00,14.0231094593782
2023-09-22 10:00:00,14.0229343035511
2023-09-22 11:00:00,14.0229259158953
2023-09-22 12:00:00,14.0229247526984
2023-09-22 13:00:00,14.0229319322909
2023-09-22 14:00:00,14.0229946294381
2023-09-22 15:00:00,26.087462027591
2023-09-22 16:00:00,50.6158329122344
2023-09-22 17:00:00,66.0800970432115
2023-09-22 18:00:00,67.4971956347811
2023-09-22 19:00:00,67.4972014200969
2023-09-22 20:00:00,67.4972122292016
2023-09-22 21:00:00,67.4972125851371
2023-09-22 22:00:00,67.4971872536726
2023-09-22 23:00:00,67.4971835676175
2023-09-23 00:00:00,67.49718976073
2023-09-23 01:00:00,67.4971946500456
2023-09-23 02:00:00,67.4972187349299
2023-09-23 03:00:00,67.4972438112625
2023-09-23 04:00:00,67.4972469427386
2023-09-23 05:00:00,67.4972499712053
2023-09-23 06:00:00,65.1557704528406
2023-09-23 07:00:00,50.6158565614359
2023-09-23 08:00:00,17.3350786289214
2023-09-23 09:00:00,14.0229339162759
2023-09-23 10:00:00,14.0228979968163
2023-09-23 11:00:00,14.0228882241928
2023-09-23 12:00:00,14.0228838339671
2023-09-23 13:00:00,14.0228939619028
2023-09-23 14:00:00,14.0229337087791
2023-09-23 15:00:00,48.2708522361609
2023-09-23 16:00:00,54.6514652315358
2023-09-23 17:00:00,67.4972021673656
2023-09-23 18:00:00,67.4972526098855
2023-09-23 19:00:00,67.4972514734892
2023-09-23 20:00:00,67.4972465805046
2023-09-23 21:00:00,67.4972290440317
2023-09-23 22:00:00,67.4972003803633
2023-09-23 23:00:00,67.4971924371793
2023-09-24 00:00:00,67.4971848556393
2023-09-24 01:00:00,67.4971792454719
2023-09-24 02:00:00,67.497174061298
2023-09-24 03:00:00,67.4971821563409
2023-09-24 04:00:00,67.4971923563914
2023-09-24 05:00:00,67.49719827971
2023-09-24 06:00:00,50.6158943527843
2023-09-24 07:00:00,14.024558889372
2023-09-24 08:00:00,14.0221869042514
2023-09-24 09:00:00,11.3395362694607
2023-09-24 10:00:00,11.3395244504139
2023-09-24 11:00:00,11.3395185298619
2023-09-24 12:00:00,11.3395115904366
2023-09-24 13:00:00,11.3395216497397
2023-09-24 14:00:00,11.3395456026592
2023-09-24 15:00:00,13.7034255997043
2023-09-24 16:00:00,48.6472428929452
2023-09-24 17:00:00,67.164649232926
2023-09-24 18:00:00,67.4972104934095
2023-09-24 19:00:00,67.4972101531596
2023-09-24 20:00:00,67.4972014710359
2023-09-24 21:00:00,67.4971966458539
2023-09-24 22:00:00,67.497192983797
2023-09-24 23:00:00,67.4971894023508
2023-09-25 00:00:00,67.4971862360982
2023-09-25 01:00:00,67.4971848827295
2023-09-25 02:00:00,67.4971836684496
2023-09-25 03:00:00,67.4971849287118
2023-09-25 04:00:00,67.4971912417635
2023-09-25 05:00:00,67.4971978688697
2023-09-25 06:00:00,50.6160029531323
2023-09-25 07:00:00,18.1172586660556
2023-09-25 08:00:00,14.0223902534989
2023-09-25 09:00:00,13.4145468584279
2023-09-25 10:00:00,13.4145387178374
2023-09-25 11:00:00,13.4145351171492
2023-09-25 12:00:00,13.4145341798396
2023-09-25 13:00:00,13.4145423229312
2023-09-25 14:00:00,13.414587525465
2023-09-25 15:00:00,48.1780205540281
2023-09-25 16:00:00,62.1152039936192
2023-09-25 17:00:00,67.4972444639302
2023-09-25 18:00:00,67.4972979975939
2023-09-25 19:00:00,67.4972771764361
2023-09-25 20:00:00,67.4972606568525
2023-09-25 21:00:00,67.4972547506016
2023-09-25 22:00:00,67.4972523445879
2023-09-25 23:00:00,67.4972495776607
2023-09-26 00:00:00,67.4972482646366
2023-09-26 01:00:00,67.4972482739172
2023-09-26 02:00:00,67.4972485862587
2023-09-26 03:00:00,67.4972491788731
2023-09-26 04:00:00,67.497251466753
2023-09-26 05:00:00,67.4972564498903
2023-09-26 06:00:00,53.1242289446899
2023-09-26 07:00:00,25.6189211038671
2023-09-26 08:00:00,18.9843868044315
2023-09-26 09:00:00,15.3588904293425
2023-09-26 10:00:00,15.3569884790208
2023-09-26 11:00:00,15.3569582289126
2023-09-26 12:00:00,15.3569545676365
2023-09-26 13:00:00,15.3569748980552
2023-09-26 14:00:00,15.3588851095226
2023-09-26 15:00:00,50.6158171193589
2023-09-26 16:00:00,64.8894456629413
2023-09-26 17:00:00,67.497278118437
2023-09-26 18:00:00,67.7907356485691
2023-09-26 19:00:00,67.790632926207
2023-09-26 20:00:00,67.4972655752138
2023-09-26 21:00:00,67.4972589140199
2023-09-26 22:00:00,67.4972570267119
2023-09-26 23:00:00,67.4972544796903
2023-09-27 00:00:00,67.4972532680178
2023-09-27 01:00:00,67.4972523038475
2023-09-27 02:00:00,67.4972522552532
2023-09-27 03:00:00,67.4975424817435
2023-09-27 04:00:00,67.7903108995154
2023-09-27 05:00:00,67.7907151978507
2023-09-27 06:00:00,53.3605634522876
2023-09-27 07:00:00,18.1172141141923
2023-09-27 08:00:00,14.0223589831343
2023-09-27 09:00:00,13.4145207429903
2023-09-27 10:00:00,13.4145100569179
2023-09-27 11:00:00,13.4145054832995
2023-09-27 12:00:00,13.4145033192494
2023-09-27 13:00:00,13.4145109056347
2023-09-27 14:00:00,13.4145310112948
2023-09-27 15:00:00,14.022916420948
2023-09-27 16:00:00,54.6515563936308
2023-09-27 17:00:00,67.4971205249671
2023-09-27 18:00:00,67.4972082518533
2023-09-27 19:00:00,67.4972047865907
2023-09-27 20:00:00,67.4971970512052
2023-09-27 21:00:00,67.4971933985529
2023-09-27 22:00:00,67.497190967707
2023-09-27 23:00:00,67.4971863246513
2023-09-28 00:00:00,67.4971815961818
2023-09-28 01:00:00,67.4971762319261
2023-09-28 02:00:00,67.4971698809318
2023-09-28 03:00:00,67.4971643605052
2023-09-28 04:00:00,67.4971655694452
2023-09-28 05:00:00,67.4971720643621
2023-09-28 06:00:00,50.6159074335942
2023-09-28 07:00:00,3.79495568696535
2023-09-28 08:00:00,3.44996918228842
2023-09-28 09:00:00,2.89120974781954
2023-09-28 10:00:00,2.89119828439398
2023-09-28 11:00:00,2.89119135761159
2023-09-28 12:00:00,2.89117976996582
2023-09-28 13:00:00,2.89119323336993
2023-09-28 14:00:00,2.8912140081328
2023-09-28 15:00:00,13.914983052394
2023-09-28 16:00:00,54.6514314641307
2023-09-28 17:00:00,64.4562788042099
2023-09-28 18:00:00,67.4971879210157
2023-09-28 19:00:00,67.4971892645739
2023-09-28 20:00:00,67.497183778111
2023-09-28 21:00:00,67.4971773005294
2023-09-28 22:00:00,67.4971710667102
2023-09-28 23:00:00,67.4971519934574
2023-09-29 00:00:00,67.4971265922974
2023-09-29 01:00:00,67.4971166737594
2023-09-29 02:00:00,67.4971124590709
2023-09-29 03:00:00,67.4971150726251
2023-09-29 04:00:00,67.4971256569989
2023-09-29 05:00:00,67.4971350379476
2023-09-29 06:00:00,50.6158727111272
2023-09-29 07:00:00,14.0229227461975
2023-09-29 08:00:00,12.9608776746379
2023-09-29 09:00:00,11.3382800187247
2023-09-29 10:00:00,11.3382721086829
2023-09-29 11:00:00,11.3382688018883
2023-09-29 12:00:00,11.3382658789404
2023-09-29 13:00:00,11.3382708038952
2023-09-29 14:00:00,11.3382874355072
2023-09-29 15:00:00,25.7168271582404
2023-09-29 16:00:00,50.8358010399464
2023-09-29 17:00:00,67.4853197405308
2023-09-29 18:00:00,67.4972016429168
2023-09-29 19:00:00,67.4972123743041
2023-09-29 20:00:00,67.4972483755799
2023-09-29 21:00:00,67.4972485335753
2023-09-29 22:00:00,67.4972467242832
2023-09-29 23:00:00,67.4972453887277
2023-09-30 00:00:00,67.4972442468266
2023-09-30 01:00:00,67.4972426633892
2023-09-30 02:00:00,67.4972429560874
2023-09-30 03:00:00,67.4972436726786
2023-09-30 04:00:00,67.497246493647
2023-09-30 05:00:00,67.4972494331827
2023-09-30 06:00:00,50.6678509597533
2023-09-30 07:00:00,48.3755941625954
2023-09-30 08:00:00,35.8807721717668
2023-09-30 09:00:00,29.044955301104
2023-09-30 10:00:00,29.0430024616296
2023-09-30 11:00:00,29.0429855847673
2023-09-30 12:00:00,29.0429798002081
2023-09-30 13:00:00,29.0430024301295
2023-09-30 14:00:00,29.0449492881139
2023-09-30 15:00:00,48.475437785253
2023-09-30 16:00:00,64.6771069993897
2023-09-30 17:00:00,67.4972436776359
2023-09-30 18:00:00,67.4972691339131
2023-09-30 19:00:00,67.4972656178931
2023-09-30 20:00:00,67.4972573378546
2023-09-30 21:00:00,67.4972533922792
2023-09-30 22:00:00,67.4972455530212
2023-09-30 23:00:00,67.4972065525341
2023-10-01 00:00:00,67.4971925183228
2023-10-01 01:00:00,67.4971929850422
2023-10-01 02:00:00,67.49719942269
2023-10-01 03:00:00,67.4972408583098
2023-10-01 04:00:00,67.4972498174144
2023-10-01 05:00:00,67.4972538850907
2023-10-01 06:00:00,50.6161685655748
2023-10-01 07:00:00,47.617462623503
2023-10-01 08:00:00,35.3179424338382
2023-10-01 09:00:00,28.5890762724889
2023-10-01 10:00:00,28.5889663633493
2023-10-01 11:00:00,28.5889383347092
2023-10-01 12:00:00,28.588932369851
2023-10-01 13:00:00,28.588958098832
2023-10-01 14:00:00,28.589077281693
2023-10-01 15:00:00,50.6158787774477
2023-10-01 16:00:00,67.4972316211725
2023-10-01 17:00:00,77.353613305577
2023-10-01 18:00:00,80.8030148736939
2023-10-01 19:00:00,80.8030053508056
2023-10-01 20:00:00,80.8021445168807
2023-10-01 21:00:00,80.7688204977624
2023-10-01 22:00:00,75.7634006041198
2023-10-01 23:00:00,75.7632983978559
2023-10-02 00:00:00,75.763231271877
2023-10-02 01:00:00,75.7632114011188
2023-10-02 02:00:00,75.7632441674081
2023-10-02 03:00:00,77.0624522041428
2023-10-02 04:00:00,78.9393926774952
2023-10-02 05:00:00,80.1887170666476
2023-10-02 06:00:00,65.2067542513168
2023-10-02 07:00:00,51.1202391873679
2023-10-02 08:00:00,45.2511061330735
2023-10-02 09:00:00,36.6349543429443
2023-10-02 10:00:00,34.4508532169129
2023-10-02 11:00:00,34.4508276698454
2023-10-02 12:00:00,34.4508143375807
2023-10-02 13:00:00,34.4508332627449
2023-10-02 14:00:00,36.6345852223665
2023-10-02 15:00:00,50.6158829560669
2023-10-02 16:00:00,66.8698353944081
2023-10-02 17:00:00,67.4972457444767
2023-10-02 18:00:00,67.4972662776408
2023-10-02 19:00:00,67.4972622177011
2023-10-02 20:00:00,67.497256150793
2023-10-02 21:00:00,67.4972525667242
2023-10-02 22:00:00,67.4971834240631
2023-10-02 23:00:00,67.4971784739732
2023-10-03 00:00:00,67.4971757602234
2023-10-03 01:00:00,67.4971737054811
2023-10-03 02:00:00,67.4971750601034
2023-10-03 03:00:00,67.497176814091
2023-10-03 04:00:00,67.4971829499171
2023-10-03 05:00:00,67.4971910968442
2023-10-03 06:00:00,50.6160369697105
2023-10-03 07:00:00,0.0751327140083535
2023-10-03 08:00:00,0.0474915611595079
2023-10-03 09:00:00,0.0236237028043111
2023-10-03 10:00:00,0.0235834691352333
2023-10-03 11:00:00,0.0235804390246852
2023-10-03 12:00:00,0.0235801546843043
2023-10-03 13:00:00,0.0235876254581145
2023-10-03 14:00:00,0.025986128597876
2023-10-03 15:00:00,14.0222913228226
2023-10-03 16:00:00,37.5237808948584
2023-10-03 17:00:00,67.4971443083799
2023-10-03 18:00:00,67.4971912572352
2023-10-03 19:00:00,67.4971880847982
2023-10-03 20:00:00,67.4971788706993
2023-10-03 21:00:00,67.4971614732582
2023-10-03 22:00:00,67.497154027063
2023-10-03 23:00:00,67.4971281545193
2023-10-04 00:00:00,67.4971218427906
2023-10-04 01:00:00,67.4971269203093
2023-10-04 02:00:00,67.4971353787069
2023-10-04 03:00:00,67.497151737317
2023-10-04 04:00:00,67.4971738065166
2023-10-04 05:00:00,67.4971857802501
2023-10-04 06:00:00,50.6161459516175
2023-10-04 07:00:00,17.1402764476529
2023-10-04 08:00:00,14.0229371046875
2023-10-04 09:00:00,13.4145601585833
2023-10-04 10:00:00,13.4145450136104
2023-10-04 11:00:00,13.4145417842687
2023-10-04 12:00:00,13.4145409893063
2023-10-04 13:00:00,13.4145483898868
2023-10-04 14:00:00,13.7034190073302
2023-10-04 15:00:00,30.195666035481
2023-10-04 16:00:00,50.6158380713351
2023-10-04 17:00:00,67.4971665770899
2023-10-04 18:00:00,67.4971989993841
2023-10-04 19:00:00,67.4971959450547
2023-10-04 20:00:00,67.497190081361
2023-10-04 21:00:00,67.4971860590361
2023-10-04 22:00:00,67.4971832096772
2023-10-04 23:00:00,67.4971790826828
2023-10-05 00:00:00,67.4971723462478
2023-10-05 01:00:00,67.4971682087141
2023-10-05 02:00:00,67.4971661837975
2023-10-05 03:00:00,67.4971631418256
2023-10-05 04:00:00,67.497165609649
2023-10-05 05:00:00,67.4971709994308
2023-10-05 06:00:00,50.6159646612467
2023-10-05 07:00:00,21.2133359215833
2023-10-05 08:00:00,15.9676525524475
2023-10-05 09:00:00,14.0229040425203
2023-10-05 10:00:00,14.0228939761292
2023-10-05 11:00:00,14.0228901639134
2023-10-05 12:00:00,14.0228864303695
2023-10-05 13:00:00,14.0228921128501
2023-10-05 14:00:00,14.0229093221973
2023-10-05 15:00:00,42.0829614554698
2023-10-05 16:00:00,61.6370789616901
2023-10-05 17:00:00,67.4970849280496
2023-10-05 18:00:00,67.4971882475569
2023-10-05 19:00:00,67.4971868464536
2023-10-05 20:00:00,67.4971817743829
2023-10-05 21:00:00,67.4971774580767
2023-10-05 22:00:00,67.497168787964
2023-10-05 23:00:00,67.4971551286805
2023-10-06 00:00:00,67.4971317824869
2023-10-06 01:00:00,67.4971016812996
2023-10-06 02:00:00,67.497077488271
2023-10-06 03:00:00,67.4970563846835
2023-10-06 04:00:00,67.4970806440085
2023-10-06 05:00:00,67.4970938802665
2023-10-06 06:00:00,50.615841888007
2023-10-06 07:00:00,10.8298322056857
2023-10-06 08:00:00,8.3708581891359
2023-10-06 09:00:00,8.00374531262289
2023-10-06 10:00:00,8.00373742516804
2023-10-06 11:00:00,8.00373343956257
2023-10-06 12:00:00,8.00373187516107
2023-10-06 13:00:00,8.00373939586555
2023-10-06 14:00:00,8.00378711775189
2023-10-06 15:00:00,14.0229078452453
2023-10-06 16:00:00,45.8404320448299
2023-10-06 17:00:00,67.471495263286
2023-10-06 18:00:00,67.4971776057891
2023-10-06 19:00:00,67.4971792040794
2023-10-06 20:00:00,67.4971741641016
2023-10-06 21:00:00,67.4971635020038
2023-10-06 22:00:00,67.4971437917925
2023-10-06 23:00:00,67.4971154674923
2023-10-07 00:00:00,67.4970782394144
2023-10-07 01:00:00,67.4970469980145
2023-10-07 02:00:00,67.4970105477599
2023-10-07 03:00:00,67.4970778193137
2023-10-07 04:00:00,67.4971526627213
2023-10-07 05:00:00,67.4971760414012
2023-10-07 06:00:00,50.6159454973973
2023-10-07 07:00:00,16.7976414180778
2023-10-07 08:00:00,14.0268260701045
2023-10-07 09:00:00,13.419600191808
2023-10-07 10:00:00,13.4195885135181
2023-10-07 11:00:00,13.4195875120549
2023-10-07 12:00:00,13.4195910940254
2023-10-07 13:00:00,13.4200020236
2023-10-07 14:00:00,14.0227224547571
2023-10-07 15:00:00,49.4559216935308
2023-10-07 16:00:00,64.9424227308451
2023-10-07 17:00:00,67.4972479488302
2023-10-07 18:00:00,67.4972755004355
2023-10-07 19:00:00,67.4972669870066
2023-10-07 20:00:00,67.4972565907363
2023-10-07 21:00:00,67.4972527578221
2023-10-07 22:00:00,67.4972506549623
2023-10-07 23:00:00,67.4972490749275
2023-10-08 00:00:00,67.4972473071451
2023-10-08 01:00:00,67.4972466441627
2023-10-08 02:00:00,67.4972464070011
2023-10-08 03:00:00,67.4972469180875
2023-10-08 04:00:00,67.4973341725834
2023-10-08 05:00:00,67.4973537547319
2023-10-08 06:00:00,67.497129846361
2023-10-08 07:00:00,59.694717496938
2023-10-08 08:00:00,50.6158461823478
2023-10-08 09:00:00,40.9803710215777
2023-10-08 10:00:00,40.9802979124332
2023-10-08 11:00:00,40.9802655569127
2023-10-08 12:00:00,40.9802631359639
2023-10-08 13:00:00,40.9803012950222
2023-10-08 14:00:00,40.9803797245543
2023-10-08 15:00:00,67.1646350336183
2023-10-08 16:00:00,67.497269262704
2023-10-08 17:00:00,97.3564947437404
2023-10-08 18:00:00,97.3565926239289
2023-10-08 19:00:00,97.3565921728371
2023-10-08 20:00:00,96.453712977744
2023-10-08 21:00:00,93.4570616013122
2023-10-08 22:00:00,89.8520436935955
2023-10-08 23:00:00,84.9498701479644
2023-10-09 00:00:00,84.9490282086334
2023-10-09 01:00:00,84.9489015309797
2023-10-09 02:00:00,84.9487424976182
2023-10-09 03:00:00,84.9488522044792
2023-10-09 04:00:00,88.3813422410443
2023-10-09 05:00:00,92.5636571700073
2023-10-09 06:00:00,73.7229037828229
2023-10-09 07:00:00,67.4971746824473
2023-10-09 08:00:00,50.6159366787182
2023-10-09 09:00:00,40.9804707290433
2023-10-09 10:00:00,40.9804439101836
2023-10-09 11:00:00,40.9804129553828
2023-10-09 12:00:00,40.9804097944716
2023-10-09 13:00:00,40.9804353038868
2023-10-09 14:00:00,40.9804806069047
2023-10-09 15:00:00,66.2994370614826
2023-10-09 16:00:00,67.4972571904557
2023-10-09 17:00:00,101.712100342543
2023-10-09 18:00:00,101.712173401858
2023-10-09 19:00:00,101.712173507174
2023-10-09 20:00:00,101.712152791997
2023-10-09 21:00:00,101.71201250759
2023-10-09 22:00:00,92.3371381353868
2023-10-09 23:00:00,88.5109912421298
2023-10-10 00:00:00,88.5029262389774
2023-10-10 01:00:00,88.5028820480925
2023-10-10 02:00:00,88.5028929342448
2023-10-10 03:00:00,88.5031291312858
2023-10-10 04:00:00,91.486200504915
2023-10-10 05:00:00,93.4441852575777
2023-10-10 06:00:00,64.9214668392852
2023-10-10 07:00:00,20.8104480476092
2023-10-10 08:00:00,16.2900260251304
2023-10-10 09:00:00,14.0231825051962
2023-10-10 10:00:00,14.0231550328731
2023-10-10 11:00:00,14.0231281403577
2023-10-10 12:00:00,14.0231260805407
2023-10-10 13:00:00,14.0231541779568
2023-10-10 14:00:00,14.0232087115408
2023-10-10 15:00:00,42.070302275317
2023-10-10 16:00:00,62.3608423135382
2023-10-10 17:00:00,67.4971793746919
2023-10-10 18:00:00,67.4972070499577
2023-10-10 19:00:00,67.4971995067317
2023-10-10 20:00:00,67.497187832858
2023-10-10 21:00:00,67.4971811453722
2023-10-10 22:00:00,67.4971767546886
2023-10-10 23:00:00,67.4971715226134
2023-10-11 00:00:00,67.4971677718457
2023-10-11 01:00:00,67.4971648708484
2023-10-11 02:00:00,67.4971647006018
2023-10-11 03:00:00,67.4971676365424
2023-10-11 04:00:00,67.4971747128004
2023-10-11 05:00:00,67.4971828210796
2023-10-11 06:00:00,50.6168620574108
2023-10-11 07:00:00,14.6561907605824
2023-10-11 08:00:00,11.3383457584973
2023-10-11 09:00:00,10.8447504166076
2023-10-11 10:00:00,10.8447396518867
2023-10-11 11:00:00,10.8447366906753
2023-10-11 12:00:00,10.8447376534117
2023-10-11 13:00:00,10.8447471360013
2023-10-11 14:00:00,11.2505391306404
2023-10-11 15:00:00,23.9173319181669
2023-10-11 16:00:00,52.7504053390483
2023-10-11 17:00:00,67.4971734067025
2023-10-11 18:00:00,67.4971911252545
2023-10-11 19:00:00,67.4971884186058
2023-10-11 20:00:00,67.4971819205853
2023-10-11 21:00:00,67.4971764611285
2023-10-11 22:00:00,67.4971710380764
2023-10-11 23:00:00,67.4971653859075
2023-10-12 00:00:00,67.497157019942
2023-10-12 01:00:00,67.49715153626
2023-10-12 02:00:00,67.4971460188504
2023-10-12 03:00:00,67.4971379491956
2023-10-12 04:00:00,67.4971393877546
2023-10-12 05:00:00,67.4971489663841
2023-10-12 06:00:00,50.6162572856955
2023-10-12 07:00:00,44.0481560198053
2023-10-12 08:00:00,17.3350564523375
2023-10-12 09:00:00,14.0229219709647
2023-10-12 10:00:00,14.0229063830267
2023-10-12 11:00:00,14.0228951978195
2023-10-12 12:00:00,14.0228928182808
2023-10-12 13:00:00,14.0229032695931
2023-10-12 14:00:00,14.022930333433
2023-10-12 15:00:00,50.6158424755827
2023-10-12 16:00:00,64.6127549089906
2023-10-12 17:00:00,67.4972089510309
2023-10-12 18:00:00,67.4972326658232
2023-10-12 19:00:00,67.4972264127314
2023-10-12 20:00:00,67.4972211023654
2023-10-12 21:00:00,67.4972033464593
2023-10-12 22:00:00,67.4971019437902
2023-10-12 23:00:00,67.1646458394069
2023-10-13 00:00:00,67.1645465876237
2023-10-13 01:00:00,67.1622959350521
2023-10-13 02:00:00,54.6577104713892
2023-10-13 03:00:00,54.656247243948
2023-10-13 04:00:00,54.6561721603102
2023-10-13 05:00:00,54.6541920756268
2023-10-13 06:00:00,50.6158454365084
2023-10-13 07:00:00,0.911017457090017
2023-10-13 08:00:00,0.717596033859508
2023-10-13 09:00:00,0.717507188758474
2023-10-13 10:00:00,0.717518259052634
2023-10-13 11:00:00,0.717532881381265
2023-10-13 12:00:00,0.717505801823725
2023-10-13 13:00:00,0.71746174012101
2023-10-13 14:00:00,0.733402792571673
2023-10-13 15:00:00,17.3689049169729
2023-10-13 16:00:00,50.6158693044453
2023-10-13 17:00:00,67.4970960186141
2023-10-13 18:00:00,67.4971585015014
2023-10-13 19:00:00,67.497161917821
2023-10-13 20:00:00,67.4971553835375
2023-10-13 21:00:00,67.4971344710752
2023-10-13 22:00:00,67.4970559972301
2023-10-13 23:00:00,67.4969417600125
2023-10-14 00:00:00,67.4968425327816
2023-10-14 01:00:00,67.4969267540595
2023-10-14 02:00:00,67.4969920939724
2023-10-14 03:00:00,67.4970606970305
2023-10-14 04:00:00,67.4971421330291
2023-10-14 05:00:00,67.4971676148052
2023-10-14 06:00:00,50.6164857378599
2023-10-14 07:00:00,19.4498230834588
2023-10-14 08:00:00,15.7339383843558
2023-10-14 09:00:00,15.7330872701942
2023-10-14 10:00:00,15.733069027481
2023-10-14 11:00:00,15.7330662033678
2023-10-14 12:00:00,15.7330674554394
2023-10-14 13:00:00,15.7330794224577
2023-10-14 14:00:00,16.0715200768972
2023-10-14 15:00:00,41.3220987939852
2023-10-14 16:00:00,54.6516237744471
2023-10-14 17:00:00,67.4971757113357
2023-10-14 18:00:00,67.4971871290343
2023-10-14 19:00:00,67.4971835458225
2023-10-14 20:00:00,67.4971765692221
2023-10-14 21:00:00,67.4971692721396
2023-10-14 22:00:00,67.4971615886193
2023-10-14 23:00:00,67.4971546959219
2023-10-15 00:00:00,67.4971479297705
2023-10-15 01:00:00,67.4971443497972
2023-10-15 02:00:00,67.4971437346657
2023-10-15 03:00:00,67.4971485368355
2023-10-15 04:00:00,67.4971613456265
2023-10-15 05:00:00,67.4971740301592
2023-10-15 06:00:00,50.6166300718326
2023-10-15 07:00:00,50.6159192518357
2023-10-15 08:00:00,49.5993391697256
2023-10-15 09:00:00,49.5993055895953
2023-10-15 10:00:00,49.5992801105526
2023-10-15 11:00:00,49.5992816889014
2023-10-15 12:00:00,49.5992918546886
2023-10-15 13:00:00,49.5993154764702
2023-10-15 14:00:00,50.6158403510064
2023-10-15 15:00:00,62.3609267512477
2023-10-15 16:00:00,67.4971870695825
2023-10-15 17:00:00,67.4972580887352
2023-10-15 18:00:00,67.4972831551118
2023-10-15 19:00:00,67.4972703725664
2023-10-15 20:00:00,67.4972560495401
2023-10-15 21:00:00,67.4972504240039
2023-10-15 22:00:00,67.4972445577172
2023-10-15 23:00:00,67.4972062783989
2023-10-16 00:00:00,67.4971805160958
2023-10-16 01:00:00,67.4971758969765
2023-10-16 02:00:00,67.4971674016876
2023-10-16 03:00:00,67.4971719724746
2023-10-16 04:00:00,67.4972403324551
2023-10-16 05:00:00,67.4972488742549
2023-10-16 06:00:00,67.4971655755013
2023-10-16 07:00:00,67.4962627200456
2023-10-16 08:00:00,57.0916670162299
2023-10-16 09:00:00,54.6506970031725
2023-10-16 10:00:00,54.6506852426151
2023-10-16 11:00:00,54.6506785737395
2023-10-16 12:00:00,54.6506758359222
2023-10-16 13:00:00,54.6506780052745
2023-10-16 14:00:00,54.6513771073127
2023-10-16 15:00:00,64.8891914151467
2023-10-16 16:00:00,67.497172721297
2023-10-16 17:00:00,67.4972408268036
2023-10-16 18:00:00,67.4972453258265
2023-10-16 19:00:00,67.4972418985495
2023-10-16 20:00:00,67.4972342969157
2023-10-16 21:00:00,67.4972218937797
2023-10-16 22:00:00,67.4971176229733
2023-10-16 23:00:00,65.9359131706414
2023-10-17 00:00:00,65.4770737914038
2023-10-17 01:00:00,65.1447206216437
2023-10-17 02:00:00,65.1446956789637
2023-10-17 03:00:00,65.1446792780731
2023-10-17 04:00:00,65.1448485679936
2023-10-17 05:00:00,67.4970896826581
2023-10-17 06:00:00,50.615828277276
2023-10-17 07:00:00,42.9554109142161
2023-10-17 08:00:00,36.3304566442733
2023-10-17 09:00:00,34.7725684480535
2023-10-17 10:00:00,34.7725623172255
2023-10-17 11:00:00,34.7725585247372
2023-10-17 12:00:00,34.772557658816
2023-10-17 13:00:00,34.7725613038399
2023-10-17 14:00:00,34.7725809799677
2023-10-17 15:00:00,36.3304186908886
2023-10-17 16:00:00,50.6155194418362
2023-10-17 17:00:00,50.615747456706
2023-10-17 18:00:00,50.615755025744
2023-10-17 19:00:00,50.6156940943326
2023-10-17 20:00:00,50.6156085118417
2023-10-17 21:00:00,50.6155449224339
2023-10-17 22:00:00,42.4160824429406
2023-10-17 23:00:00,41.0345024568474
2023-10-18 00:00:00,41.0341212633983
2023-10-18 01:00:00,41.034174790491
2023-10-18 02:00:00,41.0342368695377
2023-10-18 03:00:00,42.7629133603524
2023-10-18 04:00:00,49.8041876246434
2023-10-18 05:00:00,50.6157998585154
2023-10-18 06:00:00,37.4662997381287
2023-10-18 07:00:00,30.9535842451094
2023-10-18 08:00:00,26.1764861876113
2023-10-18 09:00:00,25.0511772883894
2023-10-18 10:00:00,25.0511430134233
2023-10-18 11:00:00,25.0511312833767
2023-10-18 12:00:00,25.0511211553599
2023-10-18 13:00:00,25.051113972825
2023-10-18 14:00:00,25.0511176530191
2023-10-18 15:00:00,25.0518037326972
2023-10-18 16:00:00,28.5645206807728
2023-10-18 17:00:00,35.2900787834309
2023-10-18 18:00:00,35.2900909012344
2023-10-18 19:00:00,35.2900817702744
2023-10-18 20:00:00,35.2900096747116
2023-10-18 21:00:00,35.2881879255805
2023-10-18 22:00:00,28.5832978870793
2023-10-18 23:00:00,28.5648590662211
2023-10-19 00:00:00,28.564593391064
2023-10-19 01:00:00,28.5645821727214
2023-10-19 02:00:00,28.5645788851009
2023-10-19 03:00:00,28.5645788137484
2023-10-19 04:00:00,28.5645807265507
2023-10-19 05:00:00,28.5645836086099
2023-10-19 06:00:00,28.5637284182747
2023-10-19 07:00:00,28.5636343310244
2023-10-19 08:00:00,28.5635591929902
2023-10-19 09:00:00,28.5635511194532
2023-10-19 10:00:00,28.5635523778108
2023-10-19 11:00:00,28.5635512532074
2023-10-19 12:00:00,28.5635498417491
2023-10-19 13:00:00,28.563557628744
2023-10-19 14:00:00,28.5635822895561
2023-10-19 15:00:00,29.5803337762693
2023-10-19 16:00:00,32.3342216552316
2023-10-19 17:00:00,36.5459191119915
2023-10-19 18:00:00,36.545942493446
2023-10-19 19:00:00,36.5459411718923
2023-10-19 20:00:00,36.5459047754223
2023-10-19 21:00:00,36.3198718483287
2023-10-19 22:00:00,32.5004503587229
2023-10-19 23:00:00,32.5004929255384
2023-10-20 00:00:00,32.500342565468
2023-10-20 01:00:00,32.5003250547092
2023-10-20 02:00:00,32.5003067958761
2023-10-20 03:00:00,32.5002540595023
2023-10-20 04:00:00,32.5002600540371
2023-10-20 05:00:00,33.1972663501169
2023-10-20 06:00:00,27.3376726417069
2023-10-20 07:00:00,27.3373648832559
2023-10-20 08:00:00,23.8662936607676
2023-10-20 09:00:00,22.122180716071
2023-10-20 10:00:00,22.122176190846
2023-10-20 11:00:00,22.1221740901702
2023-10-20 12:00:00,22.1221746773712
2023-10-20 13:00:00,22.1221791646514
2023-10-20 14:00:00,22.1222093322156
2023-10-20 15:00:00,23.655746066696
2023-10-20 16:00:00,26.7634189488321
2023-10-20 17:00:00,40.9775533849454
2023-10-20 18:00:00,50.6157851420207
2023-10-20 19:00:00,50.615826639244
2023-10-20 20:00:00,50.6158290838129
2023-10-20 21:00:00,50.6158297041032
2023-10-20 22:00:00,50.6158245043803
2023-10-20 23:00:00,50.6158260071792
2023-10-21 00:00:00,50.6158271209026
2023-10-21 01:00:00,50.6158282050965
2023-10-21 02:00:00,50.6158292252154
2023-10-21 03:00:00,50.6158320265936
2023-10-21 04:00:00,50.6158393008641
2023-10-21 05:00:00,50.6158563682897
2023-10-21 06:00:00,40.9786848160906
2023-10-21 07:00:00,33.670149918819
2023-10-21 08:00:00,27.9576748542252
2023-10-21 09:00:00,26.7564894413282
2023-10-21 10:00:00,26.7564809284848
2023-10-21 11:00:00,26.7564800308767
2023-10-21 12:00:00,26.7564907154232
2023-10-21 13:00:00,26.7566323665635
2023-10-21 14:00:00,29.5289516260656
2023-10-21 15:00:00,32.3653788631764
2023-10-21 16:00:00,57.8702763571173
2023-10-21 17:00:00,67.4971639792446
2023-10-21 18:00:00,67.4971739069256
2023-10-21 19:00:00,67.4971722566303
2023-10-21 20:00:00,67.4971612767692
2023-10-21 21:00:00,67.4971453864273
2023-10-21 22:00:00,67.4971210787848
2023-10-21 23:00:00,67.4970564627791
2023-10-22 00:00:00,67.4969906214714
2023-10-22 01:00:00,67.4968144137096
2023-10-22 02:00:00,67.4960064353214
2023-10-22 03:00:00,67.1641144420911
2023-10-22 04:00:00,67.4967994212585
2023-10-22 05:00:00,67.4970975962221
2023-10-22 06:00:00,62.5150082998814
2023-10-22 07:00:00,62.5143424587719
2023-10-22 08:00:00,50.6162065516944
2023-10-22 09:00:00,50.6158428323476
2023-10-22 10:00:00,50.6158414345626
2023-10-22 11:00:00,50.615839566849
2023-10-22 12:00:00,50.6158387699792
2023-10-22 13:00:00,50.6158404470977
2023-10-22 14:00:00,60.1261583949151
2023-10-22 15:00:00,65.8167700053843
2023-10-22 16:00:00,67.4972238256638
2023-10-22 17:00:00,68.384843423523
2023-10-22 18:00:00,67.4972609980905
2023-10-22 19:00:00,67.4972386453688
2023-10-22 20:00:00,67.4972355550826
2023-10-22 21:00:00,67.497185182277
2023-10-22 22:00:00,67.4971782786767
2023-10-22 23:00:00,67.4971726162462
2023-10-23 00:00:00,67.4971695862655
2023-10-23 01:00:00,67.4971651229758
2023-10-23 02:00:00,67.4971613472818
2023-10-23 03:00:00,67.4971731294848
2023-10-23 04:00:00,67.4971882820367
2023-10-23 05:00:00,67.4972244537773
2023-10-23 06:00:00,67.497232124507
2023-10-23 07:00:00,67.1639288408281
2023-10-23 08:00:00,60.1265467125892
2023-10-23 09:00:00,60.126485644009
2023-10-23 10:00:00,60.1264811452994
2023-10-23 11:00:00,60.1264799694049
2023-10-23 12:00:00,60.1264855185523
2023-10-23 13:00:00,60.126517678899
2023-10-23 14:00:00,62.3607199896718
2023-10-23 15:00:00,65.8167862403329
2023-10-23 16:00:00,67.4972042065514
2023-10-23 17:00:00,67.4973246378439
2023-10-23 18:00:00,67.4972426391098
2023-10-23 19:00:00,67.4972400617562
2023-10-23 20:00:00,67.497235547912
2023-10-23 21:00:00,67.4972312536072
2023-10-23 22:00:00,67.4972014191577
2023-10-23 23:00:00,67.4971752046065
2023-10-24 00:00:00,67.4971534455558
2023-10-24 01:00:00,67.4971428006425
2023-10-24 02:00:00,67.4971429922888
2023-10-24 03:00:00,67.4971433296491
2023-10-24 04:00:00,67.4971696763931
2023-10-24 05:00:00,67.4971835344508
2023-10-24 06:00:00,64.8877917112225
2023-10-24 07:00:00,62.5149658445616
2023-10-24 08:00:00,56.1791699165183
2023-10-24 09:00:00,50.6158321192894
2023-10-24 10:00:00,50.6158207968909
2023-10-24 11:00:00,50.6158151585655
2023-10-24 12:00:00,50.6158141581614
2023-10-24 13:00:00,50.6158186509332
2023-10-24 14:00:00,50.6158386288979
2023-10-24 15:00:00,59.6944858041111
2023-10-24 16:00:00,65.5135965144929
2023-10-24 17:00:00,67.497158161764
2023-10-24 18:00:00,67.4971671840966
2023-10-24 19:00:00,67.4971644963324
2023-10-24 20:00:00,67.4971505325133
2023-10-24 21:00:00,67.4971287163741
2023-10-24 22:00:00,66.674278094426
2023-10-24 23:00:00,66.6599156707968
2023-10-25 00:00:00,66.6598735764311
2023-10-25 01:00:00,66.657337950533
2023-10-25 02:00:00,65.5449202852957
2023-10-25 03:00:00,65.5359399497632
2023-10-25 04:00:00,67.163872195739
2023-10-25 05:00:00,67.4971630374609
2023-10-25 06:00:00,67.4971737906115
2023-10-25 07:00:00,66.3571329160344
2023-10-25 08:00:00,59.6119159984564
2023-10-25 09:00:00,59.6118808266606
2023-10-25 10:00:00,59.6118711034558
2023-10-25 11:00:00,59.6118711691523
2023-10-25 12:00:00,59.6118764295986
2023-10-25 13:00:00,59.6118868202058
2023-10-25 14:00:00,59.611938310163
2023-10-25 15:00:00,61.101580610794
2023-10-25 16:00:00,66.2132009734613
2023-10-25 17:00:00,67.4971640965423
2023-10-25 18:00:00,67.4971717495445
2023-10-25 19:00:00,67.4971665751231
2023-10-25 20:00:00,67.4971483978686
2023-10-25 21:00:00,67.4971203078411
2023-10-25 22:00:00,65.2459524207513
2023-10-25 23:00:00,65.1454443144708
2023-10-26 00:00:00,65.1446398099144
2023-10-26 01:00:00,65.144608246363
2023-10-26 02:00:00,65.1445317605835
2023-10-26 03:00:00,65.1439168540233
2023-10-26 04:00:00,65.1439318416878
2023-10-26 05:00:00,65.144750342202
2023-10-26 06:00:00,62.5149126071176
2023-10-26 07:00:00,52.8783412050611
2023-10-26 08:00:00,50.6158497011008
2023-10-26 09:00:00,50.6158187696023
2023-10-26 10:00:00,50.6158137736498
2023-10-26 11:00:00,50.6158133784736
2023-10-26 12:00:00,50.6158152527578
2023-10-26 13:00:00,50.6158187028674
2023-10-26 14:00:00,50.6158284514272
2023-10-26 15:00:00,50.6159315968638
2023-10-26 16:00:00,58.4450027201747
2023-10-26 17:00:00,62.3607994646726
2023-10-26 18:00:00,62.5146962191206
2023-10-26 19:00:00,62.5149849037245
2023-10-26 20:00:00,62.5150063259672
2023-10-26 21:00:00,62.5150210877644
2023-10-26 22:00:00,58.9888164490608
2023-10-26 23:00:00,56.6603673706446
2023-10-27 00:00:00,56.1778510110134
2023-10-27 01:00:00,56.1777212646251
2023-10-27 02:00:00,55.2405746093212
2023-10-27 03:00:00,55.2405006512834
2023-10-27 04:00:00,55.2404889855997
2023-10-27 05:00:00,55.2404421289763
2023-10-27 06:00:00,41.5119413698106
2023-10-27 07:00:00,39.1942206981031
2023-10-27 08:00:00,32.1630458676768
2023-10-27 09:00:00,32.1629408083648
2023-10-27 10:00:00,32.1629243896512
2023-10-27 11:00:00,32.1629223388246
2023-10-27 12:00:00,32.1629254055933
2023-10-27 13:00:00,32.1629353531118
2023-10-27 14:00:00,32.16300687501
2023-10-27 15:00:00,34.9311064443579
2023-10-27 16:00:00,50.6098974978093
2023-10-27 17:00:00,50.6158556421907
2023-10-27 18:00:00,50.6158688211164
2023-10-27 19:00:00,50.6158627112388
2023-10-27 20:00:00,50.6158481918502
2023-10-27 21:00:00,50.6158396889399
2023-10-27 22:00:00,50.6158227200587
2023-10-27 23:00:00,50.615802997237
2023-10-28 00:00:00,50.6157539381995
2023-10-28 01:00:00,50.6154310100722
2023-10-28 02:00:00,50.6149295837592
2023-10-28 03:00:00,50.6155638875357
2023-10-28 04:00:00,50.6157012433462
2023-10-28 05:00:00,50.6157924661309
2023-10-28 06:00:00,38.1294726105614
2023-10-28 07:00:00,35.9810783704111
2023-10-28 08:00:00,29.1244800026423
2023-10-28 09:00:00,29.124295480633
2023-10-28 10:00:00,29.1242892529348
2023-10-28 11:00:00,29.1242877083616
2023-10-28 12:00:00,29.1242894785308
2023-10-28 13:00:00,29.1242973208696
2023-10-28 14:00:00,29.7495552178095
2023-10-28 15:00:00,30.4032097572372
2023-10-28 16:00:00,40.0921482438048
2023-10-28 17:00:00,40.1504528491324
2023-10-28 18:00:00,40.1504685646719
2023-10-28 19:00:00,40.150472055591
2023-10-28 20:00:00,40.1504704230843
2023-10-28 21:00:00,40.1504465424588
2023-10-28 22:00:00,40.1501491044764
2023-10-28 23:00:00,32.5014888815939
2023-10-29 00:00:00,32.5006968697615
2023-10-29 01:00:00,32.5006320404521
2023-10-29 02:00:00,32.5006269828435
2023-10-29 03:00:00,32.5006461110732
2023-10-29 04:00:00,32.5025254130998
2023-10-29 05:00:00,32.6566046665501
2023-10-29 06:00:00,40.1504492312435
2023-10-29 07:00:00,30.2510534183152
2023-10-29 08:00:00,25.0510210811024
2023-10-29 09:00:00,24.4819845252501
2023-10-29 10:00:00,24.4819669705891
2023-10-29 11:00:00,24.4819601493264
2023-10-29 12:00:00,24.481968023901
2023-10-29 13:00:00,24.4823283021863
2023-10-29 14:00:00,27.3375525061788
2023-10-29 15:00:00,34.9092644173329
2023-10-29 16:00:00,50.6158451761152
2023-10-29 17:00:00,50.8098259696415
2023-10-29 18:00:00,50.8098863954609
2023-10-29 19:00:00,50.809879664803
2023-10-29 20:00:00,50.8097376451997
2023-10-29 21:00:00,50.6158862185277
2023-10-29 22:00:00,50.6158640253829
2023-10-29 23:00:00,50.615852624314
2023-10-30 00:00:00,50.6158428354874
2023-10-30 01:00:00,50.6158375588327
2023-10-30 02:00:00,50.6158357393333
2023-10-30 03:00:00,50.6158368048815
2023-10-30 04:00:00,50.6158397580252
2023-10-30 05:00:00,50.6158455432242
2023-10-30 06:00:00,50.6158613266656
2023-10-30 07:00:00,41.1358290670577
2023-10-30 08:00:00,34.9093276699289
2023-10-30 09:00:00,31.9796997635427
2023-10-30 10:00:00,31.9795166561551
2023-10-30 11:00:00,31.9795134575307
2023-10-30 12:00:00,31.9795156113097
2023-10-30 13:00:00,31.9795265259828
2023-10-30 14:00:00,32.2249825661338
2023-10-30 15:00:00,50.6159399924484
2023-10-30 16:00:00,63.521604800452
2023-10-30 17:00:00,67.4971950945509
2023-10-30 18:00:00,67.4971980046816
2023-10-30 19:00:00,67.497185679776
2023-10-30 20:00:00,67.4971173592157
2023-10-30 21:00:00,67.4971224575019
2023-10-30 22:00:00,67.4970861070238
2023-10-30 23:00:00,66.3570959298473
2023-10-31 00:00:00,65.2949668255242
2023-10-31 01:00:00,62.5592329659299
2023-10-31 02:00:00,55.0711354547654
2023-10-31 03:00:00,55.0710384156279
2023-10-31 04:00:00,55.0708750913689
2023-10-31 05:00:00,55.0711690004997
2023-10-31 06:00:00,67.1636854557191
2023-10-31 07:00:00,55.9639105683718
2023-10-31 08:00:00,45.3096547776138
2023-10-31 09:00:00,45.3095887579519
2023-10-31 10:00:00,45.3095658870286
2023-10-31 11:00:00,45.3095599540508
2023-10-31 12:00:00,45.30956262029
2023-10-31 13:00:00,45.3095755142163
2023-10-31 14:00:00,47.3552131222866
2023-10-31 15:00:00,50.6158556100001
2023-10-31 16:00:00,59.5041625129357
2023-10-31 17:00:00,62.5140659917566
2023-10-31 18:00:00,62.5140606317136
2023-10-31 19:00:00,62.5139810949309
2023-10-31 20:00:00,62.5139430491526
2023-10-31 21:00:00,59.5040845646298
2023-10-31 22:00:00,56.207489207828
2023-10-31 23:00:00,50.6158519756015
2023-11-01 00:00:00,50.6158439428602
2023-11-01 01:00:00,50.6158364730686
2023-11-01 02:00:00,50.6158304644675
2023-11-01 03:00:00,50.6158229677887
2023-11-01 04:00:00,50.6158220049576
2023-11-01 05:00:00,50.6158240356165
2023-11-01 06:00:00,50.6158329710018
2023-11-01 07:00:00,32.1281922115656
2023-11-01 08:00:00,27.3377099495221
2023-11-01 09:00:00,25.0510132150104
2023-11-01 10:00:00,25.0509999883601
2023-11-01 11:00:00,25.0509919630857
2023-11-01 12:00:00,25.0509933212212
2023-11-01 13:00:00,25.050994307574
2023-11-01 14:00:00,25.0510175913871
2023-11-01 15:00:00,27.0290530988885
2023-11-01 16:00:00,32.2554425102712
2023-11-01 17:00:00,33.1161170063617
2023-11-01 18:00:00,33.6698753503734
2023-11-01 19:00:00,33.6701249069682
2023-11-01 20:00:00,33.6701353859485
2023-11-01 21:00:00,33.1609119411456
2023-11-01 22:00:00,32.811447585629
2023-11-01 23:00:00,32.4209375925485
2023-11-02 00:00:00,32.4208851144223
2023-11-02 01:00:00,32.1726127614211
2023-11-02 02:00:00,32.1740635721565
2023-11-02 03:00:00,31.7387598461508
2023-11-02 04:00:00,32.2266547805687
2023-11-02 05:00:00,32.2266849507336
2023-11-02 06:00:00,32.2267332145473
2023-11-02 07:00:00,28.064501685247
2023-11-02 08:00:00,25.0509520955634
2023-11-02 09:00:00,24.9642477790042
2023-11-02 10:00:00,22.7109358289489
2023-11-02 11:00:00,22.7109187009679
2023-11-02 12:00:00,22.710915315348
2023-11-02 13:00:00,22.7109162061839
2023-11-02 14:00:00,22.7109225372002
2023-11-02 15:00:00,22.9914365420405
2023-11-02 16:00:00,25.5058019410963
2023-11-02 17:00:00,27.3505717727771
2023-11-02 18:00:00,27.8952146179375
2023-11-02 19:00:00,29.9917299598997
2023-11-02 20:00:00,30.6350961326622
2023-11-02 21:00:00,30.4602059602026
2023-11-02 22:00:00,30.4596495381841
2023-11-02 23:00:00,30.4594829927029
2023-11-03 00:00:00,30.4596946213627
2023-11-03 01:00:00,30.5870823463262
2023-11-03 02:00:00,31.0727824277607
2023-11-03 03:00:00,32.2394915719401
2023-11-03 04:00:00,32.2395802257264
2023-11-03 05:00:00,32.2395838968888
2023-11-03 06:00:00,32.2395817987937
2023-11-03 07:00:00,30.8144148780982
2023-11-03 08:00:00,25.0509530046835
2023-11-03 09:00:00,24.588518870688
2023-11-03 10:00:00,24.5885175077728
2023-11-03 11:00:00,24.5885122927408
2023-11-03 12:00:00,24.5885146293073
2023-11-03 13:00:00,24.5885264492426
2023-11-03 14:00:00,25.590677288366
2023-11-03 15:00:00,31.5464023564344
2023-11-03 16:00:00,33.6695627038379
2023-11-03 17:00:00,34.564407904696
2023-11-03 18:00:00,41.5926091940244
2023-11-03 19:00:00,41.5926835279314
2023-11-03 20:00:00,41.5926843786992
2023-11-03 21:00:00,41.5925747336019
2023-11-03 22:00:00,33.6720125796688
2023-11-03 23:00:00,33.6702194385074
2023-11-04 00:00:00,33.6702064035435
2023-11-04 01:00:00,33.670196428864
2023-11-04 02:00:00,33.6701899331907
2023-11-04 03:00:00,33.6701865774778
2023-11-04 04:00:00,33.670185609895
2023-11-04 05:00:00,33.6701921810089
2023-11-04 06:00:00,33.6701983845241
2023-11-04 07:00:00,33.4716177576801
2023-11-04 08:00:00,30.5034718937863
2023-11-04 09:00:00,28.9502267660143
2023-11-04 10:00:00,27.5127503306921
2023-11-04 11:00:00,27.5127412802187
2023-11-04 12:00:00,27.5127424992376
2023-11-04 13:00:00,27.5127561532984
2023-11-04 14:00:00,28.1035987094629
2023-11-04 15:00:00,29.7495601714423
2023-11-04 16:00:00,32.2266528934529
2023-11-04 17:00:00,34.6288642981653
2023-11-04 18:00:00,34.6287781494007
2023-11-04 19:00:00,33.6720508908618
2023-11-04 20:00:00,33.670215661671
2023-11-04 21:00:00,33.6702036883398
2023-11-04 22:00:00,33.6701969957698
2023-11-04 23:00:00,33.6701931792239
2023-11-05 00:00:00,33.6701826782819
2023-11-05 01:00:00,33.6701822714042
2023-11-05 02:00:00,33.6701821917892
2023-11-05 03:00:00,33.6701931691396
2023-11-05 04:00:00,33.6701994659861
2023-11-05 05:00:00,33.6702135501962
2023-11-05 06:00:00,33.6719737731084
2023-11-05 07:00:00,32.21316247948
2023-11-05 08:00:00,28.6518302899239
2023-11-05 09:00:00,25.0509737180479
2023-11-05 10:00:00,25.0509652228726
2023-11-05 11:00:00,25.0509641288733
2023-11-05 12:00:00,25.0509693285371
2023-11-05 13:00:00,25.0509915100007
2023-11-05 14:00:00,30.0696569770885
2023-11-05 15:00:00,33.3640649214541
2023-11-05 16:00:00,45.4628503060921
2023-11-05 17:00:00,50.6158721691111
2023-11-05 18:00:00,50.6159972947251
2023-11-05 19:00:00,50.6160757978549
2023-11-05 20:00:00,50.6160468882458
2023-11-05 21:00:00,50.6159120848291
2023-11-05 22:00:00,50.6158609854665
2023-11-05 23:00:00,50.6158563069159
2023-11-06 00:00:00,50.6158489568572
2023-11-06 01:00:00,50.615846292499
2023-11-06 02:00:00,50.6158453114873
2023-11-06 03:00:00,50.6158448005366
2023-11-06 04:00:00,50.6158446839606
2023-11-06 05:00:00,50.6158516990366
2023-11-06 06:00:00,50.6158871861543
2023-11-06 07:00:00,40.7543959514423
2023-11-06 08:00:00,32.2261615711353
2023-11-06 09:00:00,26.0903949094924
2023-11-06 10:00:00,26.0903913352033
2023-11-06 11:00:00,26.0903822069041
2023-11-06 12:00:00,26.0903862925618
2023-11-06 13:00:00,26.0904010325133
2023-11-06 14:00:00,29.9971334381868
2023-11-06 15:00:00,32.2283390573887
2023-11-06 16:00:00,50.615839165086
2023-11-06 17:00:00,62.5152487217606
2023-11-06 18:00:00,62.5152649400811
2023-11-06 19:00:00,62.5152676103662
2023-11-06 20:00:00,62.5152627360811
2023-11-06 21:00:00,62.5152443224406
2023-11-06 22:00:00,62.5149966207087
2023-11-06 23:00:00,50.6169959320039
2023-11-07 00:00:00,50.6163481874472
2023-11-07 01:00:00,50.6161446418118
2023-11-07 02:00:00,50.6161349138944
2023-11-07 03:00:00,50.6161435280006
2023-11-07 04:00:00,50.6161388339543
2023-11-07 05:00:00,50.6169421904901
2023-11-07 06:00:00,52.7445645645325
2023-11-07 07:00:00,48.1863246439974
2023-11-07 08:00:00,32.2284432023477
2023-11-07 09:00:00,32.2250450130543
2023-11-07 10:00:00,32.2250108759005
2023-11-07 11:00:00,32.2250061846282
2023-11-07 12:00:00,32.2250090558884
2023-11-07 13:00:00,32.2250208280588
2023-11-07 14:00:00,32.225171610527
2023-11-07 15:00:00,42.9810034175999
2023-11-07 16:00:00,50.6158552827511
2023-11-07 17:00:00,67.4970544808916
2023-11-07 18:00:00,67.497072046583
2023-11-07 19:00:00,67.4970720276976
2023-11-07 20:00:00,67.4970649152188
2023-11-07 21:00:00,67.4970376345177
2023-11-07 22:00:00,67.4968582982494
2023-11-07 23:00:00,67.1638833642369
2023-11-08 00:00:00,54.6523146579929
2023-11-08 01:00:00,54.6522200700961
2023-11-08 02:00:00,54.651640529003
2023-11-08 03:00:00,54.6514396615841
2023-11-08 04:00:00,54.6514179778113
2023-11-08 05:00:00,54.6521797733133
2023-11-08 06:00:00,56.9455399237528
2023-11-08 07:00:00,47.0866006034309
2023-11-08 08:00:00,32.9513103098582
2023-11-08 09:00:00,32.2177792117356
2023-11-08 10:00:00,31.4892965543539
2023-11-08 11:00:00,31.4891494605601
2023-11-08 12:00:00,31.4891295300407
2023-11-08 13:00:00,31.489138626762
2023-11-08 14:00:00,32.2178624272279
2023-11-08 15:00:00,34.9095573288732
2023-11-08 16:00:00,50.6158478009187
2023-11-08 17:00:00,62.5134569606468
2023-11-08 18:00:00,62.5134697444201
2023-11-08 19:00:00,62.5134483787495
2023-11-08 20:00:00,62.513254564371
2023-11-08 21:00:00,50.615904066586
2023-11-08 22:00:00,50.6158579517354
2023-11-08 23:00:00,50.6158475120344
2023-11-09 00:00:00,50.6158431481772
2023-11-09 01:00:00,50.6158410914781
2023-11-09 02:00:00,50.6158408458136
2023-11-09 03:00:00,50.6158412089213
2023-11-09 04:00:00,50.615841059081
2023-11-09 05:00:00,50.6158441585482
2023-11-09 06:00:00,50.6158488296243
2023-11-09 07:00:00,45.1589091085353
2023-11-09 08:00:00,33.4030992085134
2023-11-09 09:00:00,30.7104633932792
2023-11-09 10:00:00,30.1990672848452
2023-11-09 11:00:00,30.1990617263406
2023-11-09 12:00:00,30.1990640972628
2023-11-09 13:00:00,30.1990750716417
2023-11-09 14:00:00,30.8436065080296
2023-11-09 15:00:00,32.2266711339895
2023-11-09 16:00:00,50.6156546825156
2023-11-09 17:00:00,50.6170112920503
2023-11-09 18:00:00,50.6171552736929
2023-11-09 19:00:00,50.6171648910163
2023-11-09 20:00:00,50.6170995401024
2023-11-09 21:00:00,50.6164226312224
2023-11-09 22:00:00,50.6158963967283
2023-11-09 23:00:00,50.615864108439
2023-11-10 00:00:00,50.6158552871255
2023-11-10 01:00:00,50.6158514529084
2023-11-10 02:00:00,50.6158471651056
2023-11-10 03:00:00,50.6158462180491
2023-11-10 04:00:00,50.6158455783519
2023-11-10 05:00:00,50.6158453551524
2023-11-10 06:00:00,50.6158456976154
2023-11-10 07:00:00,40.9798470627887
2023-11-10 08:00:00,32.2266210334622
2023-11-10 09:00:00,30.8436327622641
2023-11-10 10:00:00,30.8436212329278
2023-11-10 11:00:00,30.8436205841887
2023-11-10 12:00:00,30.8436275916681
2023-11-10 13:00:00,30.8436441049288
2023-11-10 14:00:00,30.8438274452321
2023-11-10 15:00:00,44.4200286703327
2023-11-10 16:00:00,60.4292415818607
2023-11-10 17:00:00,65.1404783713196
2023-11-10 18:00:00,65.1409729652244
2023-11-10 19:00:00,65.1445898240711
2023-11-10 20:00:00,65.1446124834346
2023-11-10 21:00:00,65.1446675114491
2023-11-10 22:00:00,65.1454346354718
2023-11-10 23:00:00,65.1446570332512
2023-11-11 00:00:00,65.1446416105881
2023-11-11 01:00:00,65.1446248179017
2023-11-11 02:00:00,65.1445968482767
2023-11-11 03:00:00,65.1445926240344
2023-11-11 04:00:00,65.1446013504902
2023-11-11 05:00:00,65.145313486249
2023-11-11 06:00:00,66.3929818493195
2023-11-11 07:00:00,65.5913971321504
2023-11-11 08:00:00,57.2846070669338
2023-11-11 09:00:00,54.8345337986624
2023-11-11 10:00:00,54.8345206606663
2023-11-11 11:00:00,54.8345174192449
2023-11-11 12:00:00,54.8345188518135
2023-11-11 13:00:00,54.8345279835428
2023-11-11 14:00:00,54.8352945739948
2023-11-11 15:00:00,67.4971727547186
2023-11-11 16:00:00,67.4972553290462
2023-11-11 17:00:00,72.402025060829
2023-11-11 18:00:00,72.4020248014179
2023-11-11 19:00:00,71.5170210374836
2023-11-11 20:00:00,68.9767693108902
2023-11-11 21:00:00,67.4972410785783
2023-11-11 22:00:00,67.4972047947158
2023-11-11 23:00:00,67.4971564013599
2023-11-12 00:00:00,67.4971381587476
2023-11-12 01:00:00,67.497126057238
2023-11-12 02:00:00,67.497133932952
2023-11-12 03:00:00,67.4971524146725
2023-11-12 04:00:00,67.4971621544442
2023-11-12 05:00:00,67.4971836025893
2023-11-12 06:00:00,67.4972062362849
2023-11-12 07:00:00,64.880904477354
2023-11-12 08:00:00,59.6947373278536
2023-11-12 09:00:00,50.6158597466185
2023-11-12 10:00:00,50.6158426201304
2023-11-12 11:00:00,50.6158395378515
2023-11-12 12:00:00,50.6158440823417
2023-11-12 13:00:00,50.6158552178257
2023-11-12 14:00:00,50.6159324223972
2023-11-12 15:00:00,59.694560757568
2023-11-12 16:00:00,67.4971958761099
2023-11-12 17:00:00,67.4972386125613
2023-11-12 18:00:00,67.4972395908605
2023-11-12 19:00:00,67.497238976034
2023-11-12 20:00:00,67.4972369498283
2023-11-12 21:00:00,67.4972322121911
2023-11-12 22:00:00,67.4972224782195
2023-11-12 23:00:00,67.497191505503
2023-11-13 00:00:00,67.4971731009716
2023-11-13 01:00:00,65.1456309359146
2023-11-13 02:00:00,65.1446591950402
2023-11-13 03:00:00,65.1446245374639
2023-11-13 04:00:00,65.1446456754038
2023-11-13 05:00:00,65.1446987968189
2023-11-13 06:00:00,67.1631190425329
2023-11-13 07:00:00,45.7597250979532
2023-11-13 08:00:00,29.6141614120271
2023-11-13 09:00:00,23.9671638288237
2023-11-13 10:00:00,23.9670072479156
2023-11-13 11:00:00,23.9670014848025
2023-11-13 12:00:00,23.9669997462437
2023-11-13 13:00:00,23.9670051504228
2023-11-13 14:00:00,23.9670259411143
2023-11-13 15:00:00,31.3563198881534
2023-11-13 16:00:00,50.6164753107714
2023-11-13 17:00:00,67.4971422134349
2023-11-13 18:00:00,67.4971569948771
2023-11-13 19:00:00,67.4971592469829
2023-11-13 20:00:00,67.4971514299683
2023-11-13 21:00:00,67.4971155816327
2023-11-13 22:00:00,67.4968378205933
2023-11-13 23:00:00,67.1638091216404
2023-11-14 00:00:00,54.6524053485406
2023-11-14 01:00:00,54.6523321930814
2023-11-14 02:00:00,54.6523080173944
2023-11-14 03:00:00,54.6523251061226
2023-11-14 04:00:00,54.6523891071159
2023-11-14 05:00:00,56.9487817321291
2023-11-14 06:00:00,67.163915246717
2023-11-14 07:00:00,50.6158527184759
2023-11-14 08:00:00,33.6703045287486
2023-11-14 09:00:00,28.7226859191913
2023-11-14 10:00:00,28.7226591532898
2023-11-14 11:00:00,28.7226454726011
2023-11-14 12:00:00,28.7226458583977
2023-11-14 13:00:00,28.7226553727714
2023-11-14 14:00:00,30.8435971616799
2023-11-14 15:00:00,48.6628009691435
2023-11-14 16:00:00,54.8155574923417
2023-11-14 17:00:00,67.4971986778917
2023-11-14 18:00:00,67.4972023733449
2023-11-14 19:00:00,67.4972019858617
2023-11-14 20:00:00,67.4971978940919
2023-11-14 21:00:00,67.4971894423871
2023-11-14 22:00:00,67.4971735373528
2023-11-14 23:00:00,67.4971534996012
2023-11-15 00:00:00,67.4970880704063
2023-11-15 01:00:00,67.4966567455457
2023-11-15 02:00:00,67.4950466367715
2023-11-15 03:00:00,67.494977448374
2023-11-15 04:00:00,67.4969921691434
2023-11-15 05:00:00,67.4971566045038
2023-11-15 06:00:00,67.4971835438546
2023-11-15 07:00:00,56.4421796600653
2023-11-15 08:00:00,49.8737520551002
2023-11-15 09:00:00,45.7221766985617
2023-11-15 10:00:00,45.6968610488385
2023-11-15 11:00:00,45.6968561328273
2023-11-15 12:00:00,45.6968589529895
2023-11-15 13:00:00,45.696872508722
2023-11-15 14:00:00,49.1189746687481
2023-11-15 15:00:00,61.3101693825748
2023-11-15 16:00:00,67.4972194408925
2023-11-15 17:00:00,67.497249523176
2023-11-15 18:00:00,67.4972506085782
2023-11-15 19:00:00,67.497247959767
2023-11-15 20:00:00,67.4972432051314
2023-11-15 21:00:00,67.4972390966515
2023-11-15 22:00:00,67.4972352848495
2023-11-15 23:00:00,67.49721051396
2023-11-16 00:00:00,67.4971964663646
2023-11-16 01:00:00,67.49717267297
2023-11-16 02:00:00,67.4971563477751
2023-11-16 03:00:00,67.497193519949
2023-11-16 04:00:00,67.4970896992233
2023-11-16 05:00:00,67.23155167982
2023-11-16 06:00:00,67.1638865541366
2023-11-16 07:00:00,62.5150351407874
2023-11-16 08:00:00,52.8988565026298
2023-11-16 09:00:00,50.6158791444521
2023-11-16 10:00:00,50.6158653747085
2023-11-16 11:00:00,50.6158626129547
2023-11-16 12:00:00,50.6158650936456
2023-11-16 13:00:00,50.6158732266505
2023-11-16 14:00:00,50.6164821385741
2023-11-16 15:00:00,59.6945022962703
2023-11-16 16:00:00,67.4972029055645
2023-11-16 17:00:00,67.4972425140906
2023-11-16 18:00:00,67.4972438787033
2023-11-16 19:00:00,67.4972443718943
2023-11-16 20:00:00,67.4972429730167
2023-11-16 21:00:00,67.4972394755306
2023-11-16 22:00:00,67.4972365189702
2023-11-16 23:00:00,67.4972328350472
2023-11-17 00:00:00,67.4972298386142
2023-11-17 01:00:00,67.4972270204836
2023-11-17 02:00:00,67.4972126184277
2023-11-17 03:00:00,67.4972076038282
2023-11-17 04:00:00,67.4972027391852
2023-11-17 05:00:00,67.4972014956854
2023-11-17 06:00:00,67.4972211542073
2023-11-17 07:00:00,62.514822114594
2023-11-17 08:00:00,54.8021922050392
2023-11-17 09:00:00,50.6159081524817
2023-11-17 10:00:00,50.6158402794259
2023-11-17 11:00:00,50.6158206544934
2023-11-17 12:00:00,50.6158109403646
2023-11-17 13:00:00,50.6158203933132
2023-11-17 14:00:00,50.6158435560149
2023-11-17 15:00:00,64.6491365928469
2023-11-17 16:00:00,67.4972286825555
2023-11-17 17:00:00,67.82673754036
2023-11-17 18:00:00,67.8267680966276
2023-11-17 19:00:00,67.5359076792031
2023-11-17 20:00:00,67.5355776814838
2023-11-17 21:00:00,67.4972460036521
2023-11-17 22:00:00,67.4972391823232
2023-11-17 23:00:00,67.4972163641962
2023-11-18 00:00:00,67.497172030376
2023-11-18 01:00:00,67.4970937526243
2023-11-18 02:00:00,67.4970615577769
2023-11-18 03:00:00,67.4970664833363
2023-11-18 04:00:00,67.4971127469069
2023-11-18 05:00:00,67.4971718559319
2023-11-18 06:00:00,67.4971942349972
2023-11-18 07:00:00,50.6159114855317
2023-11-18 08:00:00,37.356146909225
2023-11-18 09:00:00,30.2585620117167
2023-11-18 10:00:00,30.2626349268172
2023-11-18 11:00:00,30.238202751342
2023-11-18 12:00:00,30.2382006452396
2023-11-18 13:00:00,30.2382106746598
2023-11-18 14:00:00,30.8453047053923
2023-11-18 15:00:00,44.0005878451572
2023-11-18 16:00:00,67.4970865374366
2023-11-18 17:00:00,67.497223934551
2023-11-18 18:00:00,67.4972277566779
2023-11-18 19:00:00,67.4972287219219
2023-11-18 20:00:00,67.4972233768456
2023-11-18 21:00:00,67.4972130955405
2023-11-18 22:00:00,67.4972057755208
2023-11-18 23:00:00,67.4971988305585
2023-11-19 00:00:00,67.4971908240275
2023-11-19 01:00:00,67.4971850681886
2023-11-19 02:00:00,67.4971836045646
2023-11-19 03:00:00,67.4971821747448
2023-11-19 04:00:00,67.4971838293334
2023-11-19 05:00:00,67.4971940743154
2023-11-19 06:00:00,67.4972035352731
2023-11-19 07:00:00,50.6159407396595
2023-11-19 08:00:00,32.4590590020435
2023-11-19 09:00:00,26.2718050302788
2023-11-19 10:00:00,26.3526327907744
2023-11-19 11:00:00,26.2718047161159
2023-11-19 12:00:00,26.2717872716033
2023-11-19 13:00:00,26.2718223250629
2023-11-19 14:00:00,30.8436075172102
2023-11-19 15:00:00,48.7330593520607
2023-11-19 16:00:00,67.4971660772855
2023-11-19 17:00:00,67.4972351534421
2023-11-19 18:00:00,67.4972365433269
2023-11-19 19:00:00,67.4972364199089
2023-11-19 20:00:00,67.4972318826763
2023-11-19 21:00:00,67.4972219260529
2023-11-19 22:00:00,67.4972121660328
2023-11-19 23:00:00,67.4972039033333
2023-11-20 00:00:00,67.4971972357249
2023-11-20 01:00:00,67.4971934330961
2023-11-20 02:00:00,67.4971884841202
2023-11-20 03:00:00,67.4971863486563
2023-11-20 04:00:00,67.4971890670893
2023-11-20 05:00:00,67.4971962690878
2023-11-20 06:00:00,67.4972055682684
2023-11-20 07:00:00,62.5150334286058
2023-11-20 08:00:00,56.4546162516648
2023-11-20 09:00:00,50.6158703373583
2023-11-20 10:00:00,50.615856640083
2023-11-20 11:00:00,50.615853268821
2023-11-20 12:00:00,50.6158535702585
2023-11-20 13:00:00,50.6158621490542
2023-11-20 14:00:00,50.6160563610747
2023-11-20 15:00:00,63.9879817351996
2023-11-20 16:00:00,67.4972270019777
2023-11-20 17:00:00,67.4972551057999
2023-11-20 18:00:00,67.497254118423
2023-11-20 19:00:00,67.4972484366037
2023-11-20 20:00:00,67.4972348721023
2023-11-20 21:00:00,67.497217149887
2023-11-20 22:00:00,67.4972007339927
2023-11-20 23:00:00,67.4971835613787
2023-11-21 00:00:00,67.4970398711499
2023-11-21 01:00:00,67.1634102056014
2023-11-21 02:00:00,66.8451653479978
2023-11-21 03:00:00,66.8451208132911
2023-11-21 04:00:00,66.8451157515426
2023-11-21 05:00:00,67.4957498054033
2023-11-21 06:00:00,67.4972131867705
2023-11-21 07:00:00,65.0998063088236
2023-11-21 08:00:00,62.5138128937781
2023-11-21 09:00:00,50.6158325033962
2023-11-21 10:00:00,50.6158088939947
2023-11-21 11:00:00,50.6158057339823
2023-11-21 12:00:00,50.6158064653502
2023-11-21 13:00:00,50.6158109141961
2023-11-21 14:00:00,50.6158318890081
2023-11-21 15:00:00,63.3581537345461
2023-11-21 16:00:00,67.4972118204319
2023-11-21 17:00:00,67.4972458238505
2023-11-21 18:00:00,67.4972451620641
2023-11-21 19:00:00,67.4972359388771
2023-11-21 20:00:00,67.4972283042389
2023-11-21 21:00:00,67.4972289051181
2023-11-21 22:00:00,67.4972268259555
2023-11-21 23:00:00,67.4972078469318
2023-11-22 00:00:00,67.4971977335352
2023-11-22 01:00:00,67.4971946414512
2023-11-22 02:00:00,67.4971932797086
2023-11-22 03:00:00,67.4971907548574
2023-11-22 04:00:00,67.4971891473934
2023-11-22 05:00:00,67.4971925408252
2023-11-22 06:00:00,67.4971991640136
2023-11-22 07:00:00,54.0448063277076
2023-11-22 08:00:00,42.2922809226541
2023-11-22 09:00:00,32.226341001212
2023-11-22 10:00:00,32.2263135804481
2023-11-22 11:00:00,32.2263096128759
2023-11-22 12:00:00,32.226310392095
2023-11-22 13:00:00,32.2263172855613
2023-11-22 14:00:00,32.2263450230682
2023-11-22 15:00:00,50.613522708359
2023-11-22 16:00:00,62.5114730467952
2023-11-22 17:00:00,62.5119438930847
2023-11-22 18:00:00,62.5119444061417
2023-11-22 19:00:00,62.3624992552204
2023-11-22 20:00:00,62.2644122484448
2023-11-22 21:00:00,62.2643389486506
2023-11-22 22:00:00,52.2724097841894
2023-11-22 23:00:00,51.4594556837743
2023-11-23 00:00:00,51.41291955476
2023-11-23 01:00:00,50.9229269803767
2023-11-23 02:00:00,50.6159123176033
2023-11-23 03:00:00,50.615891099035
2023-11-23 04:00:00,50.6158880100275
2023-11-23 05:00:00,50.6158885666908
2023-11-23 06:00:00,50.6158923915743
2023-11-23 07:00:00,40.7566303477631
2023-11-23 08:00:00,30.4903191598937
2023-11-23 09:00:00,23.0097975699619
2023-11-23 10:00:00,23.0097470219836
2023-11-23 11:00:00,23.009744020462
2023-11-23 12:00:00,23.0097460903587
2023-11-23 13:00:00,23.0097536702997
2023-11-23 14:00:00,23.0098151652565
2023-11-23 15:00:00,32.226765623355
2023-11-23 16:00:00,50.6160069788238
2023-11-23 17:00:00,67.4971618246714
2023-11-23 18:00:00,67.4971735503186
2023-11-23 19:00:00,67.4971770503522
2023-11-23 20:00:00,67.4971777009439
2023-11-23 21:00:00,67.4971744678376
2023-11-23 22:00:00,67.4971586571107
2023-11-23 23:00:00,67.4970898129196
2023-11-24 00:00:00,67.1640888912059
2023-11-24 01:00:00,54.6524398507425
2023-11-24 02:00:00,54.6523340823613
2023-11-24 03:00:00,54.6523181115624
2023-11-24 04:00:00,54.6523228465864
2023-11-24 05:00:00,54.6523385529057
2023-11-24 06:00:00,54.6523615038457
2023-11-24 07:00:00,50.6157061345501
2023-11-24 08:00:00,32.2272070950268
2023-11-24 09:00:00,26.0831753289044
2023-11-24 10:00:00,26.0831859959987
2023-11-24 11:00:00,26.0831315382555
2023-11-24 12:00:00,26.0831325634689
2023-11-24 13:00:00,26.0831535312921
2023-11-24 14:00:00,30.843634685959
2023-11-24 15:00:00,33.4131862125816
2023-11-24 16:00:00,54.6514120742501
2023-11-24 17:00:00,67.4971785128417
2023-11-24 18:00:00,67.4971820042527
2023-11-24 19:00:00,67.4971877299956
2023-11-24 20:00:00,67.4971903954984
2023-11-24 21:00:00,67.4971858134391
2023-11-24 22:00:00,67.4971514798961
2023-11-24 23:00:00,67.4967102146155
2023-11-25 00:00:00,67.1638196243317
2023-11-25 01:00:00,62.5191757578776
2023-11-25 02:00:00,62.4120530322209
2023-11-25 03:00:00,62.4119082860428
2023-11-25 04:00:00,62.4119733910007
2023-11-25 05:00:00,65.1447167029137
2023-11-25 06:00:00,67.4971041712523
2023-11-25 07:00:00,65.031919372355
2023-11-25 08:00:00,50.6159194857492
2023-11-25 09:00:00,48.2478384548042
2023-11-25 10:00:00,48.2478197174879
2023-11-25 11:00:00,48.2478121467284
2023-11-25 12:00:00,48.2478136810864
2023-11-25 13:00:00,48.2478380839473
2023-11-25 14:00:00,50.615772069638
2023-11-25 15:00:00,64.172981931735
2023-11-25 16:00:00,75.2840775588724
2023-11-25 17:00:00,80.4613078271253
2023-11-25 18:00:00,80.4609733551156
2023-11-25 19:00:00,80.4610960973631
2023-11-25 20:00:00,80.4593886431742
2023-11-25 21:00:00,80.4612341451984
2023-11-25 22:00:00,80.4613453431609
2023-11-25 23:00:00,79.2108282459038
2023-11-26 00:00:00,78.6436971556971
2023-11-26 01:00:00,75.4780574610088
2023-11-26 02:00:00,75.2340350241868
2023-11-26 03:00:00,75.4774279325081
2023-11-26 04:00:00,76.2270844317107
2023-11-26 05:00:00,78.6416743082911
2023-11-26 06:00:00,80.4613447302054
2023-11-26 07:00:00,70.7804870207926
2023-11-26 08:00:00,62.5155169756393
2023-11-26 09:00:00,50.6163002219321
2023-11-26 10:00:00,50.6162653920915
2023-11-26 11:00:00,50.6162626290307
2023-11-26 12:00:00,50.6162642274997
2023-11-26 13:00:00,50.6162748019345
2023-11-26 14:00:00,65.2482847857574
2023-11-26 15:00:00,67.4972402754346
2023-11-26 16:00:00,86.1403353764322
2023-11-26 17:00:00,86.1404398238439
2023-11-26 18:00:00,86.1404511027362
2023-11-26 19:00:00,86.1404525511838
2023-11-26 20:00:00,86.1404362512225
2023-11-26 21:00:00,86.1403815846088
2023-11-26 22:00:00,83.1574213988846
2023-11-26 23:00:00,69.7543110942078
2023-11-27 00:00:00,69.7555758925798
2023-11-27 01:00:00,69.7534386394467
2023-11-27 02:00:00,69.7533632773062
2023-11-27 03:00:00,69.7530370857608
2023-11-27 04:00:00,69.7527779508141
2023-11-27 05:00:00,69.7534358521901
2023-11-27 06:00:00,69.7539044191305
2023-11-27 07:00:00,67.4972408255936
2023-11-27 08:00:00,65.1446541071209
2023-11-27 09:00:00,59.3367554894602
2023-11-27 10:00:00,59.3367033290854
2023-11-27 11:00:00,59.3367013233149
2023-11-27 12:00:00,59.3367037128759
2023-11-27 13:00:00,59.3367112616862
2023-11-27 14:00:00,59.3367368074096
2023-11-27 15:00:00,64.7531987484367
2023-11-27 16:00:00,67.4971925046091
2023-11-27 17:00:00,67.4972227477598
2023-11-27 18:00:00,67.4972215866285
2023-11-27 19:00:00,67.4972202868158
2023-11-27 20:00:00,67.4972167923901
2023-11-27 21:00:00,67.4972116831916
2023-11-27 22:00:00,67.4972014639703
2023-11-27 23:00:00,67.4971806393588
2023-11-28 00:00:00,67.4971616498845
2023-11-28 01:00:00,67.4971536583213
2023-11-28 02:00:00,67.4971552526809
2023-11-28 03:00:00,67.4971576995907
2023-11-28 04:00:00,67.4971655754844
2023-11-28 05:00:00,67.4972084883165
2023-11-28 06:00:00,67.4972375981648
2023-11-28 07:00:00,67.5526684165151
2023-11-28 08:00:00,67.4972404489149
2023-11-28 09:00:00,67.4972224721998
2023-11-28 10:00:00,67.4972014282249
2023-11-28 11:00:00,67.4971954757099
2023-11-28 12:00:00,67.4971988509337
2023-11-28 13:00:00,67.4972279748046
2023-11-28 14:00:00,67.4972690279843
2023-11-28 15:00:00,88.9294738854461
2023-11-28 16:00:00,93.5667474001012
2023-11-28 17:00:00,93.5669922127838
2023-11-28 18:00:00,93.5669956654287
2023-11-28 19:00:00,93.5661110665116
2023-11-28 20:00:00,92.8951193923297
2023-11-28 21:00:00,92.8950636028581
2023-11-28 22:00:00,80.7510924408147
2023-11-28 23:00:00,75.768927908894
2023-11-29 00:00:00,75.7679804790044
2023-11-29 01:00:00,75.7679697513908
2023-11-29 02:00:00,75.7679689014603
2023-11-29 03:00:00,75.7679690594785
2023-11-29 04:00:00,75.7679705083357
2023-11-29 05:00:00,80.3545543328782
2023-11-29 06:00:00,82.0941230187615
2023-11-29 07:00:00,82.0140699643672
2023-11-29 08:00:00,67.4972393086837
2023-11-29 09:00:00,67.4972208834171
2023-11-29 10:00:00,67.4972165017604
2023-11-29 11:00:00,67.4972150888931
2023-11-29 12:00:00,67.4972171499775
2023-11-29 13:00:00,67.4972219572861
2023-11-29 14:00:00,67.4972314398032
2023-11-29 15:00:00,67.4973583875154
2023-11-29 16:00:00,108.858892527746
2023-11-29 17:00:00,108.859017731873
2023-11-29 18:00:00,108.858984555156
2023-11-29 19:00:00,108.858861137277
2023-11-29 20:00:00,107.513890935886
2023-11-29 21:00:00,107.513837798066
2023-11-29 22:00:00,92.335706257502
2023-11-29 23:00:00,89.1244428918479
2023-11-30 00:00:00,89.1243467063076
2023-11-30 01:00:00,89.0932702722009
2023-11-30 02:00:00,88.1551116366732
2023-11-30 03:00:00,88.1548378254656
2023-11-30 04:00:00,88.1548364994729
2023-11-30 05:00:00,88.1549168807941
2023-11-30 06:00:00,91.031588685255
2023-11-30 07:00:00,83.3562337225632
2023-11-30 08:00:00,67.4972657822128
2023-11-30 09:00:00,67.4972305916552
2023-11-30 10:00:00,67.4972288780882
2023-11-30 11:00:00,67.4972274348648
2023-11-30 12:00:00,67.4972269979751
2023-11-30 13:00:00,67.4972284484249
2023-11-30 14:00:00,67.4972363728444
2023-11-30 15:00:00,67.4972966531583
2023-11-30 16:00:00,89.1251202571863
2023-11-30 17:00:00,89.4623215229398
2023-11-30 18:00:00,89.4622786162983
2023-11-30 19:00:00,89.1243713305209
2023-11-30 20:00:00,89.1237657427972
2023-11-30 21:00:00,89.1243428583847
2023-11-30 22:00:00,89.1243471742967
2023-11-30 23:00:00,88.1542735177148
2023-12-01 00:00:00,86.660070282637
2023-12-01 01:00:00,86.0022628221668
2023-12-01 02:00:00,86.0022488953851
2023-12-01 03:00:00,86.0022495952494
2023-12-01 04:00:00,86.0022513351625
2023-12-01 05:00:00,87.7754726275948
2023-12-01 06:00:00,88.9285313612312
2023-12-01 07:00:00,83.3561742366593
2023-12-01 08:00:00,67.4972590144933
2023-12-01 09:00:00,67.4972017696301
2023-12-01 10:00:00,67.4971798994762
2023-12-01 11:00:00,67.4971731559317
2023-12-01 12:00:00,67.4971733438659
2023-12-01 13:00:00,67.4971758337376
2023-12-01 14:00:00,67.4971841432181
2023-12-01 15:00:00,67.4972054599419
2023-12-01 16:00:00,133.602025728479
2023-12-01 17:00:00,136.816224719173
2023-12-01 18:00:00,139.184112568283
2023-12-01 19:00:00,138.469848697215
2023-12-01 20:00:00,133.602190506333
2023-12-01 21:00:00,133.602308732867
2023-12-01 22:00:00,133.60217452572
2023-12-01 23:00:00,133.602163752769
2023-12-02 00:00:00,133.602158892852
2023-12-02 01:00:00,133.602160305426
2023-12-02 02:00:00,133.602164505616
2023-12-02 03:00:00,133.602175944421
2023-12-02 04:00:00,450.43637707964
2023-12-02 05:00:00,450.436429492158
2023-12-02 06:00:00,450.436448297756
2023-12-02 07:00:00,67.4973194141855
2023-12-02 08:00:00,67.4971765916387
2023-12-02 09:00:00,54.6512470648115
2023-12-02 10:00:00,54.6512292815863
2023-12-02 11:00:00,54.6512255882486
2023-12-02 12:00:00,54.6512266100464
2023-12-02 13:00:00,54.6512335521561
2023-12-02 14:00:00,54.6512687850383
2023-12-02 15:00:00,67.4972057372545
2023-12-02 16:00:00,1625.1380692639
2023-12-02 17:00:00,1640.67499643482
2023-12-02 18:00:00,1640.67500385256
2023-12-02 19:00:00,1640.67500615562
2023-12-02 20:00:00,1640.67500076906
2023-12-02 21:00:00,1412.04558501864
2023-12-02 22:00:00,1388.04571312461
2023-12-02 23:00:00,1328.92634599252
2023-12-03 00:00:00,1328.92557789259
2023-12-03 01:00:00,1328.92549381556
2023-12-03 02:00:00,1328.92548486878
2023-12-03 03:00:00,1328.92549028462
2023-12-03 04:00:00,1384.31711452639
2023-12-03 05:00:00,1585.5142176499
2023-12-03 06:00:00,1619.52433280221
2023-12-03 07:00:00,67.4972039745656
2023-12-03 08:00:00,62.5149693884252
2023-12-03 09:00:00,50.6158902628002
2023-12-03 10:00:00,50.6158763923219
2023-12-03 11:00:00,50.615875920716
2023-12-03 12:00:00,50.6158762777721
2023-12-03 13:00:00,50.6158848679201
2023-12-03 14:00:00,54.0358039919247
2023-12-03 15:00:00,67.4971131903728
2023-12-03 16:00:00,67.4972324360748
2023-12-03 17:00:00,68.9880858799284
2023-12-03 18:00:00,67.4973974097963
2023-12-03 19:00:00,67.4972957370251
2023-12-03 20:00:00,67.4971336221064
2023-12-03 21:00:00,65.1447179941266
2023-12-03 22:00:00,65.1446666003298
2023-12-03 23:00:00,63.0485177166509
2023-12-04 00:00:00,63.9531427466106
2023-12-04 01:00:00,62.421710646437
2023-12-04 02:00:00,62.4214783182882
2023-12-04 03:00:00,62.4214344317182
2023-12-04 04:00:00,62.6636158448389
2023-12-04 05:00:00,63.9531526444601
2023-12-04 06:00:00,63.9533525808238
2023-12-04 07:00:00,64.2109417796869
2023-12-04 08:00:00,57.3807844333747
2023-12-04 09:00:00,54.9274733642235
2023-12-04 10:00:00,54.9274435614362
2023-12-04 11:00:00,54.9274399687492
2023-12-04 12:00:00,54.9274402630344
2023-12-04 13:00:00,54.9274456841248
2023-12-04 14:00:00,54.9274625136426
2023-12-04 15:00:00,54.9279362301237
2023-12-04 16:00:00,64.7796899897503
2023-12-04 17:00:00,67.4972028375191
2023-12-04 18:00:00,67.4972071166378
2023-12-04 19:00:00,67.4972080051279
2023-12-04 20:00:00,67.4972069538181
2023-12-04 21:00:00,67.4972017643904
2023-12-04 22:00:00,67.4971804779544
2023-12-04 23:00:00,67.4971234659953
2023-12-05 00:00:00,67.1638127954575
2023-12-05 01:00:00,64.7804132817436
2023-12-05 02:00:00,64.780410292347
2023-12-05 03:00:00,64.7803436017322
2023-12-05 04:00:00,66.0800313259994
2023-12-05 05:00:00,67.4971974797519
2023-12-05 06:00:00,67.4972125311695
2023-12-05 07:00:00,67.4972147614739
2023-12-05 08:00:00,65.1444141506185
2023-12-05 09:00:00,58.2795421526962
2023-12-05 10:00:00,58.2794669084984
2023-12-05 11:00:00,58.2794651445327
2023-12-05 12:00:00,58.2794730276954
2023-12-05 13:00:00,59.3602585848483
2023-12-05 14:00:00,67.4971679411699
2023-12-05 15:00:00,67.8961942901487
2023-12-05 16:00:00,72.8609203704876
2023-12-05 17:00:00,74.4231606519913
2023-12-05 18:00:00,74.3020360744282
2023-12-05 19:00:00,74.3001283762669
2023-12-05 20:00:00,74.3001001411465
2023-12-05 21:00:00,74.3000321656943
2023-12-05 22:00:00,74.2998863541131
2023-12-05 23:00:00,68.2621332972313
2023-12-06 00:00:00,68.2606181790981
2023-12-06 01:00:00,68.2604979244964
2023-12-06 02:00:00,68.2604668531898
2023-12-06 03:00:00,68.2604458983279
2023-12-06 04:00:00,68.2810911209016
2023-12-06 05:00:00,70.1170179966033
2023-12-06 06:00:00,71.6210867347611
2023-12-06 07:00:00,71.9642847658743
2023-12-06 08:00:00,67.4971954830908
2023-12-06 09:00:00,60.8058110523128
2023-12-06 10:00:00,60.8058056481665
2023-12-06 11:00:00,60.8058070145594
2023-12-06 12:00:00,60.8058119694778
2023-12-06 13:00:00,60.8058274744489
2023-12-06 14:00:00,60.806656021886
2023-12-06 15:00:00,67.1638598217042
2023-12-06 16:00:00,67.4972228378309
2023-12-06 17:00:00,67.4972427220648
2023-12-06 18:00:00,67.4972312940834
2023-12-06 19:00:00,67.4972313874135
2023-12-06 20:00:00,67.4972260646679
2023-12-06 21:00:00,67.4972280488176
2023-12-06 22:00:00,67.4972222837666
2023-12-06 23:00:00,67.4972027691119
2023-12-07 00:00:00,67.4971932110677
2023-12-07 01:00:00,67.4971156821242
2023-12-07 02:00:00,66.3572795741762
2023-12-07 03:00:00,66.3571003272782
2023-12-07 04:00:00,66.3570727799556
2023-12-07 05:00:00,66.35707477247
2023-12-07 06:00:00,66.3570824496208
2023-12-07 07:00:00,50.6307878499489
2023-12-07 08:00:00,50.6158230271029
2023-12-07 09:00:00,50.6149643110078
2023-12-07 10:00:00,50.6148821193557
2023-12-07 11:00:00,50.6148005659496
2023-12-07 12:00:00,50.6138970089241
2023-12-07 13:00:00,43.4768245367072
2023-12-07 14:00:00,45.1409848947955
2023-12-07 15:00:00,50.6158395423117
2023-12-07 16:00:00,57.9410400051514
2023-12-07 17:00:00,57.4124418572549
2023-12-07 18:00:00,57.4124400816995
2023-12-07 19:00:00,57.4124046120026
2023-12-07 20:00:00,57.412472537087
2023-12-07 21:00:00,55.0974452613436
2023-12-07 22:00:00,57.4260876089057
2023-12-07 23:00:00,56.0286391257107
2023-12-08 00:00:00,56.5727495841535
2023-12-08 01:00:00,56.0404246590193
2023-12-08 02:00:00,54.2775498276285
2023-12-08 03:00:00,50.8085610055075
2023-12-08 04:00:00,50.6158950857388
2023-12-08 05:00:00,50.6158835053024
2023-12-08 06:00:00,52.7438375792028
2023-12-08 07:00:00,50.6153984988109
2023-12-08 08:00:00,41.6683637017792
2023-12-08 09:00:00,33.7300745504615
2023-12-08 10:00:00,33.7300681614921
2023-12-08 11:00:00,33.7300683800154
2023-12-08 12:00:00,33.7300733158202
2023-12-08 13:00:00,33.7300851652326
2023-12-08 14:00:00,33.7301384781707
2023-12-08 15:00:00,50.6156232287607
2023-12-08 16:00:00,60.0971263411556
2023-12-08 17:00:00,62.9939584909116
2023-12-08 18:00:00,62.9937799334267
2023-12-08 19:00:00,62.9937578194764
2023-12-08 20:00:00,62.9938099123125
2023-12-08 21:00:00,62.9937059358455
2023-12-08 22:00:00,59.5627055343264
2023-12-08 23:00:00,58.1377555593438
2023-12-09 00:00:00,58.0490814715134
2023-12-09 01:00:00,54.7952298131447
2023-12-09 02:00:00,54.7930551248315
2023-12-09 03:00:00,53.8457962524121
2023-12-09 04:00:00,53.8457422814488
2023-12-09 05:00:00,57.2060085386174
2023-12-09 06:00:00,58.2378055027823
2023-12-09 07:00:00,50.6157265141645
2023-12-09 08:00:00,44.7736403779169
2023-12-09 09:00:00,36.245678359055
2023-12-09 10:00:00,36.2456921306926
2023-12-09 11:00:00,36.2455150671161
2023-12-09 12:00:00,36.2454586157474
2023-12-09 13:00:00,36.2454744627706
2023-12-09 14:00:00,36.2456435040285
2023-12-09 15:00:00,36.246182879794
2023-12-09 16:00:00,54.6515665303697
2023-12-09 17:00:00,67.4971747982116
2023-12-09 18:00:00,67.4971893205715
2023-12-09 19:00:00,67.497195616639
2023-12-09 20:00:00,67.4971948217997
2023-12-09 21:00:00,67.49718457802
2023-12-09 22:00:00,67.497159004306
2023-12-09 23:00:00,67.4968403288485
2023-12-10 00:00:00,67.1637032471509
2023-12-10 01:00:00,54.6526070170418
2023-12-10 02:00:00,54.652499929855
2023-12-10 03:00:00,54.6524593802305
2023-12-10 04:00:00,54.6525169823023
2023-12-10 05:00:00,56.9490450508842
2023-12-10 06:00:00,67.497103411434
2023-12-10 07:00:00,50.6158716965166
2023-12-10 08:00:00,44.7751101806297
2023-12-10 09:00:00,36.247908775443
2023-12-10 10:00:00,36.2478151285177
2023-12-10 11:00:00,36.24764444012
2023-12-10 12:00:00,36.2475076320408
2023-12-10 13:00:00,36.2476708146932
2023-12-10 14:00:00,36.2477834680361
2023-12-10 15:00:00,50.6158566620325
2023-12-10 16:00:00,67.4969816437053
2023-12-10 17:00:00,67.4972034183947
2023-12-10 18:00:00,67.4972045561795
2023-12-10 19:00:00,67.497203869187
2023-12-10 20:00:00,67.4972010857913
2023-12-10 21:00:00,67.4971871466174
2023-12-10 22:00:00,67.4971171626181
2023-12-10 23:00:00,67.163863592362
2023-12-11 00:00:00,54.6516100404621
2023-12-11 01:00:00,54.6514852373066
2023-12-11 02:00:00,54.6514805978844
2023-12-11 03:00:00,54.6514821819396
2023-12-11 04:00:00,54.6514942706574
2023-12-11 05:00:00,65.1445816799643
2023-12-11 06:00:00,67.496501360881
2023-12-11 07:00:00,65.1457363182332
2023-12-11 08:00:00,65.144530942806
2023-12-11 09:00:00,56.2345529260463
2023-12-11 10:00:00,52.7467209284985
2023-12-11 11:00:00,52.7467191329072
2023-12-11 12:00:00,52.746721732452
2023-12-11 13:00:00,52.7467306750831
2023-12-11 14:00:00,60.1730393193432
2023-12-11 15:00:00,67.4971961222853
2023-12-11 16:00:00,67.4972997035778
2023-12-11 17:00:00,69.3582752885368
2023-12-11 18:00:00,68.9277358126948
2023-12-11 19:00:00,68.5520915544657
2023-12-11 20:00:00,68.5515298290309
2023-12-11 21:00:00,68.0664310528964
2023-12-11 22:00:00,67.4972494586144
2023-12-11 23:00:00,67.4972229017172
2023-12-12 00:00:00,67.4972142780267
2023-12-12 01:00:00,67.4972104759882
2023-12-12 02:00:00,67.4972092995683
2023-12-12 03:00:00,67.4972090770581
2023-12-12 04:00:00,67.4972096104631
2023-12-12 05:00:00,67.4972143867327
2023-12-12 06:00:00,67.4972348275866
2023-12-12 07:00:00,67.4972254252195
2023-12-12 08:00:00,67.058872146731
2023-12-12 09:00:00,59.6945373103473
2023-12-12 10:00:00,59.6944998607639
2023-12-12 11:00:00,59.6944946221184
2023-12-12 12:00:00,59.694493702307
2023-12-12 13:00:00,59.6944986494926
2023-12-12 14:00:00,59.6945241685317
2023-12-12 15:00:00,62.3608007931931
2023-12-12 16:00:00,67.4972055138527
2023-12-12 17:00:00,67.4972223621221
2023-12-12 18:00:00,67.4972241500295
2023-12-12 19:00:00,67.4972207472005
2023-12-12 20:00:00,67.4972060296045
2023-12-12 21:00:00,67.4972014833755
2023-12-12 22:00:00,67.4971913914878
2023-12-12 23:00:00,66.0357387590722
2023-12-13 00:00:00,65.1447520553681
2023-12-13 01:00:00,65.1447260867785
2023-12-13 02:00:00,65.1447124686151
2023-12-13 03:00:00,65.1447128881811
2023-12-13 04:00:00,65.1447175322686
2023-12-13 05:00:00,65.1447370824202
2023-12-13 06:00:00,65.1464927879431
2023-12-13 07:00:00,67.4971406088406
2023-12-13 08:00:00,65.144666335397
2023-12-13 09:00:00,58.8417121944666
2023-12-13 10:00:00,58.8416727153187
2023-12-13 11:00:00,58.8416647664258
2023-12-13 12:00:00,58.841665829196
2023-12-13 13:00:00,58.8416725477881
2023-12-13 14:00:00,58.8416977360145
2023-12-13 15:00:00,58.8419574452921
2023-12-13 16:00:00,67.4968390186399
2023-12-13 17:00:00,67.4972095305034
2023-12-13 18:00:00,67.4972003544989
2023-12-13 19:00:00,67.4971469307505
2023-12-13 20:00:00,67.163851407493
2023-12-13 21:00:00,66.8068867691723
2023-12-13 22:00:00,67.494184409432
2023-12-13 23:00:00,67.0452245399721
2023-12-14 00:00:00,65.8259393775331
2023-12-14 01:00:00,65.8253688365877
2023-12-14 02:00:00,65.825353425028
2023-12-14 03:00:00,65.8253450815332
2023-12-14 04:00:00,65.8253548769213
2023-12-14 05:00:00,65.8254400368626
2023-12-14 06:00:00,67.4971671706771
2023-12-14 07:00:00,65.1823048584681
2023-12-14 08:00:00,50.6168331467437
2023-12-14 09:00:00,32.2269593414971
2023-12-14 10:00:00,32.226793764379
2023-12-14 11:00:00,32.2267850021348
2023-12-14 12:00:00,32.226785199812
2023-12-14 13:00:00,32.2267921797612
2023-12-14 14:00:00,32.2268432326938
2023-12-14 15:00:00,50.616220051394
2023-12-14 16:00:00,67.4972004902286
2023-12-14 17:00:00,67.497275314248
2023-12-14 18:00:00,67.4972382460917
2023-12-14 19:00:00,67.4972389655387
2023-12-14 20:00:00,67.4972378785706
2023-12-14 21:00:00,67.4972344786566
2023-12-14 22:00:00,67.4972340151854
2023-12-14 23:00:00,67.497213023568
2023-12-15 00:00:00,67.4972066326099
2023-12-15 01:00:00,67.4972024561738
2023-12-15 02:00:00,67.4971995357701
2023-12-15 03:00:00,67.4971934159018
2023-12-15 04:00:00,67.4971546377852
2023-12-15 05:00:00,67.4971836479477
2023-12-15 06:00:00,67.4971936052788
2023-12-15 07:00:00,58.6352342150882
2023-12-15 08:00:00,46.0881780097359
2023-12-15 09:00:00,32.227303054233
2023-12-15 10:00:00,32.2269463025462
2023-12-15 11:00:00,32.2269381670896
2023-12-15 12:00:00,32.2269383784099
2023-12-15 13:00:00,32.2269472308447
2023-12-15 14:00:00,32.2270844091116
2023-12-15 15:00:00,51.1971813681751
2023-12-15 16:00:00,66.3570668335854
2023-12-15 17:00:00,67.4949939960609
2023-12-15 18:00:00,67.4958830246005
2023-12-15 19:00:00,67.4959863976988
2023-12-15 20:00:00,67.4966096923912
2023-12-15 21:00:00,67.4960442276973
2023-12-15 22:00:00,67.4678432953483
2023-12-15 23:00:00,65.1447776237628
2023-12-16 00:00:00,64.9997928601172
2023-12-16 01:00:00,62.6788844053182
2023-12-16 02:00:00,62.6450407611378
2023-12-16 03:00:00,62.4453858853486
2023-12-16 04:00:00,62.6873423161138
2023-12-16 05:00:00,66.0796054602963
2023-12-16 06:00:00,67.4970739580018
2023-12-16 07:00:00,50.6158817247571
2023-12-16 08:00:00,39.810246165935
2023-12-16 09:00:00,32.2251013973508
2023-12-16 10:00:00,32.2250197138361
2023-12-16 11:00:00,32.2250187139737
2023-12-16 12:00:00,32.2250192887923
2023-12-16 13:00:00,32.225025450001
2023-12-16 14:00:00,32.2250559201103
2023-12-16 15:00:00,36.8868447080096
2023-12-16 16:00:00,67.1637781046217
2023-12-16 17:00:00,67.4972137047123
2023-12-16 18:00:00,67.4972148059188
2023-12-16 19:00:00,67.4972160651134
2023-12-16 20:00:00,67.4972128457525
2023-12-16 21:00:00,67.4972090084511
2023-12-16 22:00:00,67.4972037058229
2023-12-16 23:00:00,67.497195271443
2023-12-17 00:00:00,67.4971673173289
2023-12-17 01:00:00,67.4971106024834
2023-12-17 02:00:00,67.4969963788473
2023-12-17 03:00:00,67.4933296136975
2023-12-17 04:00:00,67.4971719137897
2023-12-17 05:00:00,67.4972203289597
2023-12-17 06:00:00,67.4972255353182
2023-12-17 07:00:00,50.6158968563245
2023-12-17 08:00:00,39.8113485147016
2023-12-17 09:00:00,32.2268598312636
2023-12-17 10:00:00,32.2264251103604
2023-12-17 11:00:00,32.226016805069
2023-12-17 12:00:00,32.2263079434399
2023-12-17 13:00:00,32.2266766654792
2023-12-17 14:00:00,32.2268476002318
2023-12-17 15:00:00,37.256012690155
2023-12-17 16:00:00,67.4971642413995
2023-12-17 17:00:00,67.4972324924421
2023-12-17 18:00:00,67.4972319041484
2023-12-17 19:00:00,67.4972315117598
2023-12-17 20:00:00,67.4972287145558
2023-12-17 21:00:00,67.4972180186764
2023-12-17 22:00:00,67.4972088972219
2023-12-17 23:00:00,67.4972027970464
2023-12-18 00:00:00,67.4971906296712
2023-12-18 01:00:00,67.4971761624148
2023-12-18 02:00:00,67.4971610149296
2023-12-18 03:00:00,67.4971283082147
2023-12-18 04:00:00,67.4972146401703
2023-12-18 05:00:00,67.4972311558771
2023-12-18 06:00:00,67.4972316360346
2023-12-18 07:00:00,67.4966594220665
2023-12-18 08:00:00,48.1867824775026
2023-12-18 09:00:00,32.2270809464375
2023-12-18 10:00:00,32.2268808097336
2023-12-18 11:00:00,32.2268022415462
2023-12-18 12:00:00,32.2267025366424
2023-12-18 13:00:00,32.2268218817898
2023-12-18 14:00:00,32.2269343979056
2023-12-18 15:00:00,34.6573826706697
2023-12-18 16:00:00,67.4972092156317
2023-12-18 17:00:00,67.4972334310828
2023-12-18 18:00:00,67.4972331409366
2023-12-18 19:00:00,67.4972324673334
2023-12-18 20:00:00,67.4972313143857
2023-12-18 21:00:00,67.4972239654162
2023-12-18 22:00:00,67.4972168667712
2023-12-18 23:00:00,67.4972113371257
2023-12-19 00:00:00,67.4972060579849
2023-12-19 01:00:00,67.4972021682689
2023-12-19 02:00:00,67.4972000304224
2023-12-19 03:00:00,67.4971974816634
2023-12-19 04:00:00,67.4972134059594
2023-12-19 05:00:00,67.4972326633382
2023-12-19 06:00:00,67.4972334721086
2023-12-19 07:00:00,67.1639246477803
2023-12-19 08:00:00,48.1864142124695
2023-12-19 09:00:00,32.2272225253458
2023-12-19 10:00:00,32.2269602694547
2023-12-19 11:00:00,32.2269329952313
2023-12-19 12:00:00,32.2269330018314
2023-12-19 13:00:00,32.2269603621466
2023-12-19 14:00:00,32.2270157300539
2023-12-19 15:00:00,33.6720482671894
2023-12-19 16:00:00,67.4968936379013
2023-12-19 17:00:00,67.4972182346094
2023-12-19 18:00:00,67.4972172787821
2023-12-19 19:00:00,67.4972152653909
2023-12-19 20:00:00,67.4972098894476
2023-12-19 21:00:00,67.4972004708597
2023-12-19 22:00:00,67.4971758188862
2023-12-19 23:00:00,67.4969584874013
2023-12-20 00:00:00,67.1637377528527
2023-12-20 01:00:00,54.6515733252027
2023-12-20 02:00:00,54.6515000699678
2023-12-20 03:00:00,54.6514906540993
2023-12-20 04:00:00,54.6514873683588
2023-12-20 05:00:00,54.652297796634
2023-12-20 06:00:00,54.6524242533619
2023-12-20 07:00:00,40.7544625874382
2023-12-20 08:00:00,33.1515433308342
2023-12-20 09:00:00,32.2267025689581
2023-12-20 10:00:00,26.8317083934862
2023-12-20 11:00:00,26.8314941757845
2023-12-20 12:00:00,26.8314259293463
2023-12-20 13:00:00,26.8314328324552
2023-12-20 14:00:00,26.8315079913753
2023-12-20 15:00:00,32.2252701244618
2023-12-20 16:00:00,50.6158228495824
2023-12-20 17:00:00,50.6159420571325
2023-12-20 18:00:00,50.6159853017983
2023-12-20 19:00:00,50.6160262990167
2023-12-20 20:00:00,50.6160362923951
2023-12-20 21:00:00,50.6159899902524
2023-12-20 22:00:00,50.6160342176766
2023-12-20 23:00:00,50.6159071217907
2023-12-21 00:00:00,50.6158864530085
2023-12-21 01:00:00,50.6158766570421
2023-12-21 02:00:00,50.6158738768234
2023-12-21 03:00:00,50.6158711187154
2023-12-21 04:00:00,50.615866983656
2023-12-21 05:00:00,50.6158748292324
2023-12-21 06:00:00,50.6159233891408
2023-12-21 07:00:00,39.0061977292013
2023-12-21 08:00:00,32.226880509798
2023-12-21 09:00:00,17.7397640982441
2023-12-21 10:00:00,17.7396820539974
2023-12-21 11:00:00,17.7394582935651
2023-12-21 12:00:00,17.7383235845835
2023-12-21 13:00:00,17.7393836385983
2023-12-21 14:00:00,17.739720278739
2023-12-21 15:00:00,31.5482163189231
2023-12-21 16:00:00,50.6158521044725
2023-12-21 17:00:00,62.5139534429647
2023-12-21 18:00:00,62.5139580772459
2023-12-21 19:00:00,62.5139587987907
2023-12-21 20:00:00,62.5139574544656
2023-12-21 21:00:00,62.5139451284894
2023-12-21 22:00:00,62.5138792256882
2023-12-21 23:00:00,50.6161666583375
2023-12-22 00:00:00,50.6159300980194
2023-12-22 01:00:00,50.6159055722655
2023-12-22 02:00:00,50.6159002357013
2023-12-22 03:00:00,50.6158987385402
2023-12-22 04:00:00,50.6158986246802
2023-12-22 05:00:00,50.6159005420433
2023-12-22 06:00:00,50.6159099976387
2023-12-22 07:00:00,39.0052849964581
2023-12-22 08:00:00,28.4093747452759
2023-12-22 09:00:00,16.9733414835017
2023-12-22 10:00:00,16.9732614412175
2023-12-22 11:00:00,16.973237777574
2023-12-22 12:00:00,16.9732204722042
2023-12-22 13:00:00,16.9732532029087
2023-12-22 14:00:00,16.9733231995443
2023-12-22 15:00:00,22.6223597525525
2023-12-22 16:00:00,50.6158721075842
2023-12-22 17:00:00,67.1647658187943
2023-12-22 18:00:00,67.1648097390346
2023-12-22 19:00:00,67.1648290099888
2023-12-22 20:00:00,67.1648432847032
2023-12-22 21:00:00,67.1648430655
2023-12-22 22:00:00,67.1648254647243
2023-12-22 23:00:00,67.1639042358366
2023-12-23 00:00:00,54.3832144368562
2023-12-23 01:00:00,54.3831266004536
2023-12-23 02:00:00,54.382873193364
2023-12-23 03:00:00,54.3824616841253
2023-12-23 04:00:00,54.3834513981817
2023-12-23 05:00:00,65.7544339685676
2023-12-23 06:00:00,67.1648902031826
2023-12-23 07:00:00,50.6158571985217
2023-12-23 08:00:00,39.6922414980909
2023-12-23 09:00:00,32.2267589868938
2023-12-23 10:00:00,32.1247644783152
2023-12-23 11:00:00,32.1247469714695
2023-12-23 12:00:00,32.1247402158467
2023-12-23 13:00:00,32.1247630619633
2023-12-23 14:00:00,32.1248656412133
2023-12-23 15:00:00,32.2269338958664
2023-12-23 16:00:00,54.6513634010339
2023-12-23 17:00:00,67.4972067098025
2023-12-23 18:00:00,67.4972138692528
2023-12-23 19:00:00,67.4972150023356
2023-12-23 20:00:00,67.4972144934713
2023-12-23 21:00:00,67.4972088339017
2023-12-23 22:00:00,67.4972036262852
2023-12-23 23:00:00,67.4971933147681
2023-12-24 00:00:00,67.4971520302504
2023-12-24 01:00:00,67.4969732456456
2023-12-24 02:00:00,67.164434910367
2023-12-24 03:00:00,67.1638240249248
2023-12-24 04:00:00,67.4971214522578
2023-12-24 05:00:00,67.4972177083987
2023-12-24 06:00:00,67.4972197193322
2023-12-24 07:00:00,50.6159188254837
2023-12-24 08:00:00,39.8067073778256
2023-12-24 09:00:00,30.1924392453844
2023-12-24 10:00:00,28.0710736903825
2023-12-24 11:00:00,28.0710579567814
2023-12-24 12:00:00,28.0710527624072
2023-12-24 13:00:00,28.0710649799899
2023-12-24 14:00:00,28.0711045915974
2023-12-24 15:00:00,32.2269930730446
2023-12-24 16:00:00,64.6884595517826
2023-12-24 17:00:00,67.4972127479926
2023-12-24 18:00:00,67.4972261721972
2023-12-24 19:00:00,67.4972240067362
2023-12-24 20:00:00,67.4972128043048
2023-12-24 21:00:00,67.4972016835019
2023-12-24 22:00:00,67.4971931449526
2023-12-24 23:00:00,67.4971892475753
2023-12-25 00:00:00,67.4971722711612
2023-12-25 01:00:00,67.4970183817881
2023-12-25 02:00:00,67.1638319721911
2023-12-25 03:00:00,64.7788471506553
2023-12-25 04:00:00,67.4971633474214
2023-12-25 05:00:00,67.4972225063113
2023-12-25 06:00:00,67.4972200637273
2023-12-25 07:00:00,50.615946534221
2023-12-25 08:00:00,39.8119608132521
2023-12-25 09:00:00,32.2274253076281
2023-12-25 10:00:00,32.2272946760976
2023-12-25 11:00:00,32.2272861871696
2023-12-25 12:00:00,32.2272826610952
2023-12-25 13:00:00,32.227284215969
2023-12-25 14:00:00,32.2273005954662
2023-12-25 15:00:00,32.3130171487329
2023-12-25 16:00:00,54.6514443482772
2023-12-25 17:00:00,67.4972005981806
2023-12-25 18:00:00,67.4972215529766
2023-12-25 19:00:00,67.497222917074
2023-12-25 20:00:00,67.4972159802226
2023-12-25 21:00:00,67.4972053098128
2023-12-25 22:00:00,67.4971942670657
2023-12-25 23:00:00,67.4971744426251
2023-12-26 00:00:00,67.497013664338
2023-12-26 01:00:00,67.1638608041964
2023-12-26 02:00:00,64.7791603160922
2023-12-26 03:00:00,64.7790646624742
2023-12-26 04:00:00,67.4971904453687
2023-12-26 05:00:00,67.4972316022956
2023-12-26 06:00:00,67.4972326484842
2023-12-26 07:00:00,50.6159558688964
2023-12-26 08:00:00,48.1864787930315
2023-12-26 09:00:00,39.0079637372365
2023-12-26 10:00:00,39.0078327821223
2023-12-26 11:00:00,39.0078200265963
2023-12-26 12:00:00,39.0078154851904
2023-12-26 13:00:00,39.0078200170428
2023-12-26 14:00:00,39.0078756791496
2023-12-26 15:00:00,42.6944923888482
2023-12-26 16:00:00,66.0798350034177
2023-12-26 17:00:00,67.4972334334435
2023-12-26 18:00:00,67.497234257682
2023-12-26 19:00:00,67.4972328190047
2023-12-26 20:00:00,67.4972252971212
2023-12-26 21:00:00,67.4972099728657
2023-12-26 22:00:00,67.4971955995757
2023-12-26 23:00:00,67.497167946483
2023-12-27 00:00:00,67.4960164602682
2023-12-27 01:00:00,64.7805812186743
2023-12-27 02:00:00,64.7795879495754
2023-12-27 03:00:00,55.8598393426749
2023-12-27 04:00:00,67.4970976748962
2023-12-27 05:00:00,67.4972200517236
2023-12-27 06:00:00,67.4972227398126
2023-12-27 07:00:00,50.6159191257544
2023-12-27 08:00:00,48.1869008192303
2023-12-27 09:00:00,39.0054238538366
2023-12-27 10:00:00,39.0053543357475
2023-12-27 11:00:00,39.0053337164716
2023-12-27 12:00:00,39.0053280340738
2023-12-27 13:00:00,39.0053328434017
2023-12-27 14:00:00,39.0054068277815
2023-12-27 15:00:00,40.754535249726
2023-12-27 16:00:00,55.8264686197788
2023-12-27 17:00:00,67.4972124570737
2023-12-27 18:00:00,67.4972261968533
2023-12-27 19:00:00,67.4972246146936
2023-12-27 20:00:00,67.4972165849296
2023-12-27 21:00:00,67.4972058932023
2023-12-27 22:00:00,67.4971917730939
2023-12-27 23:00:00,67.4971701473343
2023-12-28 00:00:00,67.4970361770258
2023-12-28 01:00:00,67.1638442984873
2023-12-28 02:00:00,64.7788565532097
2023-12-28 03:00:00,64.7786762126217
2023-12-28 04:00:00,66.0799368500255
2023-12-28 05:00:00,67.4971665380273
2023-12-28 06:00:00,67.4971683468231
2023-12-28 07:00:00,50.6158904213854
2023-12-28 08:00:00,39.8103933592669
2023-12-28 09:00:00,32.227343870978
2023-12-28 10:00:00,32.2272824432685
2023-12-28 11:00:00,32.2272735969505
2023-12-28 12:00:00,32.2272827840376
2023-12-28 13:00:00,32.2273041427318
2023-12-28 14:00:00,32.2273506662934
2023-12-28 15:00:00,33.670251614837
2023-12-28 16:00:00,54.6838645722675
2023-12-28 17:00:00,67.4972050770054
2023-12-28 18:00:00,67.4972105603227
2023-12-28 19:00:00,67.4972131176037
2023-12-28 20:00:00,67.497209739245
2023-12-28 21:00:00,67.4972075412286
2023-12-28 22:00:00,67.4972034425027
2023-12-28 23:00:00,67.4971937051278
2023-12-29 00:00:00,67.4971726669783
2023-12-29 01:00:00,67.4971319481755
2023-12-29 02:00:00,67.4970255756883
2023-12-29 03:00:00,67.4960235133032
2023-12-29 04:00:00,67.1638343283999
2023-12-29 05:00:00,67.1638099511208
2023-12-29 06:00:00,67.1639147438022
2023-12-29 07:00:00,62.5148688749069
2023-12-29 08:00:00,50.6158984361438
2023-12-29 09:00:00,50.6158250747116
2023-12-29 10:00:00,50.6158180692067
2023-12-29 11:00:00,50.6158158617755
2023-12-29 12:00:00,50.6158196293574
2023-12-29 13:00:00,50.6158330543585
2023-12-29 14:00:00,50.6158627269568
2023-12-29 15:00:00,50.615895173281
2023-12-29 16:00:00,67.1638804141592
2023-12-29 17:00:00,67.4972060303901
2023-12-29 18:00:00,67.4972109361918
2023-12-29 19:00:00,67.4972130419535
2023-12-29 20:00:00,67.4972145366022
2023-12-29 21:00:00,67.4972134214829
2023-12-29 22:00:00,67.4972094420988
2023-12-29 23:00:00,67.4972000341415
2023-12-30 00:00:00,67.4971771357923
2023-12-30 01:00:00,67.4971229322201
2023-12-30 02:00:00,67.4969148698833
2023-12-30 03:00:00,67.164150995211
2023-12-30 04:00:00,67.1638419555855
2023-12-30 05:00:00,67.4952580801671
2023-12-30 06:00:00,67.497129522312
2023-12-30 07:00:00,50.6158725029766
2023-12-30 08:00:00,39.8117084032804
2023-12-30 09:00:00,32.2272103910817
2023-12-30 10:00:00,32.2271325014227
2023-12-30 11:00:00,32.2271280779599
2023-12-30 12:00:00,32.2271331986153
2023-12-30 13:00:00,32.2271474681477
2023-12-30 14:00:00,32.2271993658807
2023-12-30 15:00:00,32.2274587983659
2023-12-30 16:00:00,50.6158802192998
2023-12-30 17:00:00,62.5137155086583
2023-12-30 18:00:00,62.5137202829306
2023-12-30 19:00:00,62.513717535827
2023-12-30 20:00:00,62.5136992922485
2023-12-30 21:00:00,62.5135530529221
2023-12-30 22:00:00,50.6159284857014
2023-12-30 23:00:00,50.6158883254737
2023-12-31 00:00:00,50.6158796978297
2023-12-31 01:00:00,50.6158722706066
2023-12-31 02:00:00,50.6158632760689
2023-12-31 03:00:00,50.6158574248225
2023-12-31 04:00:00,50.6158548296782
2023-12-31 05:00:00,50.6158635843631
2023-12-31 06:00:00,50.6158725215261
2023-12-31 07:00:00,48.1864565434374
2023-12-31 08:00:00,39.8112105408948
2023-12-31 09:00:00,32.2269972746168
2023-12-31 10:00:00,32.2269101515926
2023-12-31 11:00:00,32.2268961827356
2023-12-31 12:00:00,32.2269010723843
2023-12-31 13:00:00,32.2269207283091
2023-12-31 14:00:00,32.2269861452924
2023-12-31 15:00:00,33.2929886327428
2023-12-31 16:00:00,50.6158912844734
2023-12-31 17:00:00,62.5149803865232
2023-12-31 18:00:00,62.5149902836479
2023-12-31 19:00:00,62.5149911447399
2023-12-31 20:00:00,62.514988788214
2023-12-31 21:00:00,62.5149841527997
2023-12-31 22:00:00,62.5149806859474
2023-12-31 23:00:00,62.5149721617397
